fase	cartella	nome	sha256	byte
S0	01_input_validation	crosswalk.tsv	81279506f779ffbabcf8e8ff885b4e7695aa561f1beafa40d0688ec3ca9e44e9	131961
S0	01_input_validation	gates.json	408bd8339ae4c420976a1256f36043c9ef1646346f32f19b5fd993ee361b28ba	2967
S0	01_input_validation	inventario.json	62600bab6ac2e9912e9790bd75c6c68f000cb445328bb57f5c9fb48263978b82	676
S0	01_input_validation	letture_ispezionate.tsv	21352d4f8e77bf375292c79250c9602f9f20ddc1a55f525e5389ad5745418773	87867
S1	02_qc_profiles	letture_grezze.tsv	a9a3df71ca70da71618004c37d6dec34ea62a1fcc714a53533c34af53c22872f	23730
S1	02_qc_profiles	lunghezze.tsv	15d5c46d0f26b6cd41be7152dc4dc21c7ad039fb6172ef3c8440a2cb6cefce26	98789
S1	02_qc_profiles	qualita.tsv	4a61416618f3d81336bf49aa3bab10fd95453964c2f78452044b9d547bbfcadd	6230362
S1	02_qc_profiles	riepilogo.json	db29bcee0fe818147583c34e5da33cc31697e33c7ec8df6f4a4a37e621b1bc5f	128807
S2	03_filtered	ERX12083091_filt.fastq.gz	8a993bc8adce34dd8d4176248fcf18f504c7d60a49f9dc32adbff8f478724a19	269419
S2	03_filtered	ERX12083092_filt.fastq.gz	69b64d0e0fce41f1213d82c0a0f1319b8bb69272306bacd223b4aaff37309e46	109482
S2	03_filtered	ERX12083093_filt.fastq.gz	878a37ac77a283ce8c98f6a40f934b6d282601e3f3837ae4657dd7f6f73c1f7d	2126719
S2	03_filtered	ERX12083094_filt.fastq.gz	1c93b20f84901b1aa3d71db456817e9470c6343446500172aac326d791e9665f	2714543
S2	03_filtered	ERX12083095_filt.fastq.gz	ab0606344e6e7af896baed7e8057d297d26cd0af51f299deb3585df2445a462a	776202
S2	03_filtered	ERX12083096_filt.fastq.gz	51ec801e42a9610f19a6a1badfddd4a057b730a2b8da051ae12e14f49a00c599	97544
S2	03_filtered	ERX12083097_filt.fastq.gz	50be15ec766b1b5dca6c6d8c028b03b37e033182e4308414c3cc47ef44a1097e	683509
S2	03_filtered	ERX12083098_filt.fastq.gz	e8892ff1c64a62a7806796dc74b4db91722ebc37988ada1ce9c92e906921ebe9	2990520
S2	03_filtered	ERX12083099_filt.fastq.gz	194cf86623199d4b56e15bd687dfaabf5dad6e8c93f27dea2809c22fc9fb07f1	4326670
S2	03_filtered	ERX12083100_filt.fastq.gz	4d833728aa173bb5d2188c2c2ad05370efb14ff5931475964273b04a7b0ff1a9	2756422
S2	03_filtered	ERX12083101_filt.fastq.gz	24d17db9c5ff9543bd921ba24dc11c3fa15632cb1ae58169534370d3069edad7	5744467
S2	03_filtered	ERX12083102_filt.fastq.gz	2ed3b7195be2c2eddd820f79c3797acc82bfad28359ebfa9af6b7b63e4e41a70	5797631
S2	03_filtered	ERX12083103_filt.fastq.gz	6f593fee7f71ffdf1857cceb348470d4cc5f45a3f52780ab12ab26ac64a3d9fa	3143498
S2	03_filtered	ERX12083104_filt.fastq.gz	5aeb294d0522d8506ad0e0abcd1030b5a0476fac5c69a2e435a6eaa229f77504	1797024
S2	03_filtered	ERX12083105_filt.fastq.gz	b2c4f2831e6645e66a90a0450303ca80f9b0e4402900b0b6c298798bd75e517c	2722349
S2	03_filtered	ERX12083106_filt.fastq.gz	ba49525d95435a1b51c9b131fc7b7b23951631730fd2fc77d64a5fbdc480a9e4	2389985
S2	03_filtered	ERX12083107_filt.fastq.gz	8d0022bd8073608cb0075924210f0de5c3331c29f5fb3a440bc484919e28188e	7166873
S2	03_filtered	ERX12083108_filt.fastq.gz	c128132367a94dc5478fb8539dd64690fd7c83e85c458c6ba10ad4d17ba1297c	2426580
S2	03_filtered	ERX12083109_filt.fastq.gz	9674f46c0fa999fae206d804c4816912e86517132f3ca56548eef078cc42344b	449649
S2	03_filtered	ERX12083110_filt.fastq.gz	0c206345994c03558b3306236b4a9d4821db83d207d18c5cd4ea175627073332	1500164
S2	03_filtered	ERX12083111_filt.fastq.gz	1be35bd9c9b1210645c63e2b55d74f2507534ba0cdbea547ed09e226288c7fdd	2043533
S2	03_filtered	ERX12083112_filt.fastq.gz	950c4ba16ea797fcd7f0371f961955b8f04ae24740717ae2734f84b6cf767e84	2611321
S2	03_filtered	ERX12083113_filt.fastq.gz	98f030b4b1b932caad932fddae8cd74e1f524168e06033e0567d15732403ce7b	4689566
S2	03_filtered	ERX12083114_filt.fastq.gz	81dec885b00f822a3e7aa340cfc375263a588e76844e3fc240a4d2df3abfb817	5116263
S2	03_filtered	ERX12083115_filt.fastq.gz	9f3fb5644fa027899dba7819d6f41eb2101f4c891e6f91341f214922e52905c6	1386870
S2	03_filtered	ERX12083116_filt.fastq.gz	b1522d363dc6c9fa66eab2765453ed3eb507ec1f170851fe6b0cd3d183e397b0	1258129
S2	03_filtered	ERX12083117_filt.fastq.gz	2d4fd9be4d53bc5566aea4759517d57286bffd6beabee1376ecf94018fca2be0	2202148
S2	03_filtered	ERX12083118_filt.fastq.gz	b149a176b08b4d3948e57456f19e83e92aa2b5eaead2a409debaeb197c06cf05	6437777
S2	03_filtered	ERX12083119_filt.fastq.gz	b4a2b233859544742dd25b283ef6510388c91a24e5eb873ec4027c8dcf2e0690	5565058
S2	03_filtered	ERX12083120_filt.fastq.gz	d6d1977afef26bf88027148273e3861bc4755f83c5ac6c9f2a7e49465d878008	589899
S2	03_filtered	ERX12083121_filt.fastq.gz	fb8ccbd19d493a5560fdefaa1c0142e80bb248cb7f9dbdc8ed3caa88512f4c0d	4266830
S2	03_filtered	ERX12083122_filt.fastq.gz	03f0c82eeefccf07cf830af5c6db4b0aa9ac1f1e28a5488098761c110e49427c	2411959
S2	03_filtered	ERX12083123_filt.fastq.gz	98ba4b2515c7a47b8c55a95821e10bae5696b0f6b4b11a6e44541b12bb0ffb22	363839
S2	03_filtered	ERX12083124_filt.fastq.gz	fb2db7f852bf901550f172c28240721caebaadedce251a5c5d0cce60f14acaac	1918535
S2	03_filtered	ERX12083125_filt.fastq.gz	7ae776a562ab5bf7493f151a4d5a3ac36ab847d5b55bb8537fff7da8063b48d6	2401642
S2	03_filtered	ERX12083126_filt.fastq.gz	f542a5a9b6805134c303110db6100744c97defa10117ffcd2dc04192acd2076d	2933626
S2	03_filtered	ERX12083127_filt.fastq.gz	20d73212adcd8463484437d2929d78a8e91fe9cae7ba8baec317bf5b8692ace1	653458
S2	03_filtered	ERX12083128_filt.fastq.gz	9df4edb10e2d707254d111440e019272400509c98fd4fd59446d55b3170d8403	3017689
S2	03_filtered	ERX12083129_filt.fastq.gz	cba4d2a4ba1a4d48f7a587d6ea72f74b301a434e25a4f257710e5aa089fc6bb5	185242
S2	03_filtered	ERX12083130_filt.fastq.gz	0622c619e3711f6977e3c9fe1869fa7227514f6d249bda27ad4d7d23dbeaaf98	4839855
S2	03_filtered	ERX12083131_filt.fastq.gz	7d39d48bc9356436b62a0c8497d5a28d95c2fee71e7ba7843b5bf859749297b7	2430995
S2	03_filtered	ERX12083132_filt.fastq.gz	3ebcb91d3cc04f2396ed9c06847463b5ea9e53dd47a28166d1316e166055db09	251127
S2	03_filtered	ERX12083133_filt.fastq.gz	7a08f56d0b035ab3d79c55d641b6729701c1b19f0c0e48bdfc95f6eec7d521a4	401609
S2	03_filtered	ERX12083134_filt.fastq.gz	2da19c7e0ed3606f0ecd8982552f7dd765c6b8b0475e8fc414851787d32d3cf9	618801
S2	03_filtered	ERX12083135_filt.fastq.gz	4aac6c587d39c69a35e77aaa37f97cbca1c6e9ccf866ea1ea9218739b57c2ae4	2414207
S2	03_filtered	ERX12083136_filt.fastq.gz	ec07f0a733ea3c0a00bcd48f146d9916fd9e126684ceb276c14cbd30196a809b	1347991
S2	03_filtered	ERX12083137_filt.fastq.gz	eb64e465d941307326825aac2c44e9d7bcf99f59d186811856f3bbe5eee13051	1546177
S2	03_filtered	ERX12083138_filt.fastq.gz	8a44cf86b793f7de73c1651818c104d5597739f9e225801742f6db69a7f8f446	192101
S2	03_filtered	ERX12083139_filt.fastq.gz	fea82993adecfd19a7a169970e3c19160ca37579ece565724e6275febcf1a169	717861
S2	03_filtered	ERX12083140_filt.fastq.gz	285f1f1b49182ea8ae3764b823ced62609d053dbbe38fe1e166952f2c1003125	91328
S2	03_filtered	ERX12083141_filt.fastq.gz	54eef84db0a58800cd6a3ed8d8726d2d4834476be0e3e836bd07a4d3a5818cd3	46824
S2	03_filtered	ERX12083142_filt.fastq.gz	e81ecedad13b665737e5430f48a4a3a383baa89af5f89856418d973a1bac3078	787775
S2	03_filtered	ERX12083143_filt.fastq.gz	fe56431f5b63e3097b128bcdfa63c6491f4919eae64ebf670239ef8abc23cd46	3045720
S2	03_filtered	ERX12083144_filt.fastq.gz	5ecbf9dfa532cab0a15ffc050d296dcbdcaefb48bfcd689cea569f6e19f0865f	258015
S2	03_filtered	ERX12083145_filt.fastq.gz	bf6f8a2e46484f3357a633023e561324a736d71b494aab7d747927b0e4b2eb82	716253
S2	03_filtered	ERX12083146_filt.fastq.gz	17dbd5ef8da614624eed38e9a1caff6131d348498457d85505aa6d7f4166f10e	240387
S2	03_filtered	ERX12083147_filt.fastq.gz	62724b41561950b309e458fc9cb88a215b871c844d05c1eeab85ad7e5c4e95d4	112900
S2	03_filtered	ERX12083148_filt.fastq.gz	8436d1fcb874d0ba5431be0207e0f10f062f7c6018bad8524ba010fdff5ecfb3	183823
S2	03_filtered	ERX12083149_filt.fastq.gz	e7709506b3d75cb2fa3eab32aa2117a9838b4684e56eae95afe5bbf9707688a1	940539
S2	03_filtered	ERX12083150_filt.fastq.gz	2600ecb22a0cbe0af9b28b1a64aff77e2b63abf2135b76da241963f4c5b88fd5	2549139
S2	03_filtered	ERX12083151_filt.fastq.gz	1e99547652dd75283b75dc42809fea765d52001d2c42e14f975f6584b7704744	558192
S2	03_filtered	ERX12083152_filt.fastq.gz	4edf35ef4d715b6656b4c0ec6489fda4cb2d4837962ad7e9a784bba687ea635d	3886245
S2	03_filtered	ERX12083153_filt.fastq.gz	8e0685bfe8b61f7c64ebef13d26e878f254d3db8fe235fdf0e1069818943aac7	774187
S2	03_filtered	ERX12083154_filt.fastq.gz	d283fb01f9cc57e25de3fac08f6e4eb6e8569f303cece93c0ce423e6d8618ec3	1197025
S2	03_filtered	ERX12083155_filt.fastq.gz	d91f82a994f003c02442ced56d2114dc2de9a59c4ea134372151339aff2bc571	245433
S2	03_filtered	ERX12083156_filt.fastq.gz	3bbfecbf4fd0da1ecc01ccd547b8afcc22a1b731a56c573083dc0bad3730fe03	365315
S2	03_filtered	ERX12083157_filt.fastq.gz	aaa2e25ecfd1c072cef9183375ececc56bad92d1f7970530a39b7ebbd3fcb1fe	3034200
S2	03_filtered	ERX12083158_filt.fastq.gz	b5b1a0063339f092a47a4faf9dc1afefdb93a3f0c8ed015448c4ed7724a25f6b	94146
S2	03_filtered	ERX12083159_filt.fastq.gz	9e277c7c9c217292b54a8e1cf960480acd341528d13047633e933fb2bdb25736	132097
S2	03_filtered	ERX12083160_filt.fastq.gz	c6f12a910c765eb3c14e56d696fb276f00e841cfc9d5f5c60eb2f819198f5fe8	1637080
S2	03_filtered	ERX12083161_filt.fastq.gz	3ac46f366f9791661f2a0364ac1c58bed75d5b6e9486b2c675d0ad0f9bcf353b	3433107
S2	03_filtered	ERX12083162_filt.fastq.gz	372e9986409a454d29d79cb67aee9fafacfb001b7a34c46898d542c603141f62	1279646
S2	03_filtered	ERX12083163_filt.fastq.gz	3f1eafc314be444baa2f9336beeef7650aa261e871f815ed4c96f4f4ca5c4e16	443940
S2	03_filtered	ERX12083164_filt.fastq.gz	06483b8f1da7ef3ad157bff92134d519bd5f12b8113c0219c1ddbcac461d54d4	955461
S2	03_filtered	ERX12083165_filt.fastq.gz	a6b9953a0cd261188e73d1ca83a20918ee1e0e143eae69de2c10c284cc10c1ae	4996508
S2	03_filtered	ERX12083166_filt.fastq.gz	d99d1e5bf6b10fd546937c4a3efa68d359b6e68c95a25bf4af3a63a1def355ee	1623168
S2	03_filtered	ERX12083167_filt.fastq.gz	e672e59236fea9f6c507848886af7aad86ca0821d15a9c2637800f3fa7dda45f	82713
S2	03_filtered	ERX12083168_filt.fastq.gz	fa9f4ca3484d44b6caae5a9beda31c4f68f7a1bf504ba8a1deb29b2cc7a35eb3	126339
S2	03_filtered	ERX12083169_filt.fastq.gz	a863a03fe286bc8d5ae4ffd5000de71308b6297c6c818c179297a4678a19502e	2970276
S2	03_filtered	ERX12083170_filt.fastq.gz	696b630a3e6d8575cc3fb569af0d30a8f2c28aa38ff6ec7b8a2106d8b6f97b8d	5215586
S2	03_filtered	ERX12083171_filt.fastq.gz	43820b10e5010e8419f82202ce4806b8a1bfc82b9313ed398a73ab14e3c70b54	358387
S2	03_filtered	ERX12083172_filt.fastq.gz	38550e1951c0f158072ce72b09190353bd030c3fad5819285845bad02c7bda2b	3125515
S2	03_filtered	ERX12083173_filt.fastq.gz	8e201960c92ea94379d4bef9cc8f0a3d072c6195754754ef03b9ee0e2305555b	657815
S2	03_filtered	ERX12083174_filt.fastq.gz	26ac06e52f17f559fa82d88392fc983c9fdb338ecb23bf14b5ee79c3ba5f950a	450427
S2	03_filtered	ERX12083175_filt.fastq.gz	bf171af66172e1f3bb2ce411cd51691c3da398eb0fae26e3038cc65e9dfce23c	580873
S2	03_filtered	ERX12083176_filt.fastq.gz	36da85a5f9aa4537a9f258a7c10528f4899292ace6b1963a009b585d4bc216a0	1479213
S2	03_filtered	ERX12083177_filt.fastq.gz	68ce240706a44acfddc20213d5ae65a8e35bebc475fe96f33f9660127e073d07	5341704
S2	03_filtered	ERX12083178_filt.fastq.gz	e8b1b3cd1542a00c97453b363b2c2c32436e17cb1933705d0ef8dca36daf87a8	4529115
S2	03_filtered	ERX12083179_filt.fastq.gz	558fcd90665567217df63448b8cf9c44296d65a50be5f1f4457eb71bdb83753b	43333
S2	03_filtered	ERX12083180_filt.fastq.gz	fb50ad311bf6af8bf37303ce9edac1c099cd9ae9dd7a77fdb340e54cbd4a507b	91083
S2	03_filtered	ERX12083181_filt.fastq.gz	446e73e1d0cb21a3f1c37467ec04bb378ebf327b60fd971f76521c938b6fc7f4	59511
S2	03_filtered	ERX12083182_filt.fastq.gz	5a6f037b96aaebdcf2e0e5febf869782371a5845936660700cc3defc88ef9e14	267126
S2	03_filtered	ERX12083183_filt.fastq.gz	9d4f1a2822adff36ddac71311a1e8cf10b01c34c185740f06e40e619ea82c7a4	419202
S2	03_filtered	ERX12083184_filt.fastq.gz	165cc2eed7f56d4ab2cfd455f49f664b04fd508b89382fff2672d36fcd5ab8a6	2999761
S2	03_filtered	ERX12083185_filt.fastq.gz	38a84eeabf6549c61dd1b25fe8337cd0c8cd5ce8d79d3bec81aedd0bbc4c1960	40723
S2	03_filtered	ERX12083186_filt.fastq.gz	00f37d93169f892ffb1542f46eb446688dbd2f80ccf70243520997f2ac31057f	191337
S2	03_filtered	ERX12083187_filt.fastq.gz	e021cc5fe03600f2d5b446ea2e15cf668d4a029df6f03caf57970b929094293a	159003
S2	03_filtered	ERX12083188_filt.fastq.gz	c69e6d1dfeb37346aa27cd5c2314b8bd238fbf61126bdccc0af4bd1307846abf	162006
S2	03_filtered	ERX12083189_filt.fastq.gz	1601a157e015f515c9e2f7c17971a53dfc9e751bf8dcc7a9aabb60e82385db71	231668
S2	03_filtered	ERX12083190_filt.fastq.gz	3d22b4f658243105085ea92b773b43a977e68873d0081b2f3c0612ee89ae90e4	184630
S2	03_filtered	ERX12083191_filt.fastq.gz	3d964b19a750929e10c4502165c4ffd9e2e69e55fcf5e65fdc3603bf101151a1	4345997
S2	03_filtered	ERX12083192_filt.fastq.gz	8c0ed5648bcc991cec8bf0e1a3a560b8a9ba96e18fa6717a2288df7a0bb73063	861952
S2	03_filtered	ERX12083193_filt.fastq.gz	05daeed8c694c574660fa4a70974faae8646063d55092ca89df175f7b45c3559	2044534
S2	03_filtered	ERX12083194_filt.fastq.gz	a2ea4074c6de80cfe285a5075bd7a2ab3e764b138a6f20372f3895e1407252c0	274763
S2	03_filtered	ERX12083195_filt.fastq.gz	178f6d593676164dfa05c00b12890330597d2584cdae3ea2c4970e8b11181c9c	1580996
S2	03_filtered	ERX12083196_filt.fastq.gz	38c8057420a4754ecce442492fc2bc95104c92a25d08ceb75adfbf9c22710eb7	3044246
S2	03_filtered	ERX12083197_filt.fastq.gz	7ba25362efd3da4636c38050dd8f70099610c9208451a2e2d77184f7294cee26	965184
S2	03_filtered	ERX12083198_filt.fastq.gz	d9bb68316941123751bd712c828f5776dc1f62aaf17ac9f380a76731772955e3	5403261
S2	03_filtered	ERX12083199_filt.fastq.gz	3e1636176f45ef2298c9af8bf08009a53a4982c1c0366d3570ea2bbf926a76ff	598764
S2	03_filtered	ERX12083200_filt.fastq.gz	f9b49ec3b4bd52f834f39c1e5b81b335add93e2c8074ced1c56c3ce2e6ada351	36791
S2	03_filtered	ERX12083201_filt.fastq.gz	7c3a7fe783a93cfc0e85592db5cb8781a17e00faf8b6801bd777e85449383020	280030
S2	03_filtered	ERX12083202_filt.fastq.gz	cccbbe3ede3c8e44e8ecaaaaeced4cf461a55c52aa3c8a92cc8d6379c8bee971	1323978
S2	03_filtered	ERX12083203_filt.fastq.gz	fc3fd18d7e900b6eb2204ce9449095985a2bf2405ed7a391485afa19ada6d431	590841
S2	03_filtered	ERX12083204_filt.fastq.gz	34a5241756295a1458588d95cd22c99f67fcb7bccfc87b7c92f56af02d59f8ed	1346351
S2	03_filtered	ERX12083205_filt.fastq.gz	d2f5b15bf67bc4a4ffd7efe20eb782803144e125a1260720ec86dc957fd8e884	4242085
S2	03_filtered	ERX12083206_filt.fastq.gz	82cc09397e9691ebfd0587dc1db564e326ceff3a7f9ff5e6193a7efd7eeaabf9	339504
S2	03_filtered	ERX12083207_filt.fastq.gz	3d9e5019185e7ee865d5ff146d78b40239cebf73b430cc0aafb83a2ffb504fb3	428744
S2	03_filtered	ERX12083208_filt.fastq.gz	38c24a8ce839c0bdd99f4bbc0af9d3228500927e955f3633856e098be2c21b74	197803
S2	03_filtered	ERX12083209_filt.fastq.gz	e7c4a2543bf75f210369474a24c0353c95f0f7fd1f0da9c4396d5438d55beda6	1464650
S2	03_filtered	ERX12083210_filt.fastq.gz	2a9fb3b04c05ce9af8dfcf2d445ab89b8e13beaafbca2e3d1fb3d4d7ee848c92	1095362
S2	03_filtered	ERX12083211_filt.fastq.gz	03d4c837737941bb5dca50839ac3bd9400e775a4b43896942e222bef7c02387d	503555
S2	03_filtered	ERX12083212_filt.fastq.gz	1451421c35aff9d7e6c31ec6da16d285158ac2f84878eb392c13f11c36a5e3dc	311440
S2	03_filtered	ERX12083213_filt.fastq.gz	624387bf88d075cdbb28aa9db929b84cb27e21b9cafd9a52f75551e33431fd65	2614746
S2	03_filtered	ERX12083214_filt.fastq.gz	c7f1b2cfa8fb0fbcf3207ec420dc2314639e510aaf00b567ae087c18087fcc95	1218975
S2	03_filtered	ERX12083215_filt.fastq.gz	7c71064fa639744a94c4c9e909835781330a93b1c0621d576df0e162c2295fb9	117378
S2	03_filtered	ERX12083216_filt.fastq.gz	52efc7e9c32aa85077c5e736bb1edcd91d9c9dcf01c54082e4712347ecea16ef	1593611
S2	03_filtered	ERX12083217_filt.fastq.gz	3138a63aa0dfe9c5b0591b726ad576c65e54cab20325f1132bab07c096f36438	837728
S2	03_filtered	ERX12083218_filt.fastq.gz	9964fc8f3b393f0c5a7101ee285edc4083aa0a316231f13381d4004390c7de6e	1299697
S2	03_filtered	ERX12083219_filt.fastq.gz	0d41157fb738956cb2cd846722aab9dbdddf56a32f6f37d0b7df7c8eafd6e1d2	1099836
S2	03_filtered	ERX12083220_filt.fastq.gz	297c31acca58582d4178f5ee9b755f7484ff97e54e00ffcd0ded4a57db4f9dad	2318419
S2	03_filtered	ERX12083221_filt.fastq.gz	bd4af1db43e489eacb497972c42eba25448b7f96fb4664f0b430eae5b1657e4d	3054201
S2	03_filtered	ERX12083222_filt.fastq.gz	bca11a97a97055669058c5b8150ffce6a212bddc6b2989758564d69b583f17cf	283484
S2	03_filtered	ERX12083223_filt.fastq.gz	2ddd8d78ed13c36fcb43cec1a896e05f11c843878e807012081650b3a5330625	5611936
S2	03_filtered	ERX12083224_filt.fastq.gz	8ed11f07aac38915eb4de721d5469147d42bb9816b2fab51f1b1544808d79ce1	275258
S2	03_filtered	ERX12083225_filt.fastq.gz	da86dbbf653d24d36564b4e72216875e7b80dcec08a808563cbc57c817ed80e3	6467339
S2	03_filtered	ERX12083226_filt.fastq.gz	4e74b70b9dcce853bca85eefcb3d3ba33a9184089fe90e6c498e547ec674e459	1347047
S2	03_filtered	ERX12083227_filt.fastq.gz	e274d3b962eded38a5a2b4d56946d4162a5a280be50c36bde1485d5a6a07ecec	2699044
S2	03_filtered	ERX12083228_filt.fastq.gz	6ab007e904fe9d317763e3aaba1d3d761bc251b53cfca09c9fb5d214e4e60d66	1534692
S2	03_filtered	ERX12083229_filt.fastq.gz	7337f53cb1e0e35858680e911d71eb0d9c7fbb50318d4dbb2de8c5ce26848344	798484
S2	03_filtered	ERX12083230_filt.fastq.gz	2b9976e0609119cd4e5d7d2b930efe140497b0353f50eeeb79145548eecac8e0	127119
S2	03_filtered	ERX12083231_filt.fastq.gz	487cfc191a2e373b8a9bbb051e7b239113d83ba756d085b6ce707f411da4377d	1224544
S2	03_filtered	ERX12083232_filt.fastq.gz	f56761816ff52e46451b958265046e2c59d30b311f7842667329234fa60908a6	2422025
S2	03_filtered	ERX12083233_filt.fastq.gz	e4431178412e16bcd50ff149010eaa914e227b580b454ec9c8f686ad0e940eb2	2373744
S2	03_filtered	ERX12083234_filt.fastq.gz	54120cce4893022ebc873a8dbf3dafb18c26d98a8690b21efc4bc3d3b58eb9d9	3497803
S2	03_filtered	ERX12083235_filt.fastq.gz	de5d2d7379f1ee2e5b141509a26021768bbb8ddf653399d8061ac3ae1fd39ea4	2774309
S2	03_filtered	ERX12083236_filt.fastq.gz	fddc0aa4a2c8f972e5db800bb4bb099a0f0d2532f82c9f9f7205527e8782458e	961129
S2	03_filtered	ERX12083237_filt.fastq.gz	745228bf979a4daa40d4d93cce88206baf05c2d986cbfbabfb544e07668092c8	6567466
S2	03_filtered	ERX12083238_filt.fastq.gz	bbd983782b79387a9c6f967d633dac680bcc063f4687a85b45a53f3acb020141	3947844
S2	03_filtered	ERX12083239_filt.fastq.gz	c968935b38dd59efe196844de5c1e0b481ed53f7a4ce0505862a1489de683583	3895920
S2	03_filtered	ERX12083240_filt.fastq.gz	68765b070c23e774bdfdd12c01065b6a1178e99fa2bd241ba26da0c6fd2e6d44	2899857
S2	03_filtered	ERX12083241_filt.fastq.gz	0e14bfc5cf2675c13c4a49a73114fbd76823671923f6ab600b4e6c1cd015a89b	3547259
S2	03_filtered	ERX12083242_filt.fastq.gz	430851d96b380d5d2366c5d94a05b6d99e60aad266351bf0b0ffb373e888fe5f	1961877
S2	03_filtered	ERX12083243_filt.fastq.gz	149c2cd75c85072ef912e2f93c804a6dc865fefb966b187617a44236f5b0ffdd	1774880
S2	03_filtered	ERX12083244_filt.fastq.gz	53babe9fc03e117a2b85428c5c89681a6771f606bbb63b917d24a3d1506fb954	2249460
S2	03_filtered	ERX12083245_filt.fastq.gz	eafefd4b3d5005e326f81a08eefbbbb56f9f1e80a44990c537454bd076f0bbb6	9577562
S2	03_filtered	ERX12083246_filt.fastq.gz	a34bc2c2a9b71cf19c3e1d2a0084214576bf7623f5eb93cf1923a6620d845b75	5454019
S2	03_filtered	ERX12083247_filt.fastq.gz	47fb36c67bad591433d9cab572d03e29d4902831a2af75b3096e74c03132a7cf	2410196
S2	03_filtered	ERX12083248_filt.fastq.gz	820ce6c70778e33c36d00d623b422df49ce8f2b7a186d657944a631de038f33f	292943
S2	03_filtered	ERX12083249_filt.fastq.gz	9e414fcb6317939135871e4c61948ac6a6c6583025328fa2c87cd885858a246d	836221
S2	03_filtered	ERX12083250_filt.fastq.gz	3237c3da400bfed2b26f9c82e93e74291d38bf24be0c6c0c85b38ccb5ad1e6e4	2076760
S2	03_filtered	ERX12083251_filt.fastq.gz	56cee5884b47fbd9166bf78594663bc5568f465582b54c2793250bcf85c3211f	2256685
S2	03_filtered	ERX12083252_filt.fastq.gz	94c3394ae64ce46dc3e6ad5c00f844af98473da8881c72d71a5d4dc186c3969a	960618
S2	03_filtered	ERX12083253_filt.fastq.gz	99e736cbc172065ead210af576cfc8ef12653d5d5aba9a32daa96286272cd9e1	6703313
S2	03_filtered	ERX12083254_filt.fastq.gz	135ae75914965568890f092fbcc7091dacf9266262fb2bac6e8687a1f29cc684	4194111
S2	03_filtered	ERX12083255_filt.fastq.gz	61eb241f8f3529c46892f18143962f066090f3c5c0329d8649ee3d243355cee4	1988350
S2	03_filtered	ERX12083256_filt.fastq.gz	688180114814d9775e3ef65a038920ca7ffd8e32207f37433122a19b32b1b587	631830
S2	03_filtered	ERX12083257_filt.fastq.gz	8f0e796ea14e6d94367f20a26f952178c1cafeaa5c4d4d7d30859868284bb16a	333044
S2	03_filtered	ERX12083258_filt.fastq.gz	9c3a2cb38a09ee9726a30347533cf3598abcd8a5819d41c3ec8be21c010f8b2d	218892
S2	03_filtered	ERX12083259_filt.fastq.gz	38c6f3890b79137e663076ef2ff50ca95a37fd99bbc8f20957922e809940d53d	161834
S2	03_filtered	ERX12083260_filt.fastq.gz	f86fe1282b2783080e859b83396f756d2b34c4f5eb726de3781a1620eaae4d59	203657
S2	03_filtered	ERX12083261_filt.fastq.gz	e66b828ca95b15f09e2d001bbbd3987a04dfc1f8eb5f10640ffde78cdb8d2583	6825147
S2	03_filtered	ERX12083262_filt.fastq.gz	77ae6e8efafb45767182a7975f00b752493c3a30868d39a48596f0e82aa6c530	17586
S2	03_filtered	ERX12083263_filt.fastq.gz	97a446c01e31c7dd98833ecbfd8db89b4e6b8d907e98d1d0b11fd7e2d553ed36	1841785
S2	03_filtered	ERX12083264_filt.fastq.gz	19dbe300d8fd13e710532a4d04be92dd8fa593eb04315a5519c01aff6ad754b8	413305
S2	03_filtered	ERX12083265_filt.fastq.gz	b10052b8ab2039e3eff6e922523c1887c09c00aceae57b6de4e17d134b33c80c	230087
S2	03_filtered	ERX12083266_filt.fastq.gz	3cabf7a01bfea9032445001a7758263bfaf95ace4e3d8f8c42bfa83689932b5b	171929
S2	03_filtered	ERX12083267_filt.fastq.gz	76f0ad3698d83a34bcfa1b48fc5542f3f96045412d4b93099a6ea620236a1a8e	94196
S2	03_filtered	ERX12083268_filt.fastq.gz	082328535e26fb18908e65c2ce838efe3cdb9aa8c1f0672f660fd8dd75a25c24	105647
S2	03_filtered	ERX12083269_filt.fastq.gz	a524b7c14ec2396c13afed41b42c90540c138c272b36614446bb7b6d1e56a303	9898323
S2	03_filtered	ERX12083270_filt.fastq.gz	58337d78b8e12503ee869c874079448aafe0fdd1b6115eadd30a6d8ed5f3703c	2151017
S2	03_filtered	ERX12083271_filt.fastq.gz	6021b03c427b284c60877a206c5de636e5a74a4a65af052380d0046b6ccf59e4	2788381
S2	03_filtered	ERX12083272_filt.fastq.gz	bd26e4d02055fa6221f9d3ed519f6e2b46901760ac2da7a88a0ae9e4e95fafe8	401630
S2	03_filtered	ERX12083273_filt.fastq.gz	9ad4d0428b3ae3ee5d7cb0ab44ee1d0992fca393c12429fa000a00d886ebe7b7	513693
S2	03_filtered	ERX12083274_filt.fastq.gz	7c8d529f8f4dfc84268673f75bdfce6081667f7d06b53f2833a9e84cd22919b0	78729
S2	03_filtered	ERX12083275_filt.fastq.gz	379072cb699fb8bbc37cf79bf35809e213c866e60547b3ade344704486ceeaa7	257018
S2	03_filtered	ERX12083276_filt.fastq.gz	dfd6abafdf5df442a0bba4899301f7a8244a5a36b6e5ffb10ca89f9700fc9162	214507
S2	03_filtered	ERX12083277_filt.fastq.gz	8c02b2a1dcd21a15932ce6dd40de982dfbf3c7fd2d833dab2931d5e308f83a7c	132925
S2	03_filtered	ERX12083278_filt.fastq.gz	b378794092bff82ae50bbeca579d698a8c26b90375db23f6025f9a50ba492192	307858
S2	03_filtered	ERX12083279_filt.fastq.gz	db4bdd8527037309eebd05d0130471c6a758ed6097fe00997252dd8fce1726f6	152281
S2	03_filtered	ERX12083280_filt.fastq.gz	2d805c3a0c0c17df0bb621ef079c38973c73967d297712ae1cb05a388db9715e	175747
S2	03_filtered	ERX12083281_filt.fastq.gz	433e8f0a198addae9d46e00708e7f0f797a68a656269b1ef74e5025916999a29	2795318
S2	03_filtered	ERX12083282_filt.fastq.gz	dd7dfaab1827d6893defcdd4f3bf65c93765f1422b88e0c4f9545fc905652b73	697569
S2	03_filtered	ERX12083283_filt.fastq.gz	8e71949ab44c43dbd6459891361954d6894dcdb7077ca2eb8740fc6049968e30	1328416
S2	03_filtered	ERX12083284_filt.fastq.gz	602a52fd830b9b6dc18793ff78a9b6c4f6f4d3b830fd91cd1f0471913117993a	260440
S2	03_filtered	ERX12083285_filt.fastq.gz	ca227545dd4747ccd3b576a7da697fa2ea9639a64e7e4db0b6540ee2c3de8678	2955
S2	03_filtered	ERX12083286_filt.fastq.gz	98a64ad173c729e8637e38f338923354d0514d8eefbb4d89770e5dd35e8eae41	271702
S2	03_filtered	ERX12083287_filt.fastq.gz	859783b868841e4441310f0c103dc7dba796d570dca61cf6c2341f12927ca328	121750
S2	03_filtered	ERX12083288_filt.fastq.gz	febec0fe67ef9114eb669b9f0d377e9f4754a700a00f3dddcbc96523251a2217	5544366
S2	03_filtered	ERX12083289_filt.fastq.gz	c7e948c6cd602bd6c286b7c5c09285edabc7784de2a5aec84778753849b67004	1583363
S2	03_filtered	ERX12083290_filt.fastq.gz	372fee79922028095eb57ec27b7416b7856e2fc89fdc0d24fcd96bca1e351f13	1182193
S2	03_filtered	ERX12083291_filt.fastq.gz	6e64539ae82cb90449e386941f1c92cab1d67ca929de350b826da4a47dee55fd	1057492
S2	03_filtered	ERX12083292_filt.fastq.gz	13418c5c862aa0f7f67133e772498044aae7fce864b2d350b9236a3130e61a0d	6000502
S2	03_filtered	ERX12083293_filt.fastq.gz	749c4072fa6b3bb529edf1fffb8692eafd5558e0d45eece77e183de75acd640a	165388
S2	03_filtered	ERX12083294_filt.fastq.gz	50e4b4af412e557842c192a30b44ef1f627737edb264580daba303bf3789c72c	934375
S2	03_filtered	ERX12083295_filt.fastq.gz	3b6efe76d522d760708eff1c0435c6883cf80e1d3adcf2567be32a3659052ec2	2923258
S2	03_filtered	ERX12083296_filt.fastq.gz	e9d61927a75cd34b90a776e2a3f72983bdef85c085d64ad610a4564c0435215d	2631852
S2	03_filtered	ERX12083297_filt.fastq.gz	95199dab9a461c20b941d747678939ef1c929ffa1cdb0ba629cf9379f02c1f12	513113
S2	03_filtered	ERX12083298_filt.fastq.gz	e31aaee34e54352faad939b3cf271f4fb0ec2859a330b238973060be641268f7	875711
S2	03_filtered	ERX12083299_filt.fastq.gz	1128b81e12982bcbff6cd56a5846dd0d95ab14543373f22bf7f0c8628bb15557	1034031
S2	03_filtered	ERX12083300_filt.fastq.gz	b79172653362c1494c3095ca9af01ef19f7bdeb42a7b4a81cb545e939d91327c	389296
S2	03_filtered	ERX12083301_filt.fastq.gz	b7a7d39289674d16b25f0e2caa49e7264ed45022880f79e5dc01f106e2194664	311762
S2	03_filtered	ERX12083302_filt.fastq.gz	b1798edd931be0c3301361cb7d7bf84eaf4585a32215b438ec736edce9deb8bb	2447692
S2	03_filtered	ERX12083303_filt.fastq.gz	defb0a399ce877052320fc0660fe6afd4e93cb5a48805b25180ee016347506af	2675891
S2	03_filtered	ERX12083304_filt.fastq.gz	e5556128f65e12235a05566b4f5942fa2f8c998cec486641460adbe2f193960f	733277
S2	03_filtered	ERX12083305_filt.fastq.gz	23b60d4a9a8f2939b4cc27dbe67315b97150d9387350b6f8a194fe7bb523ff3f	5088973
S2	03_filtered	ERX12083306_filt.fastq.gz	cf4d6d6afa88873ba8d36f5e73a34e80525c4bd1fab2277bcc1f0b24fce019af	2018705
S2	03_filtered	ERX12083307_filt.fastq.gz	fa1c6087161fe0c617e3d6c294c290e80a4788c251fd069bea6d12cfbd6df172	392224
S2	03_filtered	ERX12083308_filt.fastq.gz	2b172ebd6cd0b893bea714fa2e4dc0e975380b8e44340d650d5d64bc4f085e73	386658
S2	03_filtered	ERX12083309_filt.fastq.gz	f4ea0e0f2f0005b25ead0ba6e08466370b056b9f87eaa7c1a6be6ee4d106d597	1265892
S2	03_filtered	ERX12083310_filt.fastq.gz	b385628adf90dc2ca5fce580ed93e7e8a07204e087386e695beb563892956c7b	3803035
S2	03_filtered	ERX12083311_filt.fastq.gz	c5590cfd8d9a7dc5574fd2e893de3383ad16ce4a3489c7e194d9b2917a031214	2834092
S2	03_filtered	ERX12083312_filt.fastq.gz	1048677ef412ed965fd4974ca5d28483fb5ab477e3620bda7cde47676d87f8ec	887538
S2	03_filtered	ERX12083313_filt.fastq.gz	e7a5dc9d72f223cee7fb8a5d09edebcf4cd87e7cdfc30402afddb9d6e7c0a65a	2141539
S2	03_filtered	ERX12083314_filt.fastq.gz	602efc5dcda53779290ef4aac0e29ebd0889143e26c578d857c1e6ea1709cda8	461341
S2	03_filtered	ERX12083315_filt.fastq.gz	e5809b304d6e267a2e3e55009e2f2bd2a1919002861d988b43085b08396b48b1	351616
S2	03_filtered	ERX12083316_filt.fastq.gz	98fea0747bd08976c02c2ab7715234082896139cf6c6b4fe7c602e7a9a4cf2d4	295676
S2	03_filtered	ERX12083317_filt.fastq.gz	f424353f52927a97d9a6d66a162200bf6c0ef0d9fb6b92d6c4280d78efd835b1	289398
S2	03_filtered	ERX12083318_filt.fastq.gz	b89745963557a76c307af17731740f7d52d125107a36c7baee3b94871563e33a	585808
S2	03_filtered	ERX12083319_filt.fastq.gz	73419400f3f3eeaa86cdaaed7fd28c1e099378993617388b4de8495023df48fb	301477
S2	03_filtered	ERX12083320_filt.fastq.gz	8e73740a6304e5ef15b327abf17cf29aa15763a72044b947a34fdc0176e595fe	672375
S2	03_filtered	ERX12083321_filt.fastq.gz	06f2544b67cffa47db739e82decc43b8688ea51262978e3b82bc897fa00c8c6f	335495
S2	03_filtered	ERX12083322_filt.fastq.gz	3b2e2267fa282e99dde8a71b5ec7c3c44b50c8c747a6b874e538685ed4ae5fcd	1163448
S2	03_filtered	ERX12083323_filt.fastq.gz	79ec22c1d144ff4616d585d784ee3668e5216f3510290ad7c5826ed8c65ba0ae	1050172
S2	03_filtered	ERX12083324_filt.fastq.gz	6fda020d8bdfff0456c569216b744c52bfb51d550a8a5fc3650bd14e9edc0478	579570
S2	03_filtered	ERX12083325_filt.fastq.gz	2ef10a43b1f7e3ca5bc7fd62f578baaa7eef934a19574e0eee48fe424bf3bf00	4045210
S2	03_filtered	ERX12083326_filt.fastq.gz	6d496d7ca7db6ad8427eea6de4201596763de8761700aa8fcb7d2ef0d3e9955c	115152
S2	03_filtered	ERX12083327_filt.fastq.gz	d16d7757334b52e091db6a6be13bffde7ab2b653bda740ebe83700a07ee22299	170394
S2	03_filtered	ERX12083328_filt.fastq.gz	4980aea45d78ca310a00bfdfb21c31f834ebf45704275e5bb7d57c9785759182	508658
S2	03_filtered	ERX12083329_filt.fastq.gz	ed6b3c5a59805cae9b4f8255eac437578374292b7ae6253bba763096e7eef9cf	37219
S2	03_filtered	ERX12083330_filt.fastq.gz	d81b998d22cf1fc1f8b3d1a74f38d4524b4ae2a5a7e87b045a38bb03248546bc	656711
S2	03_filtered	ERX12083331_filt.fastq.gz	52e693db11569186e975b945b3ccf15be091afb9e984659a346e3c9cec137eed	4431566
S2	03_filtered	ERX12083332_filt.fastq.gz	2b24f91b25373fdd9593cbb8bbd17b2191cf4a8137f4b8d868ed9f508fe1c7f5	285043
S2	03_filtered	ERX12083333_filt.fastq.gz	95110b56594cabc74e92644f2469f0e474a8afa574e6c7c8be5291ada6c7c8d2	255760
S2	03_filtered	ERX12083334_filt.fastq.gz	9840e04ef09e8e3b97b986a00c82d4cb9348d6bed06d55fd04b1a665070595e6	381792
S2	03_filtered	ERX12083335_filt.fastq.gz	8201a1aca198f2f6d402cc9d510c80f00dfb21b66e240d6488cae6b0bd009a76	365736
S2	03_filtered	ERX12083336_filt.fastq.gz	ce7172a152cc118b4c40eeebe4197c3d4dd4df03affaf8653baaba943427fffb	3157626
S2	03_filtered	ERX12083337_filt.fastq.gz	12eba8db205f006bd4efad600ec65667f70a5d965f68866752c63e269cdbaedd	456714
S2	03_filtered	ERX12083338_filt.fastq.gz	dafc3ecb54d99f7b194d8d8aadcd2a939e7c053de4a4566d3501643b4b154ae9	415246
S2	03_filtered	ERX12083339_filt.fastq.gz	6219fcbe45f6098712133d3badd45a9ccd69cc33b204b56accd9c17d45fb2982	1745871
S2	03_filtered	ERX12083340_filt.fastq.gz	ddf6f4806b27ee968459a344ad20b0f861d3948c0df36e7ec0109c3f8f068a1f	376216
S2	03_filtered	ERX12083341_filt.fastq.gz	d7a617476434b50a1a1005dc168561d966f69da1881508ecb2560364420db440	4967270
S2	03_filtered	ERX12083342_filt.fastq.gz	d75cb0cbf18e6ae66136d23ae275d641ccb36cd2a7c25a73d08960d51c56fee2	5741668
S2	03_filtered	ERX12083343_filt.fastq.gz	c3f5fe69f54f615b3435d4550d115921a8189122c2713fcebc34daa777abd0d3	572483
S2	03_filtered	ERX12083344_filt.fastq.gz	98081e5999660e4b0699c2bdb364e2e7fc1ee58def5977c6de7d79bcb5908c54	1561570
S2	03_filtered	ERX12083345_filt.fastq.gz	489c622566d3b254f19f2459cace00973d480f2802ee95218e10cc0f1facb565	2427397
S2	03_filtered	ERX12083346_filt.fastq.gz	2b1e5bfeb58072cedbbb8e46d74a2f2a02af6b1c21474d3651a529234718cd4a	3856883
S2	03_filtered	ERX12083347_filt.fastq.gz	5ab904e65fe1a9f23c9e0d103431f386b70c01b6d47c0851a57baff57a3b00c9	6033896
S2	03_filtered	ERX12083348_filt.fastq.gz	201fdad63751a2154df4cf3798946b502e4cf878307cfed3ec09b9b40aa5e7cd	4256948
S2	03_filtered	ERX12083349_filt.fastq.gz	f674eb34271181861f801b04829b9271833cdeb14fff5a84ea283c3ec0b48ded	2058342
S2	03_filtered	ERX12083350_filt.fastq.gz	8e3bd4d8fb7920ea1cfc25a5e7981683f39e68a03b63274c2a84ea024f031862	3849238
S2	03_filtered	ERX12083351_filt.fastq.gz	e17645195e48bcef0f079074c4f46684cda30f9503008527738d079626ec6ff0	3694361
S2	03_filtered	ERX12083352_filt.fastq.gz	b58fe84455b96cc1ad68460f3c73026ec8e8960698973c0df3725173b5ebdb69	6294642
S2	03_filtered	ERX12083353_filt.fastq.gz	2a9e6bb1fefc0e7c49a0833ee94decfcea958950740eed3835f9bfd26d4a40a2	4814147
S2	03_filtered	ERX12083354_filt.fastq.gz	c2da79efdc38237113d5199873ccf2d2bd7d857594494b4441548637ee62c493	2965122
S2	03_filtered	ERX12083355_filt.fastq.gz	f410d6ea85088609f2f84e9068cf67fa0e0c952b077ce2f19b81a0af53b30f70	696888
S2	03_filtered	ERX12083356_filt.fastq.gz	5c8ef7e92378e60a0c8f4dcae4a75a8f9310ddb9db083cd8c05e632758e84eca	1044758
S2	03_filtered	ERX12083357_filt.fastq.gz	03ba2d18f3268b8555e28c02b9e018056ca88885292ca53e4889e308b50dc9be	1874036
S2	03_filtered	ERX12083358_filt.fastq.gz	0d18ede2d5984f306cff4c87ec1ddfc3c5ec41784e2ff6972c686c1bdc5ab2ca	3973647
S2	03_filtered	ERX12083359_filt.fastq.gz	c9a593c546f9c6194d28b1e5d6aa1271591a7dcdfcd2e8e46908dbd82745e145	445502
S2	03_filtered	ERX12083360_filt.fastq.gz	6456754fb06555aebf8fdf1979ba6bd4d48b9cee1dde1e9c40049ca19914b334	4021654
S2	03_filtered	ERX12083361_filt.fastq.gz	17cc212a7a39f3c2182b378b5f5430ff82d45c908695b4ff6b678026aabc7354	261796
S2	03_filtered	ERX12083362_filt.fastq.gz	6d574a102a7cd38765eb41d5ce9e8bcc64d2c1e0a1ad0c3fe64474a63df63abe	3373759
S2	03_filtered	ERX12083363_filt.fastq.gz	2cdb880d7c97ba89ba448b0eef551859a6b7e6deb1e47bdeec5178ce2b604ea4	1564992
S2	03_filtered	ERX12083364_filt.fastq.gz	260499adb63ebe783405d6898ca7da03980c476359dbce7b952cd5e5acc2ec69	3712665
S2	03_filtered	ERX12083365_filt.fastq.gz	91ffcb49bc3023f92fea5317218d850137c221b8de9e6f047b220ac2ae203273	3301234
S2	03_filtered	ERX12083366_filt.fastq.gz	74db13fa68d8ccd2a11da906f692db890334f9fc3a5ea14513a29cf283e7c300	6791827
S2	03_filtered	ERX12083367_filt.fastq.gz	730f61355316a8ea43177064f11d3700990c8f8daf24e7502c673382359b8df8	2424113
S2	03_filtered	ERX12083368_filt.fastq.gz	f953336bf827180e8f4f8aa6d6562d4332497f64a68cb4ca3db8d19924630fc7	2689100
S2	03_filtered	ERX12083369_filt.fastq.gz	84e24a86cff993739eb3c400c711b43fe997343326facd093c57ea6d85deaf5f	1139779
S2	03_filtered	ERX12083370_filt.fastq.gz	938abedee98ba158992dc370419af55fc6a4bd135b1365ffe49f40fc970888be	348223
S2	03_filtered	ERX12083371_filt.fastq.gz	b1eb7308b9d3652b015e6765ab19d296fb7f49a7410e343a7b6c6e6b0838f6b8	3616012
S2	03_filtered	ERX12083372_filt.fastq.gz	a3967c4ac13f849f1cd234671c64e5d623d25ed8505994a4fc65030382be1596	3922994
S2	03_filtered	ERX12083373_filt.fastq.gz	b0d71f53aa6288630d80abd6cd241517d2b672166f77495c9d294170f22af9ca	2091885
S2	03_filtered	ERX12083374_filt.fastq.gz	445fd7e3aa14393d62cf26b46726c51bd16dc5167f52d8165dcb7d1e84c6ac31	3202049
S2	03_filtered	ERX12083375_filt.fastq.gz	6f938611a4294f54f620a4386c0945a42f9ad2268e042c4883a005cbd1eaac42	391929
S2	03_filtered	ERX12083376_filt.fastq.gz	759abda0f1561a7324938ff4458a22c97c7b5468322d44892df3db48054ab325	1249981
S2	03_filtered	ERX12083377_filt.fastq.gz	a7d016245d67f55370bb189707d1307b0b8bc4ca61a313fb817bb319487e8a3f	2081731
S2	03_filtered	ERX12083378_filt.fastq.gz	c4b1c0353e1247b85e2f407a60bd9043fa2e7f9bdcf6b8365b956a967de16dc7	636816
S2	03_filtered	ERX12083379_filt.fastq.gz	8febc2bc81bc101fc4766d502cdae40365020768cab38abe12b49ea2ed725d60	1200621
S2	03_filtered	ERX12083380_filt.fastq.gz	0f9f428c88965e7017ba116515ed3a1cf3c93a7d96835beafd59efc92936ba4d	1156185
S2	03_filtered	ERX12083381_filt.fastq.gz	32373132dadc89f9b25f8752f1cbaec7b227d59dd78704581bd8477873a9ccc9	335015
S2	03_filtered	ERX12083382_filt.fastq.gz	c1188e5c506d453a4d85808e0d21d91cbb9816c630b1504ea4b551571b5c743d	114197
S2	03_filtered	ERX12083383_filt.fastq.gz	57bf54191e5125c91aa3e0546998d28fae992cd0feedc23d7408f5b3d1c58646	407927
S2	03_filtered	ERX12083384_filt.fastq.gz	8d0e9aaa5917552450d089403558b4d6bfd86b975e47c3f4a87f6164bf4869d0	537679
S2	03_filtered	ERX12083385_filt.fastq.gz	0a516037add9fe41182bcb8580894fe1f9ae901fd8c37dff1cb84a2f24e292a3	3776826
S2	03_filtered	ERX12083386_filt.fastq.gz	9a217f2445106e937d67ae58af492b43038ff8c0534bcf66cb6830f762b2ff6a	1838565
S2	03_filtered	ERX12083387_filt.fastq.gz	df36e7266a2387c7b2c847bd5a8313e30aa80ec375ebe80d6f80a9b14d172bd6	3848096
S2	03_filtered	ERX12083388_filt.fastq.gz	8c149e1f3273354e69466eb4901270b07cb8c975692a65c025fa427cbb184ac5	3445455
S2	03_filtered	ERX12083389_filt.fastq.gz	7e1fef9e7501bb727c7f19b111b1e4a39883439e78014a71a17889130ccd7167	1285857
S2	03_filtered	ERX12083390_filt.fastq.gz	6000227c8b9bf3ed5ab447078fd857ba58bc18b8da50f8033d2567b48a3c3c76	5552272
S2	03_filtered	ERX12083391_filt.fastq.gz	46e68820aaa2afd2a64f0a85378faa903f111f7caae78d979e07089857d3245b	5378401
S2	03_filtered	ERX12083392_filt.fastq.gz	697bcba5053e723d193e28db86b927c4fe99dd1265b2409a7191bedc1793d9c4	1461642
S2	03_filtered	ERX12083393_filt.fastq.gz	b80b4644d28642500c00b6bc7689a9da38924a20f85a2a1876e0ff12c819ce71	5101775
S2	03_filtered	ERX12083394_filt.fastq.gz	39403abdd18ad3e554bf1921cf94e3da99c6df1c6347413de74a46e4a019c9f7	482397
S2	03_filtered	ERX12083395_filt.fastq.gz	34a672bb5a8c00b58b7d497cc36e9621cb15f5251bd843814d5ce27d2f0ea1f4	6209203
S2	03_filtered	ERX12083396_filt.fastq.gz	c79ebbbfb0a5988594b339b161e4c59d138b0f9170a18e26ca6cad194821ae11	1191050
S2	03_filtered	ERX12083397_filt.fastq.gz	a5d7e31fd4ba46006ca3640b6413320b89fd8bb79716a113b9579180e33a2b34	5391569
S2	03_filtered	ERX12083398_filt.fastq.gz	ea589283d0579252a2bd9e36f6e60718593c72b62f6a2528f91804352a84a57f	357691
S2	03_filtered	ERX12083399_filt.fastq.gz	f677660067affddcf1164faacc60cb39939442b3e1c68955aae22ea7fd6b628f	853142
S2	03_filtered	ERX12083400_filt.fastq.gz	cd7dad0cd84cb3ff026494ff33a5ef49d9f4cd19591bef4d8fc23912688f8bde	300119
S2	03_filtered	ERX12083401_filt.fastq.gz	cf7f971f1c759708f3888f3de69fe92611f6e03f92a0d6592303559bff879256	102522
S2	03_filtered	ERX12083402_filt.fastq.gz	9ceced7cea5033c9013556d3afff706ce08ec2b57dc7767fbfd913d71fdfd835	585053
S2	03_filtered	ERX12083403_filt.fastq.gz	0d5ee232638e90e847da5d105fba6b9780a6032e8ead9696241946177794e686	76340
S2	03_filtered	ERX12083404_filt.fastq.gz	6d6418ba527ee3bb5c69f57bf60c3662380b16fb433d4bf1c01e3cd5c8a81bb6	2814573
S2	03_filtered	ERX12083405_filt.fastq.gz	b4850332eb2870da0f0429c4c6d84ac3ff5062383f3df2346aef23c8775e74e1	146170
S2	03_filtered	ERX12083406_filt.fastq.gz	6cc68aeafabe982573ee48ec5c6b66f6d3e4d23ddb90e37094db929ec5fd575e	1477929
S2	03_filtered	ERX12083407_filt.fastq.gz	2ca9ec21fb366ed51c1479bba6284b51e4abbb0b275eeff96bbe3f80d265c37f	944485
S2	03_filtered	ERX12083408_filt.fastq.gz	ce89acf614aaa70d6e2bd3dc3392f0dcf06fbdc982ab44e44932da4aec881e9b	2945947
S2	03_filtered	ERX12083409_filt.fastq.gz	9f7b456781a9db78bf155f13608a181cc4a521749dac0e01921e091c532ea89a	358174
S2	03_filtered	ERX12083410_filt.fastq.gz	740b4a02457f0f4b417b96b9160c37783d8c09e8fd403bf982fdd48bcb9d0cfb	868302
S2	03_filtered	ERX12083411_filt.fastq.gz	47128fb47d39f20f7f9284b806205b49fe07f9884c3a3aa528bd113e7673d26f	1457659
S2	03_filtered	ERX12083412_filt.fastq.gz	c6101b3968196b22c98fbf85ab9ed6cae859a982dc141a703d01e20f715881ba	268577
S2	03_filtered	ERX12083413_filt.fastq.gz	2006dd2b66b4a291eae9bfaff8f8b9f057460c5e3f2883de3030141ff1ed7e56	100617
S2	03_filtered	ERX12083414_filt.fastq.gz	9fe91c9fcdebc5d8de1e7359f6f493a35f1366043b372b9a1a390108b0061928	201734
S2	03_filtered	ERX12083415_filt.fastq.gz	33cc5e53752c2451eee38af4a756ea314308d89ac9ba51a6210c89ec318f6f9c	1027791
S2	03_filtered	ERX12083416_filt.fastq.gz	e663495d235276d5218ed03db5034f671f75df90ef4060065fe8780e81305e34	575270
S2	03_filtered	ERX12083417_filt.fastq.gz	318ab1e83f55264b9cf7ff27add117bdbc643cb5ac21991457f818056d5985b7	665080
S2	03_filtered	ERX12083418_filt.fastq.gz	687c2a465bc8fdff679ba71ae4d835cf5b5e8a00a8f772549c57671ca1e5e9a5	4748268
S2	03_filtered	ERX12083419_filt.fastq.gz	8304b628ca2e41e6945ad06d19ced2d0fe246b315d526633bd0213ebaead1240	1988006
S2	03_filtered	ERX12083420_filt.fastq.gz	5e224fdd0d7632b791d7834562f58d0da88459d274809b46a298d92da289b330	805464
S2	03_filtered	ERX12083421_filt.fastq.gz	1b1e0871e2a315c19a9d2f740558693125e894c82b3cc276046d6c2c5f4b23e5	845519
S2	03_filtered	ERX12083422_filt.fastq.gz	da43c2c16ff880774b65e19612d7c04da00a19243985cced0fff59418b58b845	1802808
S2	03_filtered	ERX12083423_filt.fastq.gz	9ee773dab0c66d7bb046b9115bfc62ec6dc6a518e827b4668779e1a17afb261b	3403462
S2	03_filtered	ERX12083424_filt.fastq.gz	8111dfe41dbb069fe446d45c6b5df45126740be12ca7dd9aafe8025ff945e4c1	1692176
S2	03_filtered	ERX12083425_filt.fastq.gz	d0b4daea2080454335176e5a6be388c2f73e602fcb5bf8b4ced2e469e74c9414	1856026
S2	03_filtered	ERX12083426_filt.fastq.gz	5ddce5ed0e92c227ab3fdd480ef491ba8bb9ee6b55d9ecc3318490e00b4f26a9	3706265
S2	03_filtered	ERX12083427_filt.fastq.gz	62b9b6b43cc138ff8fff3e490440c1ae7a53418923a42b08e703ee0c235384f3	3339494
S2	03_filtered	ERX12083428_filt.fastq.gz	77d312c6da4ed2304ef39bd6d49c508174b3026183c06643285afb3b6b71c45c	1004908
S2	03_filtered	ERX12083429_filt.fastq.gz	6611299d31fbf394932bd328c4f36b97545bfd4ebc631de642c0cf3eac4a2da5	2715958
S2	03_filtered	ERX12083430_filt.fastq.gz	ddd9e384d581cb2ccdcfff926bbd592f1ab6d1c9d5777ac185d9d6187e21ccd1	753408
S2	03_filtered	ERX12083431_filt.fastq.gz	5436721f79ddfe6069e08b4a138918d27befecb0a3b9559d30c3a13c65c2d18a	958486
S2	03_filtered	ERX12083432_filt.fastq.gz	09cee43f105a3bc6d2eba3ed9365c42938bbb7379ec63ab3586034da2973cbe0	962519
S2	03_filtered	ERX12083433_filt.fastq.gz	de5f18a87a90708e292c5d19ad9bb003454e6cb8db3ab75c79c16371db1024b3	1065328
S2	03_filtered	ERX12083434_filt.fastq.gz	45d3f58123bed54a83db2f5aa692279040e54719162adb4f4fe1fd2a3923b255	457090
S2	03_filtered	ERX12083435_filt.fastq.gz	3582e048846f6e0d86e6086f47fb360f9b068d9d6bbf455d8241cfc11cd3b31c	180092
S2	03_filtered	ERX12083436_filt.fastq.gz	92633fd0fed443f8708ba0d33c349355056c7d6f918825df41cfb2003999d278	521447
S2	03_filtered	ERX12083437_filt.fastq.gz	66264f8978348d5b8eb5729bc5fa8e4cf9afb4c40073e5a655748792bb7c6111	299249
S2	03_filtered	ERX12083438_filt.fastq.gz	691cd9dea12ba3c0ea3396f8de4ae46217afb3b41f99512a2091c1dbf63e4504	890104
S2	03_filtered	ERX12083439_filt.fastq.gz	fb762d24a26d85c9a720ced80ec85cd61e71cde2b917e2e114020da2909178c8	475926
S2	03_filtered	ERX12083440_filt.fastq.gz	250e4c4e0e6eddcf7a4639b3cc108e1f80c7a7ff454ec6bee7bfc568eb41cf36	859281
S2	03_filtered	ERX12083441_filt.fastq.gz	c4050f7c8e46162bb511d39cfc47428a23fcfb2069f4961fc2c76285c8e28930	752569
S2	03_filtered	ERX12083442_filt.fastq.gz	eddd92681ddd7e7f6f429c4db8e39132b4e78b581d144ce05f53191007209195	2142128
S2	03_filtered	ERX12083443_filt.fastq.gz	203a2b53e4e4083d928d2d78d606a17e42a146d1078a06b85f9bc7fcbf549ab1	463984
S2	03_filtered	ERX12083444_filt.fastq.gz	96464af9e662837e3c798dd981bba91f86055ec48617f9942020e270b5164959	727020
S2	03_filtered	ERX12083445_filt.fastq.gz	5932fabb3c79c6c8a1e88eeef49c66c023ec26927ee9fa34a7e0ca3202760c9e	3261533
S2	03_filtered	ERX12083446_filt.fastq.gz	5298884619180a09573ad3f69bc2f4ac1f6348b8cbb5b5eb3f686d558dee1ec9	3356011
S2	03_filtered	ERX12083447_filt.fastq.gz	37fb0d5bb20a39abd0719630cd63d203cd73d18438eed2e0e0cbac5aa716bc62	3288020
S2	03_filtered	ERX12083448_filt.fastq.gz	adcfeed14f24831c6129d1db4d1e4dbbe1bdbc257e24c390fbad8bafc42d54d5	1103106
S2	03_filtered	ERX12083449_filt.fastq.gz	f3c4db76a9c02d4da3d7ddf9ed5d1d0e2e8509c91515fc4f644a892d5cc7111b	150025
S2	03_filtered	ERX12083450_filt.fastq.gz	08409d20362337aad8ce947f377a8fbf01097474b9f7246c78f5eaabc95facf7	1088802
S2	03_filtered	ERX12083451_filt.fastq.gz	364074eb5ea8bb13e2f6c66ed27dd0378023dbc91a806d39c168fd12b577d401	297911
S2	03_filtered	ERX12083452_filt.fastq.gz	e763b16128f0f9b4f73dd6a2fae252be671f5890697bfc57813d5e28636d1152	33723
S2	03_filtered	ERX12083453_filt.fastq.gz	b4d10cfd827a2f45eedaeb87fe4cd974015263133be31963db5a56ee565d3184	544617
S2	03_filtered	ERX12083454_filt.fastq.gz	ce57b711455d4bf995b86c64223f8ba438cd797e93e240e542fa91ee6296fb5d	468082
S2	03_filtered	ERX12083455_filt.fastq.gz	499cda9e6c74dfd16ec73849a39e3522b6842428a3ed0647c24d68019fd5894e	2176279
S2	03_filtered	ERX12083456_filt.fastq.gz	146c1178c738418c18ae8f079433a48ce08067ab9bf2f04f185e1f19eef25c99	1625713
S2	03_filtered	ERX12083457_filt.fastq.gz	578b40767db85d8795a93a22a60463483fdc02934546ac9f025e1efc62e46c7c	519275
S2	03_filtered	ERX12083458_filt.fastq.gz	2862d7fb16dd906a03ed0d17d95b315166002e21dbdb23dd05cd24fe501a6759	2610791
S2	03_filtered	ERX12083459_filt.fastq.gz	ef7c668aec7b0753349c957ed009ab2dffc90d8a48ae0c4fd15d24df84246f63	1362994
S2	03_filtered	ERX12083460_filt.fastq.gz	e9946d00acb8512c845167d1f799bf1dce080af00f17898b8571d9ef3b58290b	1647119
S2	03_filtered	ERX12083461_filt.fastq.gz	4a17b34329433d2869bf53edd0342cb9957c80105edb36c04b22768c83c0fccd	188326
S2	03_filtered	ERX12083462_filt.fastq.gz	072b8f8cf797af08ad332e95ab146cdb4d3561071c23cb09cee73920844d91e6	242221
S2	03_filtered	ERX12083463_filt.fastq.gz	058b481edd18dddd8b2a1675893941177800d6bad67e950b3f932d55df3c7e7a	73665
S2	03_filtered	ERX12083464_filt.fastq.gz	06156ccc20e62a7e6a67ccf2c7dfe9c4244af3583515705580a8d87c0cfaa7a7	139652
S2	03_filtered	ERX12083465_filt.fastq.gz	24f169699fce01eeeb4d8cd7a48454638668b62807d6beb54dab352aef371563	3215163
S2	03_filtered	ERX12083466_filt.fastq.gz	938eaea62c43ad3808a8a3a4d844946ce352f9a17c540b272c17880d8eafcc1a	6309905
S2	03_filtered	ERX12083467_filt.fastq.gz	7e7e284c1d661c2c8731be55aa0f9753306b57484c7e9807db4f16591a98c91d	2760061
S2	03_filtered	ERX12083468_filt.fastq.gz	b781450536b0d93bb7b3e1f4d6707d8aa91720df908935183cc137cb5c194fbe	4911942
S2	03_filtered	ERX12083469_filt.fastq.gz	df3e54d1aa5e7d1f0f1cb320e88f9b35e3f2dcbcd34fdc65bdbacad865388ff8	5216782
S2	03_filtered	ERX12083470_filt.fastq.gz	b1d89646fa65d904207f3e86421a399b9a0fc15d548e15f44c81ad10587afa52	811078
S2	03_filtered	ERX12083471_filt.fastq.gz	dce287a867dcbb36c92de0319e4b4d01d3e338e5fada97952a0b289b2345c791	1708817
S2	03_filtered	ERX12083472_filt.fastq.gz	d1ed15d30edc40ea9950e8a98fe45c68f0a4fcb8d3629229c33728e8eb61c961	2194826
S2	03_filtered	ERX12083473_filt.fastq.gz	f2652461c3346cbd0014ea0d2a63d37a1fed063547423c3e85369ac8949f594e	12200600
S2	03_filtered	ERX12083474_filt.fastq.gz	b48551e06df2d7b2f3bcfa049ab83b75fe0aab4957eff94bc1d7206dda0839c1	6863555
S2	03_filtered	ERX12083475_filt.fastq.gz	c7d171e200b32b193a6dec7151ccd4b746b2d4cecbb3fcb34f1aee77d928940b	1456721
S2	03_filtered	ERX12083476_filt.fastq.gz	37a11a483594af9ebd81b3c54bf7694ea4d892bc00564ad465e86462e5d2b200	436434
S2	03_filtered	ERX12083477_filt.fastq.gz	d730077936e3c5ba08853df165ad760ceb14ca2d27c852274954a66a5f0ef9fc	2936285
S2	03_filtered	ERX12083478_filt.fastq.gz	e4df9df0d9fce321b425f2e0ed24c0807a3c3b30d1ad900738c382870c724b63	3779473
S2	03_filtered	ERX12083479_filt.fastq.gz	b6f2a723dc3aca05d71de738ac69790c567499b9c19f00ba805dc0317b61bdf9	3122029
S2	03_filtered	ERX12083480_filt.fastq.gz	811daa0cbda1939d70f24d5f5ae9869a7754af2687094700d41f2999a797099c	1796868
S2	03_filtered	ERX12083481_filt.fastq.gz	1297f3efd8bdde86c071942e3d6b3ee271779937b96cc3f38873a2a56411d637	3681209
S2	03_filtered	ERX12083482_filt.fastq.gz	1acac7cdff9e340c3e413a6a786c9b7ee80e63127ccc8fc55f87630c6d5a0ac7	4419532
S2	03_filtered	ERX12083483_filt.fastq.gz	e7fafb0802a9ac77783f4d9725bdc3ec26d17007013504eea9b857f82384fc42	7187965
S2	03_filtered	ERX12083484_filt.fastq.gz	3c65ad5fcef369f51065287b13b10588b99c2b5b1ebd4a95c4633ac5175bf221	6010837
S2	03_filtered	ERX12083485_filt.fastq.gz	0bb58c843b6d87f6a174f1cb0843fde2c53a8b8983fb9949ec34da7b1fd720b8	3452149
S2	03_filtered	ERX12083486_filt.fastq.gz	086efef77860b3f9a30ad60b6d12bfcd79fb1bff0a293616ec382828c0d64a70	1332015
S2	03_filtered	ERX12083487_filt.fastq.gz	e66abc78db29f6e9670a62b8d75a04f14fe61fd6e58cab907124755411a3e6df	414176
S2	03_filtered	ERX12083488_filt.fastq.gz	b5e986f1a319109c16be9b851773c167b775f71ae27087003cfa2e20454ca502	1517867
S2	03_filtered	ERX12083489_filt.fastq.gz	f11d2040460cdef4e4fe9585dcc81ca984cd0b0ac667ccfef5560aea14d2df98	1910899
S2	03_filtered	ERX12083490_filt.fastq.gz	0e578ed0f8de88041dece788e3875ae0974d0a1a3fba985944930305d68a60c2	3999656
S2	03_filtered	ERX12083491_filt.fastq.gz	696a7f9edacdc53edab802ba2cd919f230248398652c403d0993670e824e7551	1766934
S2	03_filtered	ERX12083492_filt.fastq.gz	b730568fd2acf302ffcd31b21d20bcf730aede376865ac0a6908c91c6dd60272	4707586
S2	03_filtered	ERX12083493_filt.fastq.gz	fec83026a58908785baaf0915cd8c20c613a75289f504d667f7a27d4cc9b661d	1869602
S2	03_filtered	ERX12083494_filt.fastq.gz	cc367b3d96345860dd573d0508d1bdbf25444f4666b964c283c918d591e45419	5400088
S2	03_filtered	ERX12083495_filt.fastq.gz	d689764785788effb08910f8a168801881bb38f21bc44579a088f50640e6f564	1087926
S2	03_filtered	ERX12083496_filt.fastq.gz	ac57cf8430f732da63e446a0740e0257a7d3c04500518b4b63d2c02b4b130549	1329008
S2	03_filtered	ERX12083497_filt.fastq.gz	9bbe704b5af193440654c5230689a62964a6f1bb5ea52e3203a8dd9de58bb08f	5944523
S2	03_filtered	ERX12083498_filt.fastq.gz	728e6e78b4f0822bb73532027fae64f3f3c67b50c95e156fdac6442bd8434061	2830266
S2	03_filtered	ERX12083499_filt.fastq.gz	c2cfb4d9700d88a8d59ca5b768d2d9b315796024dc47d9877b8caf2ae5a1162a	3505332
S2	03_filtered	ERX12083500_filt.fastq.gz	f6f16d28c04eb85f5c8da9024054f6d5322143b70632bfc0a65a59d5839bb9be	6065937
S2	03_filtered	ERX12083501_filt.fastq.gz	cd178d35d26563afe474654cd2644c739bdc863ce24b7623968d10bbd5ed2250	598480
S2	03_filtered	ERX12083502_filt.fastq.gz	f433bf349f2f8942e835e82c8d94d38c6fe2db2a0693eef39d87748848b9933f	1345510
S2	03_filtered	ERX12083503_filt.fastq.gz	93129a9bed6f074e18dc02a42f4990b2b8879a828688179f2ecdcb0e9c93762a	1956794
S2	03_filtered	ERX12083504_filt.fastq.gz	c526f412d51701bee8675c7860c9ba591d11fa6fca0bacbd4ad7e9c2103f52ec	1329143
S2	03_filtered	ERX12083505_filt.fastq.gz	0d062f992839cf4b2c59dfde4e850e703edf2fb3bceec453bd1a5be146dbc97b	7371105
S2	03_filtered	ERX12083506_filt.fastq.gz	dfca496211a317f4e04042764322faf11182d7b38944d2c9171b705fdaaf1d66	2147248
S2	03_filtered	ERX12083507_filt.fastq.gz	5c2b0a20a80782d45ad4ba15f2fbd14104b8e034b5f6ff212cecf6e8a15ed56f	4826160
S2	03_filtered	ERX12083508_filt.fastq.gz	88e283b1a685a6f2036307ff0342fbeb31eda73c341bbb1321f08f961ca6413e	4506836
S2	03_filtered	ERX12083509_filt.fastq.gz	434cd10a58b31af572a6f304379d912d7d50821689bd58a1ad419649486e15f1	5238443
S2	03_filtered	ERX12083510_filt.fastq.gz	d8b3d6f7f5f2811f6d889f70a54dc877ba2521ebdf213c0fba6798288101432a	3899756
S2	03_filtered	ERX12083511_filt.fastq.gz	8d8cdd5ff48a5a0635dd614247db9fce02d38be517f42b73874904dc1cb17628	4304526
S2	03_filtered	ERX12083512_filt.fastq.gz	d79568735d8ea10ee0ee3d1bd996665b47de9a7cea44014126e30025f9a79a28	1280185
S2	03_filtered	ERX12083513_filt.fastq.gz	514b636af8963787e36301fcc0c8630b4990dce4809c096583746e9d497b6793	4220629
S2	03_filtered	ERX12083514_filt.fastq.gz	0df9c188c2e7cabad8b7cba9c0f487e37b87b193f8a18009d1a3a740e4b78037	2647258
S2	03_filtered	ERX12083515_filt.fastq.gz	31421cbee058d228ccc46995aeb46de70a8d4735bcb7ba8a833a1df12cec6af3	6334005
S2	03_filtered	ERX12083516_filt.fastq.gz	29f99406977901a4b6531476a6ae8c6892a03856083b9f2c0669220f03ad3a3d	3542937
S2	03_filtered	ERX12083517_filt.fastq.gz	178ec40bb5d98814e8a35e8a0a762a67332ea4478f2da15bc3a9c9aa2015e5a2	3069544
S2	03_filtered	ERX12083518_filt.fastq.gz	2260328fa1fa07286fddcf25aa53789233ec528d0b167455a4631b906750f050	4056191
S2	03_filtered	ERX12083519_filt.fastq.gz	bab1904a72952a88582f518733e71b8cfcd2b1292d202077692e811cbd75b825	3928424
S2	03_filtered	ERX12083520_filt.fastq.gz	a967ec17156f12b86829ba70af9f7c60827521ba6177703ec558a383f4dedd16	3310313
S2	03_filtered	ERX12083521_filt.fastq.gz	b8e546a8dc1392721b09e22841d047534a66367402a7dc03e443545337f2ad4c	2936018
S2	03_filtered	ERX12083522_filt.fastq.gz	51a21c6a3d636585b5e24bea8c5348bb10a2a42b807d01423f9f62b9073ec53a	1881622
S2	03_filtered	ERX12083523_filt.fastq.gz	38be3de0bf57115db71183d0d5c47f8c10c40255378f7c24223b22809e3d9557	4161771
S2	03_filtered	ERX12083524_filt.fastq.gz	e07104149bdec4c268db1f4b8bcdcef34d63cf08e07725757dc37405fb4d26a0	8057670
S2	03_filtered	ERX12083525_filt.fastq.gz	2b7e31214c8cdacda4742cfed572ae99366ab37a4b65d888b3b0adbd53c7ce51	6371264
S2	03_filtered	ERX12083526_filt.fastq.gz	faa640164630a223d7a3e4c82a5e177f6545d3517b71560cccd60310471a9fe8	5923392
S2	03_filtered	ERX12083527_filt.fastq.gz	ea65be5087407213405fe5a08f31cbf42512344a77f762f2de3cb218f7ca50db	8045017
S2	03_filtered	ERX12083528_filt.fastq.gz	b99621422ed26fdfd4d5ae487fb3d0b76820b045af20f62a9eaa4b9101670ac3	233727
S2	03_filtered	ERX12083529_filt.fastq.gz	1223e342dab4ee18fb738a18803560f89078f52c4c55d06395c042179f9b8cc5	4978001
S2	03_filtered	ERX12083530_filt.fastq.gz	48a4fc452f731232300fce25f15080fe7faf453c2b098f893fd0646e60611b8a	6133341
S2	03_filtered	ERX12083531_filt.fastq.gz	ffeb45e210448d5c921584c73f8c38b60c014baf2d723350de16d21c030b52b3	7233732
S2	03_filtered	ERX12083532_filt.fastq.gz	4a3dc8d6784be0bb91acc86978c80c65c02b9d82c58ad0ea9bb94c0c21b2ea58	8390242
S2	03_filtered	ERX12083533_filt.fastq.gz	cb6b2a370cdb9e453dfab9bc2cf2c18ebc70022b37edac7240a6b98f4f9f833c	4114169
S2	03_filtered	ERX12083534_filt.fastq.gz	1d2d5bd2fcea841cfc7ddf9531d56d7f9b1d8faaeb3a2b129491c515e9120700	3588133
S2	03_filtered	ERX12083535_filt.fastq.gz	99b4090cef1ee5d3ee8b215fa2e4bf5fffdd1b51fb9580020bf76bc0f67d7460	7842796
S2	03_filtered	ERX12083536_filt.fastq.gz	2df256d2c264a39b787b7c1bc45e12e7636d6b932da4f08839c6dbcb9bfb06b8	6378633
S2	03_filtered	ERX12083537_filt.fastq.gz	de725141fa76ee7768b6aef3fda7ad77f40ad8b720dde5237f09d2de7b00615c	1034984
S2	03_filtered	ERX12083538_filt.fastq.gz	a5e1a0838a7908dadb643cf70f2e92a352bfd1df5fc3619bdfd570af60497927	461620
S2	03_filtered	ERX12083539_filt.fastq.gz	0f95b3e558f7c2ebad7fb693d7040bad8602681d26c56cc2692237f0fe610d54	56372
S2	03_filtered	ERX12083540_filt.fastq.gz	9fec1d34adc8124d832cd3eeecc820479765e8da0571379f14adadabf29e130d	3292003
S2	03_filtered	ERX12083541_filt.fastq.gz	21112a7f294cc89fc7082fca741fcbb751e277957114e8e8efd7451170d1c362	3089586
S2	03_filtered	ERX12083542_filt.fastq.gz	dcaa979cdef61bc5a172c5a580f0b93fa7e8adcb0d9e5f53af60a2f366bba4f8	4681531
S2	03_filtered	ERX12083543_filt.fastq.gz	5c713f8b4435ccf859f87d41ac053a824805cbf083e0790795d9b0d9517bd588	3695722
S2	03_filtered	ERX12083544_filt.fastq.gz	0f568c00b409a6ddb23fc67b7bd4adb0ca88992456f365ec5c55db5d42b012c6	5028847
S2	03_filtered	ERX12083545_filt.fastq.gz	23b4f71ec1946b0dc4864c6f3c77e2fb6684ea1053f64fda1498cd1cfe156944	4538369
S2	03_filtered	ERX12083546_filt.fastq.gz	2eed33fddd617325e0739383c970a6031b8483ed5974ea7a25955b3a6ffe5d75	6305566
S2	03_filtered	ERX12083547_filt.fastq.gz	f24076d2b1fa340efe7fb5ac29c07488403c99f56edea253a2f7e549007fc275	3938225
S2	03_filtered	ERX12083548_filt.fastq.gz	3c70dbf4b79b14c93f92d5bd0dd3cbe9fe589509c513e7a0da9980949804c164	1523047
S2	03_filtered	ERX12083549_filt.fastq.gz	84f875af86277dfadeb18f6f313c7051ff995cef32873d707f189883cebd55b9	2578190
S2	03_filtered	ERX12083550_filt.fastq.gz	941243976f6393ef3acb22d3d90f50b7919bceac74c911d1cfdd13c2240c2c67	2504378
S2	03_filtered	ERX12083551_filt.fastq.gz	f0b183063b6bcf1e89a6709ecd7f1e9b62dfe5a8c385ba2cfd48e0fec13605cf	1177479
S2	03_filtered	ERX12083552_filt.fastq.gz	90c2a27dfe6f5fe8496ee8f8a1e04b6554c4cbcf1be2c0fa792507f80cd874b0	6161712
S2	03_filtered	ERX12083553_filt.fastq.gz	11360c0bda77c45d0b3caebebf699daba55e9c7ba825b5311ed33d32ee75f5ac	3693695
S2	03_filtered	ERX12083554_filt.fastq.gz	a08575755a2145759455ee526937a720656e861f33f2cf55d544df72e7ae094a	809676
S2	03_filtered	ERX12083555_filt.fastq.gz	13d2403772b78ef1380303d4eb936ac1823a5339fa143868fcd7c0e455fde2cb	412287
S2	03_filtered	ERX12083556_filt.fastq.gz	4857a8910e586d11c2b6d58995b57fb207b31fe329253544559c9d451fdee8ab	4329325
S2	03_filtered	ERX12083557_filt.fastq.gz	5cf9187523e1b3deff3d37a81eea31fa20f10b62414b6b78d79f7948ecb614ca	1601624
S2	03_filtered	ERX12083558_filt.fastq.gz	d9dc291deb2d33066bf36da78b93aa9b2816f896aa1e267a11d6340ce33dd882	1392011
S2	03_filtered	ERX12083559_filt.fastq.gz	a62ba29805cbd8cecb46af4be7571d0807ec6b6661444ae9d15da936adcfc6bd	2026089
S2	03_filtered	ERX12083560_filt.fastq.gz	f13cae3b342d8d29af68f8e49f6c0f2946a944a56ab1179e2b82ad94c69e3f04	2160288
S2	03_filtered	ERX12083561_filt.fastq.gz	d87d44dfb69861679e2d9eb9ce05bd647d27c92084c5eacf07364279413b3941	2841323
S2	03_filtered	ERX12083562_filt.fastq.gz	b26422f1c856fed31611803ecea78dd18cf12b3ba089285a756301bfc8276b68	4393307
S2	03_filtered	ERX12083563_filt.fastq.gz	2e6ccc351d2c8bd67452f6e98550e0f9cd05e2a87617d55cd2e37c33a3df0006	4567148
S2	03_filtered	ERX12083564_filt.fastq.gz	58313d14ad9cf67c26928a572bc26ee28c36cb3920292c000a628bbcc0cc9328	2889133
S2	03_filtered	ERX12083565_filt.fastq.gz	4f7e2850ef44300755c0cfc5a877b0f474a3a2d457fea0527ca27590dedb029d	1091211
S2	03_filtered	ERX12083566_filt.fastq.gz	cbfc6636968fb205781eacb3b552337130f37042269cf9ee6aa34a68c7cc02d1	6314058
S2	03_filtered	ERX12083567_filt.fastq.gz	4b78e4c424825e29fe1d15866a647b9004af8c3f77fee954f8c4d9f9be89dedf	4506341
S2	03_filtered	ERX12083568_filt.fastq.gz	ade5b29d420ecf6b31be915b5d16468a64f6b8f92c08eabebfac50c95aa44361	2141845
S2	03_filtered	ERX12083569_filt.fastq.gz	1ff0f14bca33e8b20eaba4a0e52c1d32406764f43aec76ef9efdbcb81f826537	4818831
S2	03_filtered	ERX12083570_filt.fastq.gz	20464515119e7d4fe0cf4d13a231a28224b96a9e16bd0e2074802843d45bc558	2292530
S2	03_filtered	ERX12083576_filt.fastq.gz	538713955473bba9f32d54b4078e5ebbc8aba4031c680f3a954788c586750d73	209190
S2	03_filtered	ERX12083577_filt.fastq.gz	6d4b47b91df99466eb79e0ae164f69f8327ec645bbdc8223490019721b75c029	508023
S2	03_filtered	ERX12083578_filt.fastq.gz	d17859a9b4731393c19cd5dbb3c25b35cd038ad5a55b0bbc12c237105363e807	159004
S2	03_filtered	ERX12083579_filt.fastq.gz	87aa1ede8122fc9cc7e2c18d83fa70d55c378725042ebadbb51f73b88a98b500	1352609
S2	03_filtered	ERX12083580_filt.fastq.gz	de4cbba6bf18d552cfa5576de79d6bc7bcfc5f199cafad8f4a19b88b1e69aa5f	1248366
S2	03_filtered	ERX12083581_filt.fastq.gz	aac6c44178c6efef09c339b126d2fde210c8a077cca29eca2c7aadfe1b6047d3	1577806
S2	03_filtered	ERX12083582_filt.fastq.gz	bc11d738e99b6942489493cca08ae38ed3930de53a4a822b44234c58e0d40aa2	847575
S2	03_filtered	ERX12083583_filt.fastq.gz	a9fec03c38ae9e6eb76c46299f3b385a77fde3f76e4cee8240c77870b50658c1	586587
S2	03_filtered	ERX12083584_filt.fastq.gz	f7122f65ed33e87afa821942201152ea3ea35c56347795d838159dca02642c59	4293191
S2	03_filtered	ERX12083585_filt.fastq.gz	9d0534de320b200a94bc6d8e3e9b3a2b257faaa38838224a925dec23f4725c5c	483594
S2	03_filtered	ERX12083586_filt.fastq.gz	1319066d886ae3e536336e746770bb88d0e26e6470741204db660cb43f1eed5e	816118
S2	03_filtered	ERX12083587_filt.fastq.gz	4b1bbdea20189ab0ef542a07048ffed3dc8e044be8fc18efa098895af51f2634	495026
S2	03_filtered	ERX12083588_filt.fastq.gz	1789f2f6a59f3203475d1ef58d60aa67691df89fd853f5cd22f14adf1cb8c1ef	3106063
S2	03_filtered	ERX12083589_filt.fastq.gz	bedbc88430663f0e9344193f8123be938cef8318802cea736335460b97e24cd1	2692796
S2	03_filtered	ERX12083590_filt.fastq.gz	e88ec3e841ccb60af2e6cb88f762c8250f5d05703d128ef34becbede746be1cf	449501
S2	03_filtered	ERX12083591_filt.fastq.gz	012efc6bb0920ec18b9ec0308012509341019fc910cb60ed8a8c1e72e22c0065	2935479
S2	03_filtered	ERX12083592_filt.fastq.gz	32dd81828140e19ae66d6d8c55b15b5adeba56869f29708e8de6311db42f3a01	2461261
S2	03_filtered	ERX12083593_filt.fastq.gz	c09b8e7671e9b6543e0a13e60ff4a1f3ac84da2616d5030915ff38872dd0d495	2718524
S2	03_filtered	ERX12083594_filt.fastq.gz	0327c56fe9333e7bc7f2b44bb235ce982d6605093509e05f4a15ad044cc00ca8	4358375
S2	03_filtered	ERX12083595_filt.fastq.gz	923edf29fa0fda2f4a29b33925a245fae0ff2c4b87bc276296faac1e5515251e	723166
S2	03_filtered	ERX12083596_filt.fastq.gz	4134d867835d76efc81d90de8d31a8ca86bbfda58b8738451a8c0119a1ba2c9f	2464947
S2	03_filtered	ERX12083597_filt.fastq.gz	57e7f3cff29d8d44d381fda077e4f300a91a82521efedc2c9bb0fd85ea243a00	2894429
S2	03_filtered	ERX12083598_filt.fastq.gz	2fe676165ec25bbdac35b1839b4f166bde194668f0e27623662f59333242394a	5691525
S2	03_filtered	ERX12083599_filt.fastq.gz	7f076bccbb298446302ac323eaf1b57fd37d5870c2d1efad5b4c5427818c8fa2	2512558
S2	03_filtered	ERX12083600_filt.fastq.gz	c1662bd4fbd53f852c3d7efa9cf180c4516f80994c805e7830e443d930c758f9	5230790
S2	03_filtered	ERX12083601_filt.fastq.gz	755b5df182f248a7c9e3540f3198628900bb28372c362fe3769ba007bdacf6d1	26320
S2	03_filtered	ERX12083602_filt.fastq.gz	eabd1b2b81807fae57e56f21c11611fa6ecd88266b4715590419787003945a17	1032971
S2	03_filtered	ERX12083603_filt.fastq.gz	fb23db76de8c310ecf84029a6778e0fc57e8c1ac32b230f876e20aa14a845d8a	606049
S2	03_filtered	ERX12083604_filt.fastq.gz	3d328e834e2876c168f309d329a7d6253df0e607c3c2af1f2668c2b3436bbd1b	4319095
S2	03_filtered	ERX12083605_filt.fastq.gz	7e8f13b21f9fff397ef51fa46b388752e9538dd7045260fe689a622b1e4100ae	276682
S2	03_filtered	ERX12083606_filt.fastq.gz	31ca81fe6e7377521359a6e97cbc9e22cbebcbf5c70ff75caae0a6038d007c86	826526
S2	03_filtered	ERX12083607_filt.fastq.gz	bf034f84eb10c21d49ff9dbb1a2620b15fbf9f70a5810f10909d19acbb23a319	717964
S2	03_filtered	ERX12083608_filt.fastq.gz	46eb1c4ce5bbac18289fca02c5678d14073c7b88e0209f64ca12e9a120102851	414392
S2	03_filtered	ERX12083609_filt.fastq.gz	d99f6fbdf1dacfb39c76fad7071974dddee0cb442f596a65f54743f9298e5e59	2123868
S2	03_filtered	ERX12083610_filt.fastq.gz	d221dc4cfb9f8de7b9100e8a576bda3661ffeafd315bb6807705c2c0845ed93a	355218
S2	03_filtered	ERX12083611_filt.fastq.gz	3a31b58effbe1e493ad200f2d972dbd80afeda59723d0f41fc5ee44a0cbe8ee4	395456
S2	03_filtered	ERX12083612_filt.fastq.gz	4ca468714d6b290ad96ea126fd117b4c30c3e48aa77a684e5a39392e327e1f15	1713360
S2	03_filtered	ERX12083613_filt.fastq.gz	a51ef67b903c16ddb82688cfe773c8ce30e80ec8ff5476f02bef0cdc97ee35cc	2045257
S2	03_filtered	ERX12083614_filt.fastq.gz	1972ca49420b6e1783bb8fabce87dd1db812036dfae305b773a04ac9aedda322	1798818
S2	03_filtered	ERX12083615_filt.fastq.gz	3b8dfca659c42e194f159d624c9056438852357ab93403131a1feec1e36e6d4d	744669
S2	03_filtered	ERX12083616_filt.fastq.gz	e04535780a8ef7d60a83e4974cc9e39592e6d16f5b329c8218573e279e94181a	530051
S2	03_filtered	ERX12083617_filt.fastq.gz	948ace5b213df00b503a716c84d61cf6404d64e4ac1bc2dc08dbc3b7ea2f84c5	1181200
S2	03_filtered	ERX12083618_filt.fastq.gz	a17f2b3b7fd039c7ea00d727621feba103435875b35fc4a3a0ea46199686cb8a	4297157
S2	03_filtered	ERX12083619_filt.fastq.gz	2b4324fc3332838d75573452f6d836c0518375c13db566f406b1dfe39c31cf6a	369540
S2	03_filtered	ERX12083620_filt.fastq.gz	7c7a08f91fb1f86568f657205f44dfde596ab6a6df124ff8fef0ed87695913aa	564263
S2	03_filtered	ERX12083621_filt.fastq.gz	d180a358c82aee9deb63705677c351fc7dfe1c5507d579316176b5f51c560645	1897309
S2	03_filtered	ERX12083622_filt.fastq.gz	3c6de56287beafbbec694d3e0b1643d361d34e5e631b5e2b48537b6d14800e94	281715
S2	03_filtered	ERX12083623_filt.fastq.gz	6712b4a8ecea6bcc7eb3e4b318eda601c0aedf9f56fddbc956016533d2706a63	3916367
S2	03_filtered	ERX12083624_filt.fastq.gz	91342cc57c07c8188de15aa16163d18cfb85faf973f2604e47c79fa43e724120	3432220
S2	03_filtered	ERX12083625_filt.fastq.gz	d7ee09d40a0908e68ae12820991970172b129581da3b37cb8b89bf8b41067eb4	5107478
S2	03_filtered	ERX12083626_filt.fastq.gz	c1c87a96506d41dc872c08acffa14d64fe3b865bd0ee392ef175d3467e40e20c	864464
S2	03_filtered	ERX12083627_filt.fastq.gz	d7187d0182a8312ed29ae896944aca4d78e4b50131efe5fae82c4643c88d4943	236582
S2	03_filtered	ERX12083628_filt.fastq.gz	26dca65111f5b45adf91a698e9c17abe95d8aa211070ddaaf955e6c8110022e9	11774
S2	03_filtered	ERX12083629_filt.fastq.gz	ba919be31556d2437b776a64b62d488560d265ba5cb35d6e3d1ae10f7bf109b6	478421
S2	03_filtered	ERX12083630_filt.fastq.gz	f326172bf69dc9ec81442b57cc62189b31326e489e0c55d1bc6c1e03eb402e51	229290
S2	03_filtered	ERX12083631_filt.fastq.gz	f4883c7caba91455da86bc5c8885c8d64dee2e1b397e25c1ecb3c42ef046b96f	311033
S2	03_filtered	ERX12083632_filt.fastq.gz	ad937dda7269169bd848ef6a89cf7c3c5d4a74750d8efb712f385bd1d4fca56f	1227696
S2	03_filtered	ERX12083633_filt.fastq.gz	5692cb5b5548a82ddb18511a7a244b764cbcbe87926bbc65ca8b64afa26d1872	129176
S2	03_filtered	ERX12083634_filt.fastq.gz	c7445a949cc5e7d62fe61616e46096a5df04f848400f2f38dcc23e4d9ddc796a	200104
S2	03_filtered	ERX12083635_filt.fastq.gz	26f343e05d8a504f9450f7b2c755b04ed007406d518796cbeaf2d91103adb97a	259251
S2	03_filtered	ERX12083636_filt.fastq.gz	09e3570ecf0af3a93b6e76e0c23834afba29e177e5a1b0678b4222dd710694f4	364735
S2	03_filtered	ERX12083637_filt.fastq.gz	60ee6c78c1333c67de45709fc8f04cb5a403be87484e4d6a53db6ce36a0a1826	801479
S2	03_filtered	ERX12083638_filt.fastq.gz	6b549179362ac726ec0e57f136b15f22e3cfc98b47cac12e0e314db459899af5	1508381
S2	03_filtered	ERX12083639_filt.fastq.gz	fa030853250cf08a71bc2037b0600aa8d74cdeddc0dbfda77868daed9613bb47	577588
S2	03_filtered	ERX12083640_filt.fastq.gz	3f3b80cd8aedcee662f2716359ce39af07a025267b9d507ca9a6dcc1644864fa	1814764
S2	03_filtered	ERX12083641_filt.fastq.gz	7df864fa7f936327fa2f6215ac016dd8a6d1953c3f79a667bb94b5dadd65faf4	846461
S2	03_filtered	ERX12083642_filt.fastq.gz	f0802089e70da7c78e5570a54e65cd80b31b6b8fc03544dd25b58602eec3fad9	2340178
S2	03_filtered	ERX12083643_filt.fastq.gz	358511b10374aa00d366c6a586c902b9f76343f5e73bc0caadc71880b0620936	329479
S2	03_filtered	ERX12083644_filt.fastq.gz	a72a3a4565d94367fbe916258b4bc2eb402f5fa57c4b1c28f9bc4e822071f620	173168
S2	03_filtered	ERX12083645_filt.fastq.gz	8343ab04525a9d6cdc43e8d152ad731a7d72d577b113f9c3b58d3cdd06ed98ef	361505
S2	03_filtered	ERX12083646_filt.fastq.gz	950fcd5425b34e53eacdcdb0537411d653f219762d5b6ead9edee7eca93e9fa3	565838
S2	03_filtered	ERX12083647_filt.fastq.gz	06be444ade49320cebe8cdff4cc09b318916a192cca2e3c3da780692daf7001e	319204
S2	03_filtered	ERX12083648_filt.fastq.gz	101d577f3da897bf60588c2c236dafcde430c73bbdd8fdfcad4b3e83c32610dd	266308
S2	03_filtered	ERX12083649_filt.fastq.gz	b09d51e48a675a8bb63d490ae18ddf6c4c39b125b396feab71232a3e8d7a9312	269439
S2	03_filtered	ERX12083650_filt.fastq.gz	9e212073fddefbfe0b0bb28910d476181a2530090aff2e4f5260d319244f9de3	672683
S2	03_filtered	ERX12083651_filt.fastq.gz	3a3e9e8385198fdcceb5431f5bf2fe5245d502923327000d8172de37f9621672	541782
S2	03_filtered	ERX12083652_filt.fastq.gz	1c5c08749ea0d64f4a18aeb0ce01e6014d5a47e472aadc95bb2a9f9315163590	223924
S2	03_filtered	ERX12083653_filt.fastq.gz	5891e2702e7eb3ef2afe585f6f24957c22185bb0fd55d6019db7c05a8f1fb6dc	203866
S2	03_filtered	ERX12083654_filt.fastq.gz	f22c64bcf20eb69eec89a4c5b017721ceda9e04de581c1919214b5c07c35974c	627218
S2	03_filtered	ERX12083655_filt.fastq.gz	0683a447f32fa4b0a47f803894b5308864721e43e4cd0c0434a46a2bf20ea0d3	2803605
S2	03_filtered	ERX12083656_filt.fastq.gz	c77bb881a9e5789933a1d9630252f4d29b82f93bc885ab1b267282544182c06a	118829
S2	03_filtered	ERX12083657_filt.fastq.gz	1e0e8021e863eb100c1b578acb17b1deccb4f23ded3147f134af2bd5854716f4	2687616
S2	03_filtered	ERX12083658_filt.fastq.gz	c51543cd63b5706e34893b36ca65f00c2f7dc4ac1b5e4a5b0cefe3b2a9f69a96	2997829
S2	03_filtered	ERX12083659_filt.fastq.gz	561e7ab8905433cb4e09bbe2e35247cf773c959cc8193be9ddea39da707be23f	3503853
S2	03_filtered	ERX12083660_filt.fastq.gz	ecc2536500689d29b0f12fc43d48708fed6547818db5b3c2785790eb8a686cf0	1091894
S2	03_filtered	ERX12083661_filt.fastq.gz	7f02be97e8c48d2f60ad4da3ac99e4d44f36cfaf50e72bd150d9a4b4c778f80a	3335160
S2	03_filtered	ERX12083662_filt.fastq.gz	37ec3aaf76cb7264cdae145f5dc48c1367e83ba09624c1fb08bc6fda4dac038c	463917
S2	03_filtered	ERX12083663_filt.fastq.gz	641bdda1766146237329dec94a7a400e132642832c40734f9b0b0943145ff16b	1771528
S2	03_filtered	ERX12083664_filt.fastq.gz	033424419b29230f34c0e58909eb2eb6e32b2c0bfa0e8cf4cff585c67ff7727d	465366
S2	03_filtered	ERX12083665_filt.fastq.gz	e96a14a963ce24cf6a01773c79d6d43263ab723f77fd5f1f60585116097279e0	1096805
S2	03_filtered	ERX12083666_filt.fastq.gz	93862f1a9b6201f7895ab26ddb4f12dba9ab12a74bddcc5af0ad709148e37abb	439698
S2	03_filtered	ERX12083667_filt.fastq.gz	a26ee6a71965774545ecd662dacc111bf36b3ee07711a27133c30ffd1b79c125	1238127
S2	03_filtered	ERX12083668_filt.fastq.gz	566b5cb956df7db1d19d833e48dcc8fd656fd78576edf7459957554dbc6a90b2	2743935
S2	03_filtered	ERX12083669_filt.fastq.gz	970ab5c62d6d60adc707819888d51be0a14c8b4247075f6772d54006205af5d3	432371
S2	03_filtered	ERX12083670_filt.fastq.gz	84209c8184aec843a4f61837b7122239ed9e96a34171cbe02353a7104c4ee6dd	162715
S2	03_filtered	ERX12083671_filt.fastq.gz	81ed9725720ff066d5826334da5833b1d88b9700ab272712b884115004a1a879	402022
S2	03_filtered	ERX12083672_filt.fastq.gz	b05cc6e30f132963dd5e63195065a30e7f78821933b8c1b014d64d6df90ed323	190118
S2	03_filtered	ERX12083673_filt.fastq.gz	1a73324a0dd906abf768a66639366edfa7226215160dd4d6ae15fb986b86493b	7284718
S2	03_filtered	ERX12083674_filt.fastq.gz	f2c12a03e5fcc22b4240f8f12d19b2793053ce9d488a0cefccf000859e41e801	3204397
S2	03_filtered	ERX12083675_filt.fastq.gz	c086f361550c2eefb56a9a6a8fb76dd1f61f3d9cd47029377ca4456b100fdb20	4952067
S2	03_filtered	ERX12083676_filt.fastq.gz	de4a77450eb57af793f22185678584589d2303e74de09f96c9fb17891a96d895	4440933
S2	03_filtered	ERX12083677_filt.fastq.gz	4ec3c6a7a74fa084f19b503ccd25b77a095f4525249d187e8a3b5d5e71eeea7d	1242538
S2	03_filtered	ERX12083678_filt.fastq.gz	bcc699f8fd8f472bde76ed0834342dcc28379a5b1e2d8001fafa5ec29612fa18	1551373
S2	03_filtered	ERX12083679_filt.fastq.gz	ba8fee585449ee89a56f2df059f3705db7d5035c56b4b80b140630282eceeb44	4017476
S2	03_filtered	ERX12083680_filt.fastq.gz	80c1928f9c5b696ec657193957fdc454f7714b79f3787e7b561b13b2e57ee2b8	856119
S2	03_filtered	ERX12083681_filt.fastq.gz	dda6d6495603f3a16761c69a02cc8cb48a5677a623b36a8b9761f9c17e2d75e5	1640793
S2	03_filtered	ERX12083682_filt.fastq.gz	5ae572b083a5ce7f03e931c6040cd3cd1b64f004b9d1dfd78a612fba83174190	7023003
S2	03_filtered	ERX12083683_filt.fastq.gz	f6e4e17cbb69ce57af283add3107f91bff33845dd52f50d66dbd3643d4cf7dc9	3118125
S2	03_filtered	ERX12083684_filt.fastq.gz	6c7b531d10265cd205d11857e906398c308c4fb39347e4216925a5a44eeea3bd	10028874
S2	03_filtered	ERX12083685_filt.fastq.gz	68b62abb51493af702e1fb3e3022524081540d638e90901e74beba319eafe3a3	5758350
S2	03_filtered	ERX12083686_filt.fastq.gz	07d92f441ad8fd1e114db27eec7b08238c685ed7bacc4e4f675126dcba49bd4b	391544
S2	03_filtered	ERX12083687_filt.fastq.gz	dba575cea276a65a5605f6661b15275f8c944abc46dc5736244477a546d7150c	4711055
S2	03_filtered	ERX12083688_filt.fastq.gz	a6888f57f0401eb81bed6e1f8d29b45ba41618f0a8e116a9110f1fd987e77fae	6924009
S2	03_filtered	ERX12083689_filt.fastq.gz	d0038fbca11edd7beb44127e89dc7413ff0c5e9bc7a0eb0eb221d653b9b2f218	1567055
S2	03_filtered	ERX12083690_filt.fastq.gz	883bca0b5e18d68f1060ec6ae2d1e3a435f5b157d59c2966d9ec082d274f6257	447594
S2	03_filtered	ERX12083691_filt.fastq.gz	76f0edd50aa13f2888a96cd5a57dce9a63f060896c2734988e82bf2a362a2759	2634436
S2	03_filtered	ERX12083692_filt.fastq.gz	99eb8c917287788e5a9183c3ca051b034985d922ccb5dae355992b2caf61c5ab	5199527
S2	03_filtered	ERX12083693_filt.fastq.gz	726504526691f89219ef736c297ddbe457c3f2f8a8c97364661f3a5227004ba9	2370361
S2	03_filtered	ERX12083694_filt.fastq.gz	c72d3d43683ae260bcd21253421d95b960982dd2ba09a396eeb490912bc106af	19353
S2	03_filtered	ERX12083695_filt.fastq.gz	5e7853fd9b6b5e3ae06723ec26b839995df4f8ea21ead43ed5576f17617228cb	257019
S2	03_filtered	ERX12083696_filt.fastq.gz	9bc34fae243c3608ba72cbed1111536fbe1da8fabc73445b174b827174052db7	159237
S2	03_filtered	ERX12083697_filt.fastq.gz	5a305ebcb304463fad002de66c08f13bc3c3ff4e03fc8e99f87ed2f05d3dab74	283815
S2	03_filtered	ERX12083698_filt.fastq.gz	8c3d47da9afcbe33bcd04ae0b58bf5619c7748793b6c77ee1142085231663c68	829149
S2	03_filtered	ERX12083699_filt.fastq.gz	ff2d91109efccaebf04c9409a8410b3e5fd5ca55b18e6f4b3fb8f84e15b84c60	5615112
S2	03_filtered	ERX12083700_filt.fastq.gz	52f0b09ee682d7dbea19211ca1c6a05ba08678a14bd6d80d51b37e5d890a168b	672946
S2	03_filtered	ERX12083701_filt.fastq.gz	98b5da77c3b8674ac5a93d62f785349d935b21f216367e5e8455f2f296b7e5e6	185080
S2	03_filtered	ERX12083702_filt.fastq.gz	20834d39523d5c9c2df452e2e5010f3ca1e75acd9bcb54f95a6c174c3265a3f0	463838
S2	03_filtered	ERX12083703_filt.fastq.gz	84f2719a816f1b977e9cb9d74186555ec7a1e6a9d909d63da3b77bf7c09de24f	160062
S2	03_filtered	ERX12083704_filt.fastq.gz	734d2e6b79b6dc8a4d02fd1d7a79b50360dfcc1dbed4dacbe3388d704d81af1e	459936
S2	03_filtered	ERX12083705_filt.fastq.gz	9f6f991c459e3a086b9f709bd8fbe82459f03513f7c31638c0b334dcd5b9d89c	1581419
S2	03_filtered	ERX12083706_filt.fastq.gz	ec304abfa70c1a3b6722614eed86d7d290c463b624ec018aa39171151ac01d18	321788
S2	03_filtered	ERX12083707_filt.fastq.gz	425a503c6b97e912c48a4c78558ae7535e4656f76ec887f4280b5c31bbb3e044	317688
S2	03_filtered	ERX12083708_filt.fastq.gz	4c0076308cd7205a99fe8957b3da7a93662ff9d5fb556c795fd578fb37ae369c	1088556
S2	03_filtered	ERX12083709_filt.fastq.gz	cf5038d029aa0de1236a8ec22f092863649e79f4a65c9b764294163205f0011c	667403
S2	03_filtered	ERX12083710_filt.fastq.gz	ea980ca472b45b74d297af4e62800753658320bea18e070b1adfb534ab288c42	5011024
S2	03_filtered	ERX12083711_filt.fastq.gz	0d97989227fa27ca542fefdacbb7ac8174dd6d5687a226ac05820bfe0aaf2564	2500938
S2	03_filtered	ERX12083712_filt.fastq.gz	ab44c44de19f1ab392d4820e03ca16de2dac48f46814628919b572ee078c4ed9	1205170
S2	03_filtered	ERX12083713_filt.fastq.gz	f4d9244f2ca7dd8cb570644f021568618d568c3201739c39e3bba60ece466a4d	677706
S2	03_filtered	ERX12083714_filt.fastq.gz	e8302f61d31c48f6479be66f381c1ecf691ee8afeb0607d138d976160df69531	422212
S2	03_filtered	ERX12083715_filt.fastq.gz	7b489a62fa9855e0f77529fd0e3ec1e5ef2a2ce7d81dd784c689de428dbc7f4c	857202
S2	03_filtered	ERX12083716_filt.fastq.gz	f0b85950ed6ee5c9577e053e6f3f0ce8ee6837628f0a079d98d525748ba7eb5a	120883
S2	03_filtered	ERX12083717_filt.fastq.gz	36f2c4d80a2f8490d811f34f78f7a20191612602b09562119ceec0444b96cbed	644675
S2	03_filtered	ERX12083718_filt.fastq.gz	2207ff6264dd9821d700d936692f4d5bc6f682adb3cd571600d36868db7c6612	353403
S2	03_filtered	ERX12083719_filt.fastq.gz	4f2c1334e744247c7e1c82ac2508640093f6167b2620a1ed28c7e20b7300eb08	188067
S2	03_filtered	ERX12083720_filt.fastq.gz	9bf35df9b5951ad4971748b697e64c15b0d3cc7e930bc4c9753a13780f38cb1f	1287395
S2	03_filtered	ERX12083721_filt.fastq.gz	a9f52b9f6b94e59abc548b55eaa59822acf6d3e107c86c670ea8411d1e48fe1c	46017
S2	03_filtered	ERX12083722_filt.fastq.gz	c34a2e1d950f2fd58862e824837935d3efd17bcc3efbfd9e2286ec4b30285d94	329600
S2	03_filtered	ERX12083723_filt.fastq.gz	0d38346f948953e07ba70db5057ef61d14fdda61c905800eafa3fd4e6b56145c	376228
S2	03_filtered	ERX12083724_filt.fastq.gz	ea8b8f0121e1d1183047646ee281d420ce764060e83479a33fa207d2f5f7132b	1095938
S2	03_filtered	ERX12083725_filt.fastq.gz	76291da11402faddf85f4064fef5f9e1342e45763c9f170aa72d293555bf866e	228585
S2	03_filtered	ERX12083726_filt.fastq.gz	dbe60bbabaf5d72b2e33aaa6005c9e65a9dc1fa1d3e3d65b0b486f8d813619fd	210904
S2	03_filtered	ERX12083727_filt.fastq.gz	5b90c20481b8f6b9752ed87918249d20beb282f5cbd12f48ef175a2dbbda8712	2573104
S2	03_filtered	ERX12083728_filt.fastq.gz	489d94bee1fcdeb3b7700bdb12907f939bfd417266820a8575ae7173ae6cae29	731690
S2	03_filtered	ERX12083729_filt.fastq.gz	5270b4017ce6ba2c57d41d3318a09ba9d0ba1c71db983790e08173495d5eae84	253030
S2	03_filtered	ERX12083730_filt.fastq.gz	d2e844abdc18c8a9a53cd11a999836521a237c34aa1f3004664b863a8998d334	819497
S2	03_filtered	ERX12083731_filt.fastq.gz	acafef05beffe3baff3c44bf3468e2762e918bdbdc2ff8a82be07ce6866decc4	1230997
S2	03_filtered	ERX12083732_filt.fastq.gz	6840c51400af40efe72339161ace00e1c3f9b522941ea523a626884449e452c9	3904127
S2	03_filtered	ERX12083733_filt.fastq.gz	c7f8d1464674ca8a95642a3810adecd12bb34ada3c7837f9b9e8fbec3d642aaa	8149889
S2	03_filtered	ERX12083734_filt.fastq.gz	941021c5b02316e6c1a25c7c8f2791524b3d94c006556781b1ca429b3ffbbfd6	4702424
S2	03_filtered	ERX12083735_filt.fastq.gz	569638b1601e25e5e14a9356e5d13c1c391852057ce3b6dbe0da7d7b45765ed9	2882864
S2	03_filtered	ERX12083736_filt.fastq.gz	65dd0a8cf715642567156f17a97187e9cf3999582c43cf1adb46f67b7ea4bd68	1237415
S2	03_filtered	ERX12083737_filt.fastq.gz	d31ade75a9f971c6b21e39761cff8283365a687b5734dcd5a15947bc56241022	1729303
S2	03_filtered	ERX12083738_filt.fastq.gz	5181b7a13f7a5f4ba166c09441d09e3e17b94f0ea5342968d316a0cfaff35091	773934
S2	03_filtered	ERX12083739_filt.fastq.gz	63e6298f163b1ac3886efa0ec5dc8b31d31f5a1e148894c44bcde95394a83fee	8410264
S2	03_filtered	ERX12083740_filt.fastq.gz	2292e271ea115207cb7c63042d4b3ff4ae39ab0a1af1328f00c5be4e9203d5f5	5220000
S2	03_filtered	ERX12083741_filt.fastq.gz	684c8b12d683ddae32f46b80a0c907de5f7ed91323100380e9082496c0e4db5e	3733207
S2	03_filtered	ERX12083742_filt.fastq.gz	e677223ad949ae87ab7a4838f63a75f7b8365fe88a5f07c7df0fc76eb9a3923a	971821
S2	03_filtered	ERX12083743_filt.fastq.gz	8bd7328a32b48c68ae4563499499c21213a7ac99eee522284c60958c556c321a	648720
S2	03_filtered	ERX12083744_filt.fastq.gz	c812f2f453d07232bbe2ee8fc8c917ee32a4e3fab8970070487c3e4df836b1de	265889
S2	03_filtered	ERX12083745_filt.fastq.gz	5b5169ecbf07ea8136402650ec7afda700fab6cf3ebaa49dcf54303f166d32bf	481443
S2	03_filtered	ERX12083746_filt.fastq.gz	46d71b92500626a8746b470cf20466a27ff2cda529b0e09fa6889240f60627e9	384912
S2	03_filtered	ERX12083747_filt.fastq.gz	5018f1576fd74f4c46cc6ebae08ed93036ddd742b032b7e888c0e601944a6a75	11793811
S2	03_filtered	ERX12083748_filt.fastq.gz	9b9a8b35032a13a11d62ba79221dac071c8605206d1cc6779cac7ec5056c296e	4207402
S2	03_filtered	ERX12083749_filt.fastq.gz	fa7341714cb2db2a0b8d85fdf1ebdc7a855649d9357c29839fbe2e248b4f1c38	1958032
S2	03_filtered	ERX12083750_filt.fastq.gz	d8a054b67327801eae99a2176436cc079062adbad7bb03271d2223f081868013	768872
S2	03_filtered	ERX12083751_filt.fastq.gz	ae31d7a4f5d3fb1e121a9408303464cff61e1433b0839e5c774099a011040747	277574
S2	03_filtered	ERX12083752_filt.fastq.gz	4c7bcdcad5f548605f80b1d39a26c8da3bdf03391a3e6beadbb44c3c2884615e	135513
S2	03_filtered	ERX12083753_filt.fastq.gz	944746122137e1f9cbb481ddf4622f5dd4ba66611353edc9cd1b645df65bcde3	149886
S2	03_filtered	ERX12083754_filt.fastq.gz	ee7b3f7c782d94dfd30020829893522daebef6757035f2e5b457939e04aeaf66	103939
S2	03_filtered	ERX12083755_filt.fastq.gz	747a769c0ca1a1e46a417740bba32dd0e6d64c0c49c0e5693d5f53eed169846d	14174637
S2	03_filtered	ERX12083756_filt.fastq.gz	b445ce8a2176c44a1084c0a3fe0d88a64b1368359277b1c8a5012b591cb9dcff	7868877
S2	03_filtered	ERX12083757_filt.fastq.gz	5eb96d6e841f5faca8a9b9e442b5389f710c03b3bc904efa7236292da4e84f49	2841648
S2	03_filtered	ERX12083758_filt.fastq.gz	3dad4f766c42c31a1f6546b03a135ae30074c6f472cc9334d6c9b088fd08659e	816948
S2	03_filtered	ERX12083759_filt.fastq.gz	45691a0f66355a728ff2ef6b8cbe61aa4fa3c9d0491007f5999286ace3c5a973	280829
S2	03_filtered	ERX12083760_filt.fastq.gz	bb7164054b6db98b2e09d63cd8602737137794f736db8c212048ab4caa702138	263029
S2	03_filtered	ERX12083761_filt.fastq.gz	ccb5b111ef683cea2e079c3073eff9e3d9b9bd6697445eb6fd2dc2527ed4aee0	176294
S2	03_filtered	ERX12083762_filt.fastq.gz	a8645aaf0946f44ae86b11fd07796e8fb162f9a5525f2830cc3ca3a0d1c77ab1	57012
S2	03_filtered	ERX12083763_filt.fastq.gz	23fc0ec9374c8ea13a8d7a45cae83edf1c2d434e0915039e0f0ea10f9f8ff9b0	18677386
S2	03_filtered	ERX12083764_filt.fastq.gz	44f78638317e323ed5e4d158bbc3415cd47297cb77b078f7e5c6b332fb02ee6b	7819174
S2	03_filtered	ERX12083765_filt.fastq.gz	14c76eac55efa811d89dcc3380e11ca3ca100f58c7ece8eca01251a59d3df3a3	3106193
S2	03_filtered	ERX12083766_filt.fastq.gz	0f55e4a4936edc5f31edc64a7044facd481b03fabdf05279a0996fad254a60f6	1759934
S2	03_filtered	ERX12083767_filt.fastq.gz	d9afc89b0a2062205ecf5e4a7df34e72c2458fbaa8f82cbbbd70a4b05d35d68c	722580
S2	03_filtered	ERX12083768_filt.fastq.gz	827a9c8600d2e2ed77c2dce27c98f1d4f7e31d352435028497e48c82e8b492f4	474020
S2	03_filtered	ERX12083769_filt.fastq.gz	ce476e1072df25ba4e2e988d04f35fad580fdeb824a50ce3abeca231b1bf60fe	163000
S2	03_filtered	ERX12083770_filt.fastq.gz	171eb74eaa7ac5011c0cda02942c47613ed76ba58fa1ac4c42b8d678fca01d4a	349495
S2	03_filtered	ERX12083771_filt.fastq.gz	0ff4fc88029e3298156ba518db313df7e310451131f36439ab5a8a0b55056e92	1187856
S2	03_filtered	ERX12083772_filt.fastq.gz	b4ebea1367c4e796c3d5a30a67c9f5f2e74ee08ba3b5f153936e10ee5ae9f61c	4406103
S2	03_filtered	ERX12083773_filt.fastq.gz	70c75ed529bd4c863685b104021e68ecdfb996d03beddc7c1de10261ef0422f9	1904216
S2	03_filtered	ERX12083774_filt.fastq.gz	1f816fa58d1432f0cbd5ac004d48383e53d2649ecf43a3e0daa929375e0a7ead	570581
S2	03_filtered	ERX12083775_filt.fastq.gz	0e5498b1159f3e8ef71a1f2feb3a79b45dcec157673dd985bbaa596ed20f8e97	261786
S2	03_filtered	ERX12083776_filt.fastq.gz	b98c53290b8918872b31344469d9fbb91b393d56035cb7acca27d695901e1233	267921
S2	03_filtered	ERX12083777_filt.fastq.gz	f6d81a48760cecb01415ff1f1d163220bb78954d30923e14ff5ee93eefb20191	98402
S2	03_filtered	ERX12083778_filt.fastq.gz	b3a3e083110ec3013ec22924f2a89bb2f2e929a0a560b2f0853cb4ac42d77564	246416
S2	03_filtered	ERX12083779_filt.fastq.gz	2359772ee48e12215a92aa3f27082ddf3a57fcc5413aa77dd4bae8e4c16f1239	591438
S2	03_filtered	ERX12083780_filt.fastq.gz	ff02ae2897d77fc3da5491b0a0f52536deea314abe78f8b9e2fb88ab1cabe7b7	63846
S2	03_filtered	ERX12083781_filt.fastq.gz	2b53dcc6680583ef46ffbc389fc7caf1774d919119243bb4d0854bf25f9f7473	340243
S2	03_filtered	ERX12083782_filt.fastq.gz	2987daaae72fc6a0e6caba6839b6d1327633889a9acc53efd493c8ef8f9c8462	575044
S2	03_filtered	ERX12083783_filt.fastq.gz	00e58e5efbfba953078190e48c96f2636cf61420354e043ce9f92ba529e273c2	156655
S2	03_filtered	ERX12083784_filt.fastq.gz	29a3e607a0eaf9afcde51f9efeb193bd5554762625a65f3b071857c1e157f020	792730
S2	03_filtered	ERX12083785_filt.fastq.gz	8ffc5b984c2bb2b356e673dd2dc4e9231ba5c72f2228e500bbba8443bf76db77	4032140
S2	03_filtered	ERX12083786_filt.fastq.gz	2bb0e3fad3ca147070d12465cea77131e5178844cfba013ac7a6b3b667494013	385596
S2	03_filtered	ERX12083787_filt.fastq.gz	7e5bf85e7ef0372718b4cb09b74ccc642595a12a52adf8257f0adaa8e4d0628c	534099
S2	03_filtered	ERX12083788_filt.fastq.gz	aadf942dee88596e9ab271efbe9202595cc9bb242680299de91002102eb5838a	764803
S2	03_filtered	ERX12083789_filt.fastq.gz	4af278b58a85f178cfbee4b0716ed7e6bcd221925cfc9926c8f52b23dddcac95	931337
S2	03_filtered	ERX12083790_filt.fastq.gz	2bc219e71218096c46cd9f6fb49eec739c9e102041ff80c528d05f4efdc32352	2174807
S2	03_filtered	ERX12083791_filt.fastq.gz	42379afd765247334563bd2543edebe3dd869efd8778eecfa719690e774eda71	386928
S2	03_filtered	ERX12083792_filt.fastq.gz	78a943730945b1ee883f2316f60dad8370dc9bfc83218da33958b8d01e2fcc51	1747854
S2	03_filtered	ERX12083793_filt.fastq.gz	9845c1d8ce7b249abc0859b20b62ddc53e8a43b4146e038f26730775d6ab6efe	975949
S2	03_filtered	ERX12083794_filt.fastq.gz	9df8bc7a811c38d3ed80e2dd06152ca05f3a6be63309cfcc87a630ea55c522d5	420728
S2	03_filtered	ERX12083795_filt.fastq.gz	9dc2ed6782a069454923541bdf2ab21ea7e404c2ed601d2a4ddcadfdece7467b	481699
S2	03_filtered	ERX12083796_filt.fastq.gz	0d13e11e6ed187740ced108f50e04d02d56182f86c44637111f0a3e3bf981da8	654578
S2	03_filtered	ERX12083797_filt.fastq.gz	59267c453589af6bbe69d22d9a62ff709cdff675387c06f2b7afce52368b40cc	354945
S2	03_filtered	ERX12083798_filt.fastq.gz	d3f83f515a5e39d98085c0ab9ec6b8dad5486fab5f2b12455aae4e828413b2b4	2504708
S2	03_filtered	ERX12083799_filt.fastq.gz	19f75d1a52984f34ca1f7b2c99606595574b44396e81e87cc33f2879a09c2852	518928
S2	03_filtered	ERX12083800_filt.fastq.gz	bacf1e315c0a395054bd6bfb171683a73fda0189e2bf37030f229ded79f7a224	922094
S2	03_filtered	ERX12083801_filt.fastq.gz	5e6a66d358addb89f7a774e6b6c8f629b80f2a6d674edbaa6ca9539f61316170	2944640
S2	03_filtered	ERX12083802_filt.fastq.gz	cc4e1d418d9797d2d7c5a2b304be43673ee6fc171a7bad64ab89dda37927a483	3490476
S2	03_filtered	ERX12083803_filt.fastq.gz	eb9f156b0bfdcd7380dc659398a7eb0459350b7af8efe5b5bd844427550d974a	6439069
S2	03_filtered	ERX12083804_filt.fastq.gz	619b8dab5660c47cb66c9e0e75d566eab77fade32c9b5ca7160e9a2a9a8753e6	3818858
S2	03_filtered	ERX12083805_filt.fastq.gz	647f8c564f10d9ef77564d09e0c61c5452191381c2b8ae044251c66aceffe67a	357469
S2	03_filtered	ERX12083806_filt.fastq.gz	b7335a1a635dd7e76b8b65a004493fe552329f106cf3345d7a028e59a7e12a69	1181699
S2	03_filtered	ERX12083807_filt.fastq.gz	01e557d85c6d3682b9d78d50812a20dd866d04fd7f30b1a9283d17940fc1eaf3	1807096
S2	03_filtered	ERX12083808_filt.fastq.gz	86b8d4a419eafbfced66a0adc1381cba6e93311b5f4cb59bd4bb6154164da497	3046164
S2	03_filtered	ERX12083809_filt.fastq.gz	235e4ef35c2e89b64c2d0edfd8a5030313f013997edaa03a5f3bfd10fc5ce917	2096333
S2	03_filtered	ERX12083810_filt.fastq.gz	b799272dab4ca076a0e466c691cf75ba71549926519f676f9c3141830e38b786	4406756
S2	03_filtered	ERX12083811_filt.fastq.gz	a5fbda5f37deee5b259d25a059e67888f87954e66aa5668d714be953170a5fe2	4770748
S2	03_filtered	ERX12083812_filt.fastq.gz	49c834863290720c7c6529550ced5c3744c3f74263a595374676ca6c54e570fa	5234
S2	03_filtered	ERX12083813_filt.fastq.gz	9573b1727818aee9491b647ced458e28008f0f69914f8ca494cde84089d8f70f	1088851
S2	03_filtered	ERX12083814_filt.fastq.gz	4fc56d4caae761c99e9dce67529a1b4f6b556eea30ad242a8dfafdd293744e12	1425830
S2	03_filtered	ERX12083815_filt.fastq.gz	6dc19bc577f420f50dcb03508164ea235e90450ee54c43b53b13dce6f6ac48c1	1852588
S2	03_filtered	ERX12083816_filt.fastq.gz	1c9a635ff14d2bbdd7631ce90ebbd72d5efd860705c0bf3bec8bc934995929b7	167095
S2	03_filtered	ERX12083817_filt.fastq.gz	d3fde6de7836d1bb22ce30e19f6034e76235f62e606ca477c3f581c053289bd7	1179781
S2	03_filtered	ERX12083818_filt.fastq.gz	eae0b034d7e7ba7d1edb5ba204a2e4b6fca52e8a3124e7342c21004c783c2997	347096
S2	03_filtered	ERX12083819_filt.fastq.gz	ca30b713e1750783c9cea092bf6545bcc909cb5f0751a0d1fabc88f831c76e9e	250979
S2	03_filtered	ERX12083820_filt.fastq.gz	b593ba9e0101d89064e3e9d8a9fe707726a270a6ea7e49f6b119862af373d2d0	2183710
S2	03_filtered	ERX12083821_filt.fastq.gz	93e6a8d0e69e7016a8a8e3ec17e63893661ceccdcb631cb273dc3b75eea78264	487736
S2	03_filtered	ERX12083822_filt.fastq.gz	0f4d06b4a2f76b8b314118dc91d44e904e14c1e3358dddbc4786dda7dce25b6e	2314744
S2	03_filtered	ERX12083823_filt.fastq.gz	2f58e53eabbc456ecb6d03ea2e1b1fe712cafcf82f4413fea97c958563a2a518	239756
S2	03_filtered	ERX12083824_filt.fastq.gz	25002f97ab767a576a274517779c46a33a5751323ae7c0ecc7ab743ce111a417	796043
S2	03_filtered	ERX12083825_filt.fastq.gz	6f234382dfec9f67e1a620ba3910a85eb3be0a193c27f9bda6d11a739a879a3b	765376
S2	03_filtered	ERX12083826_filt.fastq.gz	9dc11dcf31d7c28294388fb52fa761eeb737136439ea38ce35ec7b367f6131e4	2125558
S2	03_filtered	ERX12083827_filt.fastq.gz	3215ee5c6a198b2346b690ad67a10152cf60cc6af5e2793ce8addc0fb51f9794	2244963
S2	03_filtered	ERX12083828_filt.fastq.gz	b716d106d35cdf328a517d0cb3846687747f88c9aadfe0d80290b44bc47036b5	3606270
S2	03_filtered	ERX12083829_filt.fastq.gz	7616f293e7d6d03fe2af34649ac48796b5b52c7e61611fd629f03915467bcfa8	1533339
S2	03_filtered	ERX12083830_filt.fastq.gz	e2a818f4cb052764a1826b2365a2cb32cd90f3d90957f62453342e69f0d2f104	1440190
S2	03_filtered	ERX12083831_filt.fastq.gz	2ed8d0421c7f2b6ad0a50246c56106cb6c52f66dc00aca010a956df80c233ff3	546463
S2	03_filtered	ERX12083832_filt.fastq.gz	4725ed9e5ae7458d528d39605ca55653b7d24db77c0109106154d9f0977b8026	1523910
S2	03_filtered	ERX12083833_filt.fastq.gz	6c0d3b5a79bddb6f611eaaf0358c71ed224b447bb5fa4fd1886c7d413c2e4f52	3987607
S2	03_filtered	ERX12083834_filt.fastq.gz	51bc7698b35b9f103add764fec617f4d11301cf13bc10844357b0ba0fbf3a282	1136642
S2	03_filtered	ERX12083835_filt.fastq.gz	a7ccc246eebfc8899e9402c06cd5752b421fd201611b4a3cdc4ee1a0bde2b129	203079
S2	03_filtered	ERX12083836_filt.fastq.gz	a3ac3526dc4a5c0b51db8bb5dc6ad60292370226d4f78f8218c8299ac8008490	539918
S2	03_filtered	ERX12083837_filt.fastq.gz	f610ff6ff53936f06f7bfbc7f5f7060d09c68a2141aecfed95770c87969e6000	194045
S2	03_filtered	ERX12083838_filt.fastq.gz	bebae93cd2e893d3d8a698ef629ea7814eb27f46979c65f19f6ab31db2f50a11	2723421
S2	03_filtered	ERX12083839_filt.fastq.gz	54e5b5cdcacb306794c4484e791b537f8f78b332780bd103fcae4fd89cb0011a	1223111
S2	03_filtered	ERX12083840_filt.fastq.gz	6227c06a44af1bde8570f7f42579576b099058217643f7eb768b347fcd8c410b	390921
S2	03_filtered	ERX12083841_filt.fastq.gz	839ebb813250b161b6fecaf700ccb05cfd539fd29daf41f2adb8bfb10ecbc75d	391992
S2	03_filtered	ERX12083842_filt.fastq.gz	e73de938a8330fe25becebc69fb57fc18b0960b3762ae7662ef1fa50ad3247ff	535889
S2	03_filtered	ERX12083843_filt.fastq.gz	ba5b5bc4e1d14138dc0a9883a776f93942e348d42c564da1ccf43fef2cfb0057	550145
S2	03_filtered	ERX12083844_filt.fastq.gz	ccdfa6df407b66c28e9384d404f900e5bf8eaa22700e4ee8eece81ed780095b3	1324860
S2	03_filtered	ERX12083845_filt.fastq.gz	d8d5f6c6798b33beff8a9f893486986afdea3115efc6b79804d856b26e29f962	284735
S2	03_filtered	ERX12083846_filt.fastq.gz	f4da4106ad07e1c77efdf36cc4d7522a3e21f4be5045c7f504ae7ef68c1321ef	1430182
S2	03_filtered	ERX12083847_filt.fastq.gz	18fd4fe19707c55be938fbdee97867b8853edd7bc1a4bfc6b0319434fac16e03	4721357
S2	03_filtered	ERX12083848_filt.fastq.gz	09c42e2eedb352ce1db9837c714220575ac3eb478f77f137d20e6e7b3df7b98f	7284484
S2	03_filtered	ERX12083849_filt.fastq.gz	b7742d259c197b399d0a7f03efc1e4c1806341dd06067c1741fe38161074f64d	4171554
S2	03_filtered	ERX12083850_filt.fastq.gz	c7c6af224d8f21efb34bc1ea82cfc690bc162c2a9d483d7be74af8c0496a4b02	6784896
S2	03_filtered	ERX12083851_filt.fastq.gz	73d7b1564df4d51a6e06ab4be376b97ffaaa1a26d9f0de4768cd0f78b6a2c6c3	1791819
S2	03_filtered	ERX12083852_filt.fastq.gz	cbc10fa26dae15545218e48319e25bf6083b103b6c5d98b0164d60a566a1f8e6	2415353
S2	03_filtered	ERX12083853_filt.fastq.gz	18d9bbce9cc8ad3b844ca550f619b621ab0a30e2fd391796a9f11a8ec48d3930	5993827
S2	03_filtered	ERX12083854_filt.fastq.gz	5dbd9ceb5117aac327edb9852e504db5046bea69af6151c9cf0b207734f0baa2	6168595
S2	03_filtered	ERX12083855_filt.fastq.gz	1e01fcfee92d0b50d0f5eaae7d55f24d7e9a45161e46b479d30200e770a61775	2401602
S2	03_filtered	ERX12083856_filt.fastq.gz	4bb7821cf05d500c91be3e54d529e7e68053c65e869ac8b07cbe74ffaf9d6cd7	4813125
S2	03_filtered	ERX12083857_filt.fastq.gz	c202cf577988308974d17dcf4f60ce9b505e2b2b9699ca877d0a3261bf52e201	3957276
S2	03_filtered	ERX12083858_filt.fastq.gz	323d5958a70f11dde2ddad1e2819128d3fcdf8466bea099ab99b92c8843f6395	11158678
S2	03_filtered	ERX12083859_filt.fastq.gz	c698fec163605e41a656f1873d9be73fdaf350546e431a4c6b61c1abbb79f762	980439
S2	03_filtered	ERX12083860_filt.fastq.gz	ae730a66807405c5683280927749ead494caf0cce6fed924d81bdeaceffb18c6	456645
S2	03_filtered	ERX12083861_filt.fastq.gz	07e7ec417a32e7db2123d1f4bb2df99b65bfe1daa3bb48e1a33bf675772654ef	344563
S2	03_filtered	ERX12083862_filt.fastq.gz	4b6e535da51c652100b041d0c372623b71361cbb263312d5063bb42089afca63	7048394
S2	03_filtered	ERX12083863_filt.fastq.gz	3e9b640f82e53945e3e426b0ae7de09490275e1ee2c8ee49ec0bb934a7ab832c	758585
S2	03_filtered	ERX12083864_filt.fastq.gz	fb94bafafbc4f0ed834506dfa8c527ffd00b3ed6857df6300e927aff1f5d5559	1009775
S2	03_filtered	ERX12083865_filt.fastq.gz	cd0e40c8671876707d4a0a99312a2bd5d3a45faacf4921d1892b0b050524aa6a	980689
S2	03_filtered	ERX12083866_filt.fastq.gz	a670ec68ebdb2b417e62b2b7c8e4d69f21963b33146f7acfc16cb14aafdfafd3	4407479
S2	03_filtered	ERX12083867_filt.fastq.gz	e89d476b43b257879b639794f5c98da82412ec192dea7dd3607588a8c9173db4	1393305
S2	03_filtered	ERX12083868_filt.fastq.gz	2559e879043b8e85dc76ac6a113b0890463651d5c390b8592931c0b098acd03e	14480908
S2	03_filtered	ERX12083869_filt.fastq.gz	c2ee1656cc1a7c8196dcae66611b0b578c9460cbfd1510982b0ddd87fd92648e	4581446
S2	03_filtered	ERX12083870_filt.fastq.gz	1fa070cc7afea45e5de3d8896f17b33d79c1c105ecada2d3898c5d679e42c55f	4215921
S2	03_filtered	ERX12083871_filt.fastq.gz	ffc73842c21388d544b6d463c424de807d24de68d50237998bec6c8f3daff820	3230291
S2	03_filtered	ERX12083872_filt.fastq.gz	f65a9f769ea67ce1a88dcbc1572e4aae07c998e748745f9d1e5cbf2cd85cb382	842331
S2	03_filtered	ERX12083873_filt.fastq.gz	6a627839ad981e44e35c735628b9a53ff859e55d52e551b5b2acd3330cb9f3e3	314832
S2	03_filtered	ERX12083874_filt.fastq.gz	72fe87bfd66be93989085d378dd3a132c4c12ed6a86ca860bdb709ee64896af5	8734029
S2	03_filtered	ERX12083875_filt.fastq.gz	7f6c2eaf3d182d0d1f2fae987bd595e3bd9a3e9efc2dd5451090c73ff5862ebd	545735
S2	03_filtered	ERX12083876_filt.fastq.gz	9da2efec2d8bf125f9a75ac52169400eedbfcca4c4cafa0ee392afd51f00f308	759898
S2	03_filtered	ERX12083877_filt.fastq.gz	4e56148238fa1fc37b7cdd6bc4432c125277ed6647ac8e2b273625c4da06099e	3039865
S2	03_filtered	ERX12083878_filt.fastq.gz	9dc337391fb5ab7b82ad26d5547da36cc0310a18b8812ad873a83c19c60db168	5071832
S2	03_filtered	ERX12083879_filt.fastq.gz	3e2a4baac897a8ed992f2effe8b7c58210513dbc6e261fdebfc4abe0d6150b3a	2689793
S2	03_filtered	ERX12083880_filt.fastq.gz	3ed0e8d341f7a66f9628c9bc6188ffe9766faab53b86b97f879a026557261d89	3158283
S2	03_filtered	ERX12083881_filt.fastq.gz	5e6387c40f791d14c56a88110fb4e9f7db06f2a4452a0a9536c1e64a3b0b3710	1859622
S2	03_filtered	ERX12083882_filt.fastq.gz	dcf900b8503de84833cd3e062a4e5df629a800624a416c46bf25d8a6191d26c2	1667169
S2	03_filtered	ERX12083883_filt.fastq.gz	8cc56f46065321496204bc05fc65f923b37d5159c332bc0f054786a7c1942b25	5989134
S2	03_filtered	ERX12083884_filt.fastq.gz	04a09387df6be49ff831756c152ddd45cd9c7775390c0ff17f3c03f7565a75f4	2502925
S2	03_filtered	ERX12083885_filt.fastq.gz	1e20adbe4ce9f0b545078e9b8ca466590f0adab354db5192abb6b9fa3737d40e	10489642
S2	03_filtered	ERX12083886_filt.fastq.gz	736acd2f55dd3d2301406b5bfc1c2a8bdddf0a56612db9027c69584842d5a798	2834250
S2	03_filtered	ERX12083887_filt.fastq.gz	244cc2463d64aa87c3183f2c1f31f73bcf24d1520e0853b198da038501992a36	3805801
S2	03_filtered	ERX12083888_filt.fastq.gz	0a2321e633f6998e4b8f4644786d3519fcdde0f880568d184479038fe5876b8e	401311
S2	03_filtered	ERX12083889_filt.fastq.gz	fcb3b24fe905142a2d03c6317d810470afe23e06fdd771adb41d69edbdb291e5	170263
S2	03_filtered	ERX12083890_filt.fastq.gz	c24ef33e9f94e6c67eb1b358c70ee663fdd0d89d3b714131fa5654bd43b16ee4	236834
S2	03_filtered	ERX12083891_filt.fastq.gz	c4a23f77eed7e381de6848584bd8283a5538e58668a02cb498e158539530dbb6	278228
S2	03_filtered	ERX12083892_filt.fastq.gz	1dd17587ab2df8e031cf488240313503b00a1bb5c20e1f3652fc6dfad153904a	3241662
S2	03_filtered	ERX12083893_filt.fastq.gz	0db118a9ffb836652b8595f13c49b40030af24d90bae31ab177e0745ad47bd31	6551354
S2	03_filtered	ERX12083894_filt.fastq.gz	8d159d8413fdaa0771b0141fea7e8f7b903831bfdfa624daa8593037429c358a	1564037
S2	03_filtered	ERX12083895_filt.fastq.gz	0c14e4dbf8856cc45094d465cffdf90910fb1e9ae91f38c88d96b639b940190a	1648316
S2	03_filtered	ERX12083896_filt.fastq.gz	2f8cca53bc791df1c5b72be546154864e4a9b764905ddbe204c3a100f0edf1af	2503032
S2	03_filtered	ERX12083897_filt.fastq.gz	fa9aade94e65b31e6ebb1ce6976f26516319ab9756574b0ebc99c8f076430151	478996
S2	03_filtered	ERX12083898_filt.fastq.gz	4ab6bb8f1eb743fb5a38d46c26731a8509e40639e3cf248899ace4d58eb1c2a7	723742
S2	03_filtered	ERX12083899_filt.fastq.gz	be66fb85ef2e156a969ffe64ea2c4266f3be626d7e4184ac15a8fc53b1d7b671	481638
S2	03_filtered	ERX12083900_filt.fastq.gz	7a5a9ed5e33754fbf1ddaa7e1f1a0e6f48509bd876489013893f74947e89ab22	395874
S2	03_filtered	ERX12083901_filt.fastq.gz	112dd794d47173b39055814fa584572f2c2660e60f56317b0e2e485f85cec466	745583
S2	03_filtered	ERX12083902_filt.fastq.gz	0944fb300a3d98a297a3338492faf8ba0e5ed1ea8f30605d904ecf0a2c12861b	307176
S2	03_filtered	ERX12083903_filt.fastq.gz	352723cfeb606c827d1c24a5076e99693a1314c6347e63820c7defcd814e4cbc	840520
S2	03_filtered	ERX12083904_filt.fastq.gz	6722eef8c5d9d8c4f61c9bc0914f91f9126c8ef25844a41f32798b33a9ca87bc	586091
S2	03_filtered	ERX12083905_filt.fastq.gz	a67eb575affe9a9ce8f6eb6a78161af4af3bef64426e68dc35c90b152fae5e76	1099145
S2	03_filtered	ERX12083906_filt.fastq.gz	763a10994a79aaa173146a967c806598c011bc7f7d1489f239842562d4b68c2c	2512305
S2	03_filtered	ERX12083907_filt.fastq.gz	5a7b19a0b85e64aa7b21a160d3c7d6277fc84b72cb563393447d873b8be1f015	3361794
S2	03_filtered	ERX12083908_filt.fastq.gz	f61ead928176847cce9417f2783d4b63fc475377a181e18dc3a5eabdaa674529	868297
S2	03_filtered	ERX12083909_filt.fastq.gz	19ab656104d95de23eb26260903aeaa854a9605603c0ed454fc286128978a9aa	4954442
S2	03_filtered	ERX12083910_filt.fastq.gz	799af6fce173c35f5faf71f89d569493ae080f69f7f38141a4b5f9326478f71a	3283760
S2	03_filtered	ERX12083911_filt.fastq.gz	1228059888efb461f45c24b802ea967f9320c9108038d4ce1da8d39fcbb4ec05	907022
S2	03_filtered	ERX12083912_filt.fastq.gz	08fb84ca86e76acc4e38d6eedd524b10fa0e39856151ce7c161fb749f20bc601	4167982
S2	03_filtered	ERX12083913_filt.fastq.gz	2da3e530e988dccc97f17c718dd4e1b3336af992fef4727d66b717f36033ad79	2352031
S2	03_filtered	ERX12083914_filt.fastq.gz	1ce0ca358b522b25dc5beb7ae631b54a4ee372b33ee48be1d181b3ab339a441d	231715
S2	03_filtered	ERX12083915_filt.fastq.gz	5771930d2d6a67fdebc1bc1cbcd95f4f99d05dabaa215bbb16d4c42a4543300e	2142363
S2	03_filtered	ERX12083916_filt.fastq.gz	fe669c68a384d2f6e0944dab7bfad013f9ddc4fda5a411e5f9aab4adb3800186	2232654
S2	03_filtered	ERX12083917_filt.fastq.gz	392319c1f71071f96d541b9ff61360b8e77137d53070bc396d160318dccbe6a5	224792
S2	03_filtered	ERX12083918_filt.fastq.gz	364b2ab83b1000b26269024705ca0185c708114299c7bbd5f6143a60bdc3cc30	516654
S2	03_filtered	ERX12083919_filt.fastq.gz	f817ee85d01c2826ae428869ccde188ebc3e4dcc3784794053be0991894202c7	1077996
S2	03_filtered	ERX12083920_filt.fastq.gz	6c7f6992572503880351178ab326c14b9af8e27ecabb7639b149d62a52a54ac1	364780
S2	03_filtered	ERX12083921_filt.fastq.gz	dec45d3dd6c1aec51d3e3f7e7388a12f49efecef81ca9036208e07fa94fbd4a1	873464
S2	03_filtered	ERX12083922_filt.fastq.gz	13cc527d035c808f2502c9091899397206faf2fddc42824f3c2355e133ff97be	167281
S2	03_filtered	ERX12083923_filt.fastq.gz	7159a07efddeb87e23d140fb6c9d295fa0ef0a95e499bfdd86666d809dc6e9ec	5326877
S2	03_filtered	ERX12083924_filt.fastq.gz	3686e55b431f842b236076f7f785727820eb711464dd6de7d1f869529459c7a7	2236791
S2	03_filtered	ERX12083925_filt.fastq.gz	92cd8641a689a722fb68300ed98ce581911daaefd180788a0d3933e358623a72	467056
S2	03_filtered	ERX12083926_filt.fastq.gz	fe609993b6d0ec450636721717ddfe563cd0259886200fe4ea4cf3dd9a7bdbdf	1158324
S2	03_filtered	ERX12083927_filt.fastq.gz	e8971662696ae3c506c4053ce6f8bfb69b4104e5a5c8a043effecda68e970c76	2004280
S2	03_filtered	ERX12083928_filt.fastq.gz	6ccb7ef646c3d2d51ea05603bbe67087154c2c94eaa164f307bb06671a5943c8	2241429
S2	03_filtered	ERX12083929_filt.fastq.gz	54ac4338f8901181f40decda189e9a6663376266eeb2f05e387daf6e0a03898c	418249
S2	03_filtered	ERX12083930_filt.fastq.gz	2199f078661ee45db1467fe0f08b5bd086a749787b775e7dbcf55fbdae6a6a9c	6771226
S2	03_filtered	ERX12083931_filt.fastq.gz	eed332807430e3c063f41677592340371ac98a3af85e8c2a2171d994df4681b5	1472059
S2	03_filtered	ERX12083932_filt.fastq.gz	892c09b33e0e4abbf76e82d9d825ddf8d7d6c234bb9a4821bcb201d850d4ac8b	2488773
S2	03_filtered	ERX12083933_filt.fastq.gz	12817a062ef989ab4fd3f7b6b0f5ca78824106c3b2c32a1ffe338baccfaa8109	444065
S2	03_filtered	ERX12083934_filt.fastq.gz	be9ceb2d8a705b08537f558425dde5fd9ec94847ee23cc099fea0a243a8ad1f2	271830
S2	03_filtered	ERX12083935_filt.fastq.gz	953f1665ae48a28ddb7823a18e9bf7d8aacfd3d291dee9b76fdb66937efba3bd	411627
S2	03_filtered	ERX12083936_filt.fastq.gz	2412908618f3415f73424f61535b4291dc657541f51669f2428ee36b28637427	276605
S2	03_filtered	ERX12083937_filt.fastq.gz	01aa1bd830e5d6fa7c35645b98d6d79eb4464338fdef3b1b8f38c289f1f0d845	360801
S2	03_filtered	ERX12083938_filt.fastq.gz	b0043f7adee73cf27122c24de99089a06a906717e2991c20dcf94677c4cdf368	756572
S2	03_filtered	ERX12083939_filt.fastq.gz	3715462a7c528affca18f89a1173d75ff90bb8acbd31e640213c827b4934a14d	2603456
S2	03_filtered	ERX12083940_filt.fastq.gz	281c08795ddbe5924eb02d40a2d1632166ab60a9fabc9df0b219e479c1b90255	5747850
S2	03_filtered	ERX12083941_filt.fastq.gz	004a994d585a09aac4be540ad9ce3e4e23c181d46157991a50ca4429cecefad2	2270922
S2	03_filtered	ERX12083942_filt.fastq.gz	fa895f3172d2551282b201a301d926c9249d2b34d28ba2352192f5693b8625e8	2112395
S2	03_filtered	ERX12083943_filt.fastq.gz	4c43bf937a87b961abf90cc6a0658d0989f7f34f51cf3f4ff9068db4a4514077	323164
S2	03_filtered	ERX12083944_filt.fastq.gz	cc970009f2854218d34c4645d332efe7b80cdeb944eea08c516ee7950749cf98	3153921
S2	03_filtered	ERX12083945_filt.fastq.gz	50cd0deb79cc875cb1b8309f766d0f48520ec333e644cb77d6ffb33d56672e57	1879824
S2	03_filtered	ERX12083946_filt.fastq.gz	b1bcbc49e06983b10c1f8c970f3e2ce53fb649b3d5642444415d76b8175688b2	1402311
S2	03_filtered	ERX12083947_filt.fastq.gz	72ad5d7e9b774a809e7e6798b0232233ff85b8e2ea768e61ceb330509cb580f8	6049882
S2	03_filtered	ERX12083948_filt.fastq.gz	632739d2d8ddf8043cec3ba50217c1497b73f1793eeea5c98f498b2390927839	4812078
S2	03_filtered	ERX12083949_filt.fastq.gz	e392f7eb204ab315dd79cbecf8e574002e7e135af43feee6763b57134f9e83c7	3164688
S2	03_filtered	ERX12083950_filt.fastq.gz	6602bbf540c164cc072327893a53144e76a6811ee2fb1df8095dea87ada439c3	8212374
S2	03_filtered	ERX12083951_filt.fastq.gz	cc18e0f818730ac555e2c7c6dd4ffb567fd0f1b49bdebfd93c17044f32767ac7	383537
S2	03_filtered	ERX12083952_filt.fastq.gz	380778bf4eda728be869c59fa9e213aacda4a80facdef3719c224be73e7d88eb	805668
S2	03_filtered	ERX12083953_filt.fastq.gz	ce5adbf18ac0ae961ac3f7fcbe0ead7f154ff4a8a3ecacc1d2c09565b49c6314	11614191
S2	03_filtered	ERX12083954_filt.fastq.gz	f3c5f2867208cbd3986327818cb10279abfaedb8f42a2b089a601ff1f9a6528a	5384337
S2	03_filtered	ERX12083955_filt.fastq.gz	50ffbb6ea60b2dba3d3705086450a02e620e9f8166b429cd9fbcf5fb99c0f1b4	3095836
S2	03_filtered	ERX12083956_filt.fastq.gz	573307915ac96d267273f5db49c41791af8c7f160b408273dc5cabee9f4fa916	7455471
S2	03_filtered	ERX12083957_filt.fastq.gz	3dcffca3b32f1d1b597077ead9713edfb67e97dc1f45d109c638708a53f0c77b	2686104
S2	03_filtered	ERX12083958_filt.fastq.gz	f9e757435f8a2046475740d8f97d4f4f9b2a2866988dceba029dd0e7135225f4	2716163
S2	03_filtered	ERX12083959_filt.fastq.gz	daa8c875b2e34d086ae6ddb4dff49207c859d09309ac4e26b509f96350c813d6	6395486
S2	03_filtered	ERX12083960_filt.fastq.gz	47c813dad9fd7c513d4f3a147d4992167e596789d14570605198ddc2b52eb234	4448939
S2	03_filtered	ERX12083961_filt.fastq.gz	fbea562af037b3ed8d026e04808396b011e0235a7a1a49088f8cac6a25c3eebf	838262
S2	03_filtered	ERX12083962_filt.fastq.gz	9f4f28fa0e38fa7b196d4b1428a2fd13ae312656696ae1676cfe2dc7f009e73c	5311982
S2	03_filtered	ERX12083963_filt.fastq.gz	0562689e02bc181008d2f434eb2e5671d8ad33e08100bbe7bd92c220ac7f2659	2151803
S2	03_filtered	ERX12083964_filt.fastq.gz	fdd701af2d36a516696fed75660beaa2b7597c4c4e5be0374bb5bce5897114ce	2090277
S2	03_filtered	ERX12083965_filt.fastq.gz	a63931a22638d76609b33833fe1b2ce9ae10ac5cc91f336438dad9f4e8fe35c9	438086
S2	03_filtered	ERX12083966_filt.fastq.gz	ff35cf34100a3ab8e036c6ee3f0b633ab76a7948e6deb68745883686f741adc2	1684520
S2	03_filtered	ERX12083967_filt.fastq.gz	9198f7a034f436cad37033a9d753b22eb0cc45655ae78745585e06e042533d31	1625534
S2	03_filtered	ERX12083968_filt.fastq.gz	f55dcb0e704671e509725abe84eecb5b84cfc12d732dc103477573450a7e7cd1	822990
S2	03_filtered	ERX12083969_filt.fastq.gz	ad4c969f0eedfbc5462d3768a9b1fe8d5d1e07abedf557ee301e00d30e537007	830539
S2	03_filtered	ERX12083970_filt.fastq.gz	dca90edfb5a040f73ba0006c51582ac0876f046f04af86c10c6ed3f484482ad6	3906344
S2	03_filtered	ERX12083971_filt.fastq.gz	d7de96151a21d357cdaf85b30931fe8d7fdddb0486363971bbdda4dc96ab21e5	2879556
S2	03_filtered	ERX12083972_filt.fastq.gz	a53ea076fd391828b389e83123bdd5013972e1065bc36ddfc62be520224e915b	2869044
S2	03_filtered	ERX12083973_filt.fastq.gz	5cb84c4c2be2023062b337e3848ece4fa822bef5f435a79299a127612c3ccaba	916730
S2	03_filtered	ERX12083974_filt.fastq.gz	4ead155f2b0bdff4d584d8ead0280cac39c1a5ffc9f77d043d7e43885eb806c7	5834338
S2	03_filtered	ERX12083975_filt.fastq.gz	ba29deb4382591c725eeda2481687aa29c15a5728e8091143a21ffeda94b3ca9	3347582
S2	03_filtered	ERX12083976_filt.fastq.gz	3dae6435362759abd8c990adb853f73a63159a4996e98ad30f93b1d1a05f9e1f	11492318
S2	03_filtered	ERX12083977_filt.fastq.gz	4258c24c9ccea8dc7d255c19dae11122f74ccc52923576d4e151d897c8ebaaaf	1866747
S2	03_filtered	ERX12083978_filt.fastq.gz	73227c570293435932cf516230284ec26fda77bb937ec0db56ca19f1e7c8dbab	2588160
S2	03_filtered	ERX12083979_filt.fastq.gz	d7346db42dd1673619b93883f4bffaf846454beb849cc6d16b8101a7fdff2df4	667451
S2	03_filtered	ERX12083980_filt.fastq.gz	00858d0ca2e363feae562b3f4dff29037761de16e7ec58e8e826e3093aaed189	7051518
S2	03_filtered	ERX12083981_filt.fastq.gz	817284fb381b55f29f032ac6157f6ba783e633fbb3d95393c4dbab2abb396261	1263275
S2	03_filtered	ERX12083982_filt.fastq.gz	18b857533ab0990c18b8b99e914958de72d0442301db12e2ba368e41988a141d	1088386
S2	03_filtered	ERX12083983_filt.fastq.gz	62b8c0c3c21c587dbc959a9c4ffce97f63445276eaa77e60835c02c384bd4273	483696
S2	03_filtered	ERX12083984_filt.fastq.gz	d234c34ace0dae27656b2b24a9aea93c764e894d2145e93fc02331dd8aeb86dc	8384378
S2	03_filtered	ERX12083985_filt.fastq.gz	5ff3eab343fff9700fa10a73b4ba92e146354e5c4539ba4023839800e3b957f9	121455
S2	03_filtered	ERX12083986_filt.fastq.gz	910f63c4b45ea8d58e80191325243bc71a6377b717b07814b1bb6908f2efc1cd	6775738
S2	03_filtered	ERX12083987_filt.fastq.gz	0c3de269508841128efe9ac7c2bee61e04476d8e7a76de87a18f5598d78813d1	2933888
S2	03_filtered	ERX12083988_filt.fastq.gz	c0f6b98f38aee9412aa40a76986a7e975a5e1e3a05e9dcabf3ae4f032cdac396	711527
S2	03_filtered	ERX12083989_filt.fastq.gz	45642e2a34b48582764706bf3a5a7bdca55488abf828d08d3a54c15ae129c04f	2501616
S2	03_filtered	ERX12083990_filt.fastq.gz	9be2f4351308cea9f45f34515875a99551437fc59cfba95cbb4b03de39854b41	15653199
S2	03_filtered	ERX12083991_filt.fastq.gz	54d36bd9bc0fce016fddf2eb2f2f165b7429cc765ecd6df7ebe67539e9c4c21d	7674616
S2	03_filtered	ERX12083992_filt.fastq.gz	4cf071a0432f626f686e2d464a9abc91ed6f552e8fcf7cdac7030e23f3e587fd	4041470
S2	03_filtered	ERX12083993_filt.fastq.gz	9449a41c3571086d11be05c8ae6b52470a7370ff951aa2c547390ece85e7b08c	4903973
S2	03_filtered	ERX12083994_filt.fastq.gz	91277dbef58504256e3f74bf13182d78a517fab3a521f4fafda22bb1f4596da9	13711529
S2	03_filtered	ERX12083995_filt.fastq.gz	e49d2ccde046b6acb5c246cf640460efe1722f71028d13467a84161b402ce25a	9027567
S2	03_filtered	ERX12083996_filt.fastq.gz	3cb66d86d4626b14ea31e43b4588a6fe8533ffc7462f2ea0de55473ef96d607a	5029966
S2	03_filtered	ERX12083997_filt.fastq.gz	c08f685c08b8af788302d8c74cae95b6e27d12df7d64fcfb77d2f3be9c225a50	473162
S2	03_filtered	ERX12083998_filt.fastq.gz	243d5764a8757c3157aafb80e35724a208c20a58f3e45041974c6142ae82fe9b	8248917
S2	03_filtered	ERX12083999_filt.fastq.gz	dbf82e2516a3a5917a6f806928141bda2cc6af353fa41558a3e59272f3552381	4953721
S2	03_filtered	ERX12084000_filt.fastq.gz	2517de7f5353da4afd2a45e64ca148b023b14730dc5fa0ae29c16a46adfccf15	1918903
S2	03_filtered	ERX12084001_filt.fastq.gz	19173ec4ebe7e89407cab1eb73aeb9119308ed2e7ab800cd24d55b7f846be830	356413
S2	03_filtered	ERX12084002_filt.fastq.gz	a3f3834daecb859fcbc01b152c118b21ae4536b0d64a435cd0c94c4dd65c012f	836539
S2	03_filtered	ERX12084003_filt.fastq.gz	18d715c63e18e459cbeafe4e1493d607e9c83e07e7cfded54a71d8d4dafa4692	4291878
S2	03_filtered	ERX12084004_filt.fastq.gz	ecb0f8cbeb02ead78e942158b722a927c4274b02b9d2c64c2c5b2d7cb9316671	4743079
S2	03_filtered	ERX12084005_filt.fastq.gz	e4794c984a4956cf1450135d29bf844cc6144adf9956ca6c98b0adbef417b988	3293780
S2	03_filtered	ERX12084006_filt.fastq.gz	01da6222f545b01d67d7abce85f163f1dcff92a3b6057b3fdde5275a23a60761	17678874
S2	03_filtered	ERX12084007_filt.fastq.gz	3746282c679b3d42e0de8191ab867f6912669b93c62cba1e2146a05043fbc167	2941204
S2	03_filtered	ERX12084008_filt.fastq.gz	8146873d27ddfaa902086319e769f74fa8b8d7b8e0e524c8b3e7be72aed624f0	2579086
S2	03_filtered	ERX12084009_filt.fastq.gz	787b9db1650584f720de526fd04db6dfd1fbdb9eb66099a728dc126807b07f8a	1247575
S2	03_filtered	ERX12084010_filt.fastq.gz	bd6d5520dcc650077a69c2a803fc84b03ae6cb25081b3fad6b132aadfc327cfd	873095
S2	03_filtered	ERX12084011_filt.fastq.gz	ff9c73d547e862bdd6210b9c61f1c2def6d33627f8c1b3eee095b517e3cc3570	8841680
S2	03_filtered	ERX12084012_filt.fastq.gz	ced85a64f1ad37f074edddb6bf35c3f86c5ea07d96855bfcc7f1685862b7be6e	1940291
S2	03_filtered	ERX12084013_filt.fastq.gz	a9ac8696e28197db5906f4051f715cda0fc1bf2d3bc5d6e6ebc39ad7321d8dd8	5198230
S2	03_filtered	ERX12084014_filt.fastq.gz	04b482298c4ba2e6cdab53eb112424fbdefc482800320c553666c2c518e7b75c	11762396
S2	03_filtered	ERX12084015_filt.fastq.gz	ef905a52dc86e506511cb66966f325af16608c41e6fb54c8cdc5ea483384b693	6538457
S2	03_filtered	ERX12084016_filt.fastq.gz	422e1c5fc9ba80e5b10a989a593bb3294aa122d687942d1d0fa29506bfdf2edd	10498279
S2	03_filtered	ERX12084017_filt.fastq.gz	33bc6a03172daf9e0b00d60701e130026e6410938485ced8deed8609fdcf542e	7681327
S2	03_filtered	ERX12084018_filt.fastq.gz	4cdb5d2aba6f3548767f04a91563f2b4dfe74434e32c5125450fff668e8d7e44	7266035
S2	03_filtered	ERX12084019_filt.fastq.gz	4e3dfb03676a09c0aac112b4f78dfacec107ca864af1cb757432216c8904e058	624590
S2	03_filtered	ERX12084020_filt.fastq.gz	e03785065296916bdd3ac5b69b30c76812ab3141e63d3b26876bb655d17ea945	602142
S2	03_filtered	ERX12084021_filt.fastq.gz	8a66e1e8cb008c57b11508330285cc0a71712e9eb20874aad36ebf9c92a0d41e	236069
S2	03_filtered	ERX12084022_filt.fastq.gz	5e79caad55948c1aef6249613e8fcf6974b9ccd51ba6b589c6006635b7b0916c	283557
S2	03_filtered	ERX12084023_filt.fastq.gz	8bf9092b2baca9e86997352beaeb351b0ea8fef49bc62cfe4f6d6e144ffeae81	4040252
S2	03_filtered	ERX12084024_filt.fastq.gz	7962df0d938af3b5677f656b95a0309d1dcbdb085ef166b851b6ad386afd7ab4	8600706
S2	03_filtered	ERX12084025_filt.fastq.gz	1e83174a4f3262d306e9c2894b836c74d79e3890582c104d500523a8a461f000	5327763
S2	03_filtered	ERX12084026_filt.fastq.gz	039db7f517b7f06eb9f6314712589b20e8cf130d4c14adb5bd727626c35abb9a	5069043
S2	03_filtered	ERX12084027_filt.fastq.gz	da909e32596b353cba6121c400b6cc6c06bd934fcfe3ee51201f302f77e6fa5b	1966455
S2	03_filtered	ERX12084028_filt.fastq.gz	b099fb68d34c204b819d2f27ec18a62aaa74aacf7d60bc0dea9efe4375b492f3	216389
S2	03_filtered	ERX12084029_filt.fastq.gz	0493c9ac37a28b18fc11c90110a0689ae9b5c38072ea3414ef7aa23625fcde7f	1454817
S2	03_filtered	ERX12084030_filt.fastq.gz	d54c827da159d7bacaae22a103cf75a1495b3dac97a97031e3e4f76b8ebeca1d	582942
S2	03_filtered	ERX12084031_filt.fastq.gz	c0c5519878334c34dd2155e474dc41ed048c1110a162c456da36a672926d14c8	1351533
S2	03_filtered	ERX12084032_filt.fastq.gz	edccb9c24632e1d2d0f3fd4b7c1cc19a403a88a2252b3f855d41cae50d4a1c41	1305135
S2	03_filtered	ERX12084033_filt.fastq.gz	4e7f24fb95bac03430e274c88ccae782c6307e68442f861149ffff37faaa6545	2852303
S2	03_filtered	ERX12084034_filt.fastq.gz	f881fa0b6b916280091c7999feb924ca0b2b2de0f079d45a70ebe8ab008b6451	1585439
S2	03_filtered	ERX12084035_filt.fastq.gz	42091c22fd9cdf9272727fa2b135671095163d0c5c36c01e7772b0cadff3a5c3	948626
S2	03_filtered	ERX12084036_filt.fastq.gz	b9845e841757fd8dff657fa250024ef01c0d31d61727a333f89b4e3977416580	3336357
S2	03_filtered	ERX12084037_filt.fastq.gz	b694bc90b74b6f00ebd497ee21c1dbd36ef31d55c07606de1fd2d61dd0441f6b	1515485
S2	03_filtered	ERX12084038_filt.fastq.gz	135b6053aad652513a8b38fffad5996a9aab15db7409977e6db95cb94f198054	4113367
S2	03_filtered	ERX12084039_filt.fastq.gz	a8dce265d4ad6a610b9e0441745e0a9cabfeddb1e9b3b63f62ad330f4744cc0e	2295366
S2	03_filtered	ERX12084040_filt.fastq.gz	e13d181792bf0575486953a6e326b1a6ac0d0ca330244ca5cbf2900befc60bf4	3705078
S2	03_filtered	ERX12084041_filt.fastq.gz	b217abeec89e941c4d7b1ae6ec1fe74df433dc1b96fdf3bae4fbde126bd9f88a	7404709
S2	03_filtered	ERX12084042_filt.fastq.gz	69cef86b2466913587b4cc48fa2314c461c7afbbabf0c50da5c2d79d11809457	3510672
S2	03_filtered	ERX12084043_filt.fastq.gz	32e31926c98b8714e3565142973ed917332bcb61df6959c34f99a1690fb409f9	1655305
S2	03_filtered	ERX12084044_filt.fastq.gz	e8c91bb312fd0df42f59e7ae1812bf4272c53a8a1dee5cd52ad05456c2adff7a	6174315
S2	03_filtered	ERX12084045_filt.fastq.gz	0c8e5b8f5276683d60493b996207a3aa97b891fd1f5b58e06249e63f48003ad0	4742236
S2	03_filtered	ERX12084046_filt.fastq.gz	9e33017293526a92f56f0f8aa5d9f0f1d4f86379869e0958d9e2408ba707c00f	3081315
S2	03_filtered	ERX12084047_filt.fastq.gz	2e307fce2fd63ee5ba451b3bc6338fd917e6362cee79b5efe55a33ba3d63856a	9562149
S2	03_filtered	ERX12084048_filt.fastq.gz	f9068d771669ffef20e8a8e2bbb6ef293b3dc7ce2f49ac8b2be4d7fc58a2945a	5595164
S2	03_filtered	ERX12084049_filt.fastq.gz	ac45d28eb77fcfaac83230fdc12147456f67c7c730319cfeea77dccbbb7ce910	8387246
S2	03_filtered	ERX12084050_filt.fastq.gz	b71e3eaec7cf646c2d746b7eabcbd91c231918ea96113a269b8d57eb806d236e	3570556
S2	03_filtered	ERX12084051_filt.fastq.gz	dce55298b0a3746677418bbf3fefbf5aa6841c7d537e58ecd03777f1661a724d	2559210
S2	03_filtered	ERX12084052_filt.fastq.gz	8684613d544a41f7c1dd4999e4e3da98a8e11e614ab89f93003a24156af7aa46	4736634
S2	03_filtered	ERX12084053_filt.fastq.gz	71df08407d79b54f456f9d98e720151e1eef75adf2840669928ab89b02f1776c	3981371
S2	03_filtered	ERX12084054_filt.fastq.gz	0de706c698476611f319ba709708141f03e769300c3bb95964a0b591f3364bef	4729275
S2	03_filtered	ERX12084055_filt.fastq.gz	040109c79d23630336c7a2e279f02abd4638d9bcad3f415e461f25d1d5e07d3d	7635011
S2	03_filtered	letture_filtrate.tsv	43f2428b00eaae4af3f5023843e89e83bdda1015c578c11b5f77228f6565cd9f	25645
S2	03_filtered	letture_prefiltro.tsv	a1d429374a6854905f1c719c8a5159e3a49923a485486741c03dbab1334f746f	26610
S3	04_error_models	convergenza.json	7834df6ad0858522b7958fed1ee5ea035d82c5bb2ea982eb86f18ba8ea89361e	172
S3	04_error_models	corrispondenza.tsv	24ae0a26637aaa34bd0e7cf90d8244910acd5482353bc5edab0196aaf29eee4b	75863
S3	04_error_models	modelli.json	55543f8a6f843bb61bab32a215bc8211d9f9cf8600e4733159bbf7311c0be43a	2080
S3	04_error_models	modello_3DMM_Plates_1-5_S1_L001.png	22acfb381549c950b5f04fa28f571c79822e9cf8e99a1595546972f381897795	197371
S3	04_error_models	modello_3DMM_Plates_1-5_S1_L001.rds	d305ee8bf43628dd2cb4aa53565cfba211c5811baa505e056254f3404fc8355e	18766
S3	04_error_models	modello_3DMM_rerun_Plates_6-10_S1_L001.png	75bd5122dabae77d047a93ffc8ba01fd7c1de01a37639fd59fbf80c8ea95b237	196836
S3	04_error_models	modello_3DMM_rerun_Plates_6-10_S1_L001.rds	e5568640388a7b6c4f22e3b310f91f55b00b7175e92495e9382660d6370736f2	22752
S4	05_asv_inference	errori_seconda_passata_3DMM_Plates_1-5_S1_L001.rds	54930fe4d20ee85da3252a70e9ba5e6ab78108e1297d23a3479afd1dd07c1157	3803
S4	05_asv_inference	errori_seconda_passata_3DMM_rerun_Plates_6-10_S1_L001.rds	0aa887da5bbf39d24aaa19f83c57d9bfdea8e678949e5555b021622d0f2c725e	3807
S4	05_asv_inference	inferenza.json	328a39c6aaf4e02d918328820859732aabdcbc359e5cc09a92ead1f686b826c1	639
S4	05_asv_inference	letture_denoised.tsv	0bc43e262a378025607f439288cbb483d2c905f2f9a51b5db019dd3eafa56a1a	25643
S4	05_asv_inference	priori.tsv	5d63d12416027ab4bd5c07cd141a17f9368b608dee1d241e4762fdf657242002	589927
S4	05_asv_inference	varianti.tsv	3887afcedd177f505225832000d968e3a8f4b28e2588ce0672811c7f2bf298c9	61957
S4	05_asv_inference	varianti_per_campione.rds	9a9aedca2159cc9ad549628532ea424264a50e9e465c69cb1afb0d1652b8547e	4221938
S5	06_seqtab	letture_tabella.tsv	16e59e510cdd5d6328e64794dcb43f5bc93e56e96d94ce04fdb96fc2ba408f8c	24683
S5	06_seqtab	tabella.json	1bd96dc1aefa182d710871d0b4bd5d464c09b8ddcd00c47d59e21434dbaeaa97	118
S5	06_seqtab	tabella.rds	ae2df87658bb228cce51827e5749a2f704b7a395eb485faa39cc47c367986f10	852359
S6	07_chimera	chimere.json	64026fa04ad202045b237f0717b85d62ea3dee5cd30be0ec92e700e5a0096540	1206
S6	07_chimera	chimere.tsv	2b53828154af491ac29fcfcf6af70fdff5d27628bbad3fe28259647350ef8282	158548
S6	07_chimera	chimere_per_campione.tsv	632757983ce8951e1e10d29debfc5e18bcfce4ee51e5628e2a0a910fa0f9abb5	25344
S6	07_chimera	chimere_per_gruppo.tsv	6bda9f03edc944ba200282ab0ff5ed8ce3248c0b214f1657454accabc88f3ee4	199
S6	07_chimera	letture_senza_chimere.tsv	2bc903220b0ee707b845e4b4f43bb17c3f75f198b6ed8dba6db235d007bbfd42	30443
S6	07_chimera	tabella_senza_chimere.rds	5a57a0198e9e6267f9a1cc0c7b3b88f757717730c26bdfaa8cdee4248480bcae	803764
S7	07_chimera	letture_lunghezza.tsv	3ab510fe00a5a65bd6046bf66d4b7e7a29c900effc07eec085a3fea41b12304b	26603
S7	07_chimera	lunghezze.tsv	288f2d6efebcb11fd247331d66f6017cb46d185344c651bd3c8fc420b84590fc	57
S7	07_chimera	tabella_asv.rds	5a57a0198e9e6267f9a1cc0c7b3b88f757717730c26bdfaa8cdee4248480bcae	803764
S8	08_taxonomy	bootstrap.tsv	338f25b760022cb74cf8925b3c97c9c2802f8bc015792a886251e38551d593e0	1924943
S8	08_taxonomy	copertura_per_gruppo.tsv	f9cc9c94ded5e73d668bd04a7fc657d82eb792add06a7e6a00bda999f097c02b	193
S8	08_taxonomy	difetto_riferimento.tsv	126be642fb891275085854a4061486bae2fdbe0ea0193634524bd5face1d0496	55794
S8	08_taxonomy	riepilogo.json	799360da0c1490668f712303aca5830ddb95806b3e13068a2d25304f64c1be74	3189
S8	08_taxonomy	tassonomia.rds	4dbd50bf509dd6ddde89c14c2954fc1d2693713df9fbdd008c2b2b44b24bf660	746920
S8	08_taxonomy	tassonomia.tsv	3d30ee3214ea1df5f355962840d95c9fa628053f03c5baa091ff019fe3caa2db	2633806
S10	10_phyloseq	colonne_metadati.tsv	b9833d0a4ccb047361729b1365b5c23aa81825716e364ddda34036c065e1ef31	1831
S10	10_phyloseq	metadati_campioni.tsv	3f39befc33bc784b06f7140710aa78bde12ba0f7beb076927df0772f20ce398f	179028
S10	10_phyloseq	ps_integrato.rds	80755bc0a60fcddf96b0b56cdb2d9a7e4712982a13232c3fdd70d9867190e7cc	1128641
S10	10_phyloseq	riepilogo.json	673779d3208d3c66bab7651cfec574f6a2ea69a2246e0cf75733a8684973346d	1419
S10	10_phyloseq	varianti.tsv	11c63fdf27def7e2a822d7eecdad9d273800b6c14c78800561b60e6b54c09536	1880092
S10	10_phyloseq	varianti_accessorie.tsv	54b3c6cbacf3ddc6e2702497dfb7b68cb8aedf850b029ca3b6d9eccd72ee2ce9	380857
S11	11_controls	curve.tsv	7921a0d2e8ff193eccc8cdb1a8104606b36a0dbaceda913aa1e278693c3a78ee	1273
S11	11_controls	positivi.tsv	c3fe78d3697041acd4d487e6ceeaacdcabd006dfbbe18b934d366a683cfacec6	6676
S11	11_controls	profondita_campioni.tsv	6275b889adb531e65c5c4bd30c6ba9b760a758ce8aaf6fa46c3dd9d7037691a9	54004
S11	11_controls	riepilogo.json	559b054f94cc0de150ad1f653c2e2023d148f3bddfdfbe8e6b1d5e2c0d844b0a	724
S11	11_controls	soglia.json	876cc7b78182fc5326b7fb44011d069ed004fc281a85b08a4c43301f65902879	4470
S12	11_controls	decontam_contaminanti.tsv	6f74502aebb327e92d8b219938ad9adbf3ec855edfb4cf66a17b855cd2af6efd	43070
S12	11_controls	decontam_per_piastra.tsv	1f9a7d2b17d2d6c03b69f819db8748db63a22fd8de5382aaf6535a525594dd89	381659
S12	11_controls	decontam_riepilogo.json	27769a7710e2dcdcfc5ce643da443d0e591da92158d88fafdc9791690127efef	3415
S12	11_controls	decontam_varianti.tsv	b71f8bb4d5f1c8bdebee91e2513fea06663e42d77432e62a2e10c9abd531a572	560584
S12	11_controls	letture_decontaminate.tsv	b15143e5a3416e4963a5b38aa2aab127e7ff1d82c4d2be1f97f6c7ccf019de89	30271
S12	11_controls	ps_decontaminato.rds	9d1c2883b55f46d6559edafb0a78aa0d9a4b1080b521a1f50036c4a118484515	1053703
S13	12_final	esclusioni.tsv	a06f112a840e54e62246ceeb8d52d08c6d706ac63a205ab63ed13c9bd4e54a33	37578
S13	12_final	filtri_riepilogo.json	2e7c6a0afa2a88b13b097c7dbc02ae226401bbd4df589df70e27f38bfe1414cb	1353
S13	12_final	letture_finali.tsv	4261a500e4b08ec122c88a396e2a73270aa01745ddbe9010de682c58936ab9a7	22137
S13	12_final	ps_controlli.rds	50c82b88166e7b36de2fdb408ebd3cb3c4d4445cd57c2ae5b794840f1b21d58e	591008
S13	12_final	ps_filtrato.rds	5e33045edbd375339ec9770f1a8f64d3ff8c311bfef38f9e1df847118c4e3e6e	615470
S13	12_final	varianti_rimosse.tsv	229516d9cd02ea34fa48b61783bbb617d5e81292bf038b90b32c098a2cc675d7	785882
S14	12_final	checksum.sha256	883d17e87d87310b94ab29b0635f41825c25c23ae0f2686f378acd1c0efc7b0c	399
S14	12_final	conteggi.tsv	6fdd586f2f210114f08820936c2d9ee9b067631554b3f911bd3f62fc24561584	1844477
S14	12_final	metadati.tsv	8abbc28493a5c34bf866cd5df905156540ece8def56cbd4d1725f4dd08de16a2	91221
S14	12_final	ps_final.rds	5e33045edbd375339ec9770f1a8f64d3ff8c311bfef38f9e1df847118c4e3e6e	615470
S14	12_final	sequenze.fasta	ceb49099887e283682e9a358db7d7d96f8716c9034c1a04db3eb98e19f2feb41	256728
S14	12_final	tassonomia.tsv	e9096324efa4b42b2c9d2494f4db178b1d948ef574e170ac9ca5914d33f0e73d	153253
