file	run_accession	experiment_accession	sample_name	fastq_url	fastq_md5	fastq_bytes
ERX12083091_A.L1.F3_ERR12709104.fastq.gz	ERR12709104	ERX12083091	A.L1.F3	https://ftp.sra.ebi.ac.uk/vol1/fastq/ERR127/004/ERR12709104/ERR12709104.fastq.gz	c41633ded9942e39cec72109e974feb5	310121
ERX12083092_A.L1.N1_ERR12709105.fastq.gz	ERR12709105	ERX12083092	A.L1.N1	https://ftp.sra.ebi.ac.uk/vol1/fastq/ERR127/005/ERR12709105/ERR12709105.fastq.gz	7f1ebb2e8fc7cb15dcbab4d4de55fd7c	125880
ERX12083093_A.L1A1.L1_ERR12709106.fastq.gz	ERR12709106	ERX12083093	A.L1A1.L1	https://ftp.sra.ebi.ac.uk/vol1/fastq/ERR127/006/ERR12709106/ERR12709106.fastq.gz	f76f9ed8b9e583fc60e7538557eaeef1	2392789
ERX12083094_A.L1A1.R1_ERR12709107.fastq.gz	ERR12709107	ERX12083094	A.L1A1.R1	https://ftp.sra.ebi.ac.uk/vol1/fastq/ERR127/007/ERR12709107/ERR12709107.fastq.gz	1577d1f2713dea8b4568eb8d1dc24747	3051830
ERX12083095_A.L1D1.L1_ERR12709108.fastq.gz	ERR12709108	ERX12083095	A.L1D1.L1	https://ftp.sra.ebi.ac.uk/vol1/fastq/ERR127/008/ERR12709108/ERR12709108.fastq.gz	29c6cd9fa0b937ee89a734b60ff97afc	897687
ERX12083096_A.L1D1.R2_ERR12709109.fastq.gz	ERR12709109	ERX12083096	A.L1D1.R2	https://ftp.sra.ebi.ac.uk/vol1/fastq/ERR127/009/ERR12709109/ERR12709109.fastq.gz	9860aba2aaea99cf18e0ee0346885a08	110002
ERX12083097_A.L1O1.L1_ERR12709110.fastq.gz	ERR12709110	ERX12083097	A.L1O1.L1	https://ftp.sra.ebi.ac.uk/vol1/fastq/ERR127/010/ERR12709110/ERR12709110.fastq.gz	881bc4a41388790f6d8858efa00af76e	758031
ERX12083098_A.L1O1.R2_ERR12709111.fastq.gz	ERR12709111	ERX12083098	A.L1O1.R2	https://ftp.sra.ebi.ac.uk/vol1/fastq/ERR127/011/ERR12709111/ERR12709111.fastq.gz	181b9c44a30201084690f04f15e22cb8	3378440
ERX12083099_BLANK.3DMM.P1.11A_ERR12709112.fastq.gz	ERR12709112	ERX12083099	BLANK.3DMM.P1.11A	https://ftp.sra.ebi.ac.uk/vol1/fastq/ERR127/012/ERR12709112/ERR12709112.fastq.gz	78691e908ee6250b4da50290e3d24ac3	4985910
ERX12083100_BLANK.3DMM.P1.11B_ERR12709113.fastq.gz	ERR12709113	ERX12083100	BLANK.3DMM.P1.11B	https://ftp.sra.ebi.ac.uk/vol1/fastq/ERR127/013/ERR12709113/ERR12709113.fastq.gz	a33c879d1685c5c3243576385234c814	3207671
ERX12083101_BLANK.3DMM.P1.11C_ERR12709114.fastq.gz	ERR12709114	ERX12083101	BLANK.3DMM.P1.11C	https://ftp.sra.ebi.ac.uk/vol1/fastq/ERR127/014/ERR12709114/ERR12709114.fastq.gz	3042d05b0645c879590c339019c3b03c	6637157
ERX12083102_BLANK.3DMM.P1.11D_ERR12709115.fastq.gz	ERR12709115	ERX12083102	BLANK.3DMM.P1.11D	https://ftp.sra.ebi.ac.uk/vol1/fastq/ERR127/015/ERR12709115/ERR12709115.fastq.gz	d1a1b05b304c5c0682766d7b2d651a11	6694566
ERX12083103_BLANK.3DMM.P1.11E_ERR12709116.fastq.gz	ERR12709116	ERX12083103	BLANK.3DMM.P1.11E	https://ftp.sra.ebi.ac.uk/vol1/fastq/ERR127/016/ERR12709116/ERR12709116.fastq.gz	05ab0c2601ea74d13ffa8598f96ed7ea	3598706
ERX12083104_BLANK.3DMM.P1.11F_ERR12709117.fastq.gz	ERR12709117	ERX12083104	BLANK.3DMM.P1.11F	https://ftp.sra.ebi.ac.uk/vol1/fastq/ERR127/017/ERR12709117/ERR12709117.fastq.gz	c242d3f279779b0d3a85814330be5c6a	2025822
ERX12083105_BLANK.3DMM.P1.11G_ERR12709118.fastq.gz	ERR12709118	ERX12083105	BLANK.3DMM.P1.11G	https://ftp.sra.ebi.ac.uk/vol1/fastq/ERR127/018/ERR12709118/ERR12709118.fastq.gz	34bc7a1f7a81d88561ea2a80ad6f25ab	3082125
ERX12083106_BLANK.3DMM.P1.11H_ERR12709119.fastq.gz	ERR12709119	ERX12083106	BLANK.3DMM.P1.11H	https://ftp.sra.ebi.ac.uk/vol1/fastq/ERR127/019/ERR12709119/ERR12709119.fastq.gz	9324de57189bd9a2fc049c023f8c7de9	2734663
ERX12083107_BLANK.3DMM.P2.10A_ERR12709120.fastq.gz	ERR12709120	ERX12083107	BLANK.3DMM.P2.10A	https://ftp.sra.ebi.ac.uk/vol1/fastq/ERR127/020/ERR12709120/ERR12709120.fastq.gz	61d9990ac2ea56d46928b6c156afe39e	8388576
ERX12083108_BLANK.3DMM.P2.10B_ERR12709121.fastq.gz	ERR12709121	ERX12083108	BLANK.3DMM.P2.10B	https://ftp.sra.ebi.ac.uk/vol1/fastq/ERR127/021/ERR12709121/ERR12709121.fastq.gz	d67093eab4fa74a096674e812e087b47	2801677
ERX12083109_BLANK.3DMM.P2.10C_ERR12709122.fastq.gz	ERR12709122	ERX12083109	BLANK.3DMM.P2.10C	https://ftp.sra.ebi.ac.uk/vol1/fastq/ERR127/022/ERR12709122/ERR12709122.fastq.gz	3407454230a39a8fc2aabaf89ec2b6e8	519229
ERX12083110_BLANK.3DMM.P2.10D_ERR12709123.fastq.gz	ERR12709123	ERX12083110	BLANK.3DMM.P2.10D	https://ftp.sra.ebi.ac.uk/vol1/fastq/ERR127/023/ERR12709123/ERR12709123.fastq.gz	b5dfee3906e8352a599b5b3cc0e235d0	1730694
ERX12083111_BLANK.3DMM.P2.10E_ERR12709124.fastq.gz	ERR12709124	ERX12083111	BLANK.3DMM.P2.10E	https://ftp.sra.ebi.ac.uk/vol1/fastq/ERR127/024/ERR12709124/ERR12709124.fastq.gz	d187d22b5cc726e1696d4b5bb9bfa6e7	2375546
ERX12083112_BLANK.3DMM.P2.10F_ERR12709125.fastq.gz	ERR12709125	ERX12083112	BLANK.3DMM.P2.10F	https://ftp.sra.ebi.ac.uk/vol1/fastq/ERR127/025/ERR12709125/ERR12709125.fastq.gz	6d4e400d852c88c81372f4664b9d3975	2994944
ERX12083113_BLANK.3DMM.P2.10G_ERR12709126.fastq.gz	ERR12709126	ERX12083113	BLANK.3DMM.P2.10G	https://ftp.sra.ebi.ac.uk/vol1/fastq/ERR127/026/ERR12709126/ERR12709126.fastq.gz	ec6a5d3c29a51ec23bded1476fd2bd9c	5389147
ERX12083114_BLANK.3DMM.P2.10H_ERR12709127.fastq.gz	ERR12709127	ERX12083114	BLANK.3DMM.P2.10H	https://ftp.sra.ebi.ac.uk/vol1/fastq/ERR127/027/ERR12709127/ERR12709127.fastq.gz	7160762647fb57c2c3443cd5747dd3d7	5884962
ERX12083115_BLANK.3DMM.P3.9A_ERR12709128.fastq.gz	ERR12709128	ERX12083115	BLANK.3DMM.P3.9A	https://ftp.sra.ebi.ac.uk/vol1/fastq/ERR127/028/ERR12709128/ERR12709128.fastq.gz	9072fe7ad8f7204439124aa695e92041	1609895
ERX12083116_BLANK.3DMM.P3.9B_ERR12709129.fastq.gz	ERR12709129	ERX12083116	BLANK.3DMM.P3.9B	https://ftp.sra.ebi.ac.uk/vol1/fastq/ERR127/029/ERR12709129/ERR12709129.fastq.gz	d3bd1a6d74c261642db97e1b4d802606	1448584
ERX12083117_BLANK.3DMM.P3.9C_ERR12709130.fastq.gz	ERR12709130	ERX12083117	BLANK.3DMM.P3.9C	https://ftp.sra.ebi.ac.uk/vol1/fastq/ERR127/030/ERR12709130/ERR12709130.fastq.gz	144fd3df56745edaf5257a4c899e04e9	2558527
ERX12083118_BLANK.3DMM.P3.9D_ERR12709131.fastq.gz	ERR12709131	ERX12083118	BLANK.3DMM.P3.9D	https://ftp.sra.ebi.ac.uk/vol1/fastq/ERR127/031/ERR12709131/ERR12709131.fastq.gz	eb2f022e07d44b7b8826dcd7c0763f68	7550470
ERX12083119_BLANK.3DMM.P3.9E_ERR12709132.fastq.gz	ERR12709132	ERX12083119	BLANK.3DMM.P3.9E	https://ftp.sra.ebi.ac.uk/vol1/fastq/ERR127/032/ERR12709132/ERR12709132.fastq.gz	d8e60df0981263c84d76157a8dc98dcc	6416632
ERX12083120_BLANK.3DMM.P3.9F_ERR12709133.fastq.gz	ERR12709133	ERX12083120	BLANK.3DMM.P3.9F	https://ftp.sra.ebi.ac.uk/vol1/fastq/ERR127/033/ERR12709133/ERR12709133.fastq.gz	152da2d60222af38ec2dd8a1ebb20893	677567
ERX12083121_BLANK.3DMM.P3.9G_ERR12709134.fastq.gz	ERR12709134	ERX12083121	BLANK.3DMM.P3.9G	https://ftp.sra.ebi.ac.uk/vol1/fastq/ERR127/034/ERR12709134/ERR12709134.fastq.gz	043d8d5ef9cd1f8ddc57bd48467251b5	4917432
ERX12083122_BLANK.3DMM.P3.9H_ERR12709135.fastq.gz	ERR12709135	ERX12083122	BLANK.3DMM.P3.9H	https://ftp.sra.ebi.ac.uk/vol1/fastq/ERR127/035/ERR12709135/ERR12709135.fastq.gz	628d73ade76340e8ad11698d32a02d2f	2772351
ERX12083123_BLANK.3DMM.P4.8A_ERR12709136.fastq.gz	ERR12709136	ERX12083123	BLANK.3DMM.P4.8A	https://ftp.sra.ebi.ac.uk/vol1/fastq/ERR127/036/ERR12709136/ERR12709136.fastq.gz	53ff05ce98a6cb93a07117b7f3d4f995	419617
ERX12083124_BLANK.3DMM.P4.8B_ERR12709137.fastq.gz	ERR12709137	ERX12083124	BLANK.3DMM.P4.8B	https://ftp.sra.ebi.ac.uk/vol1/fastq/ERR127/037/ERR12709137/ERR12709137.fastq.gz	eb2b44c3f8878c6e74670a6fb8afb2f2	2241368
ERX12083125_BLANK.3DMM.P4.8C_ERR12709138.fastq.gz	ERR12709138	ERX12083125	BLANK.3DMM.P4.8C	https://ftp.sra.ebi.ac.uk/vol1/fastq/ERR127/038/ERR12709138/ERR12709138.fastq.gz	766e361086683b9af9d875c289f2479f	2812534
ERX12083126_BLANK.3DMM.P4.8D_ERR12709139.fastq.gz	ERR12709139	ERX12083126	BLANK.3DMM.P4.8D	https://ftp.sra.ebi.ac.uk/vol1/fastq/ERR127/039/ERR12709139/ERR12709139.fastq.gz	addca75dece7ef1a2dd7659a1474ac49	3398156
ERX12083127_BLANK.3DMM.P4.8E_ERR12709140.fastq.gz	ERR12709140	ERX12083127	BLANK.3DMM.P4.8E	https://ftp.sra.ebi.ac.uk/vol1/fastq/ERR127/040/ERR12709140/ERR12709140.fastq.gz	7b6b23815e4e2729d90dd489f0ba09f2	753364
ERX12083128_BLANK.3DMM.P4.8F_ERR12709141.fastq.gz	ERR12709141	ERX12083128	BLANK.3DMM.P4.8F	https://ftp.sra.ebi.ac.uk/vol1/fastq/ERR127/041/ERR12709141/ERR12709141.fastq.gz	e4709275ac1fbea76d5a76c85d6063c7	3492845
ERX12083129_BLANK.3DMM.P4.8G_ERR12709142.fastq.gz	ERR12709142	ERX12083129	BLANK.3DMM.P4.8G	https://ftp.sra.ebi.ac.uk/vol1/fastq/ERR127/042/ERR12709142/ERR12709142.fastq.gz	ec3d22679614a3ea939c6ca154ac878c	211928
ERX12083130_BLANK.3DMM.P4.8H_ERR12709143.fastq.gz	ERR12709143	ERX12083130	BLANK.3DMM.P4.8H	https://ftp.sra.ebi.ac.uk/vol1/fastq/ERR127/043/ERR12709143/ERR12709143.fastq.gz	54eb44be91669ba04ace825b5bda402d	5642694
ERX12083131_BLANK.3DMM.P5.7A_ERR12709144.fastq.gz	ERR12709144	ERX12083131	BLANK.3DMM.P5.7A	https://ftp.sra.ebi.ac.uk/vol1/fastq/ERR127/044/ERR12709144/ERR12709144.fastq.gz	7b6edbdab2bcd2fb521eb8cb12e487d6	2846659
ERX12083132_BLANK.3DMM.P5.7B_ERR12709145.fastq.gz	ERR12709145	ERX12083132	BLANK.3DMM.P5.7B	https://ftp.sra.ebi.ac.uk/vol1/fastq/ERR127/045/ERR12709145/ERR12709145.fastq.gz	be38db697df4a28b9da0865c354a76a6	286734
ERX12083133_BLANK.3DMM.P5.7C_ERR12709146.fastq.gz	ERR12709146	ERX12083133	BLANK.3DMM.P5.7C	https://ftp.sra.ebi.ac.uk/vol1/fastq/ERR127/046/ERR12709146/ERR12709146.fastq.gz	10cde096378a6474f62285bd45d5f607	460755
ERX12083134_BLANK.3DMM.P5.7D_ERR12709147.fastq.gz	ERR12709147	ERX12083134	BLANK.3DMM.P5.7D	https://ftp.sra.ebi.ac.uk/vol1/fastq/ERR127/047/ERR12709147/ERR12709147.fastq.gz	2003e94d8be16f9155882930115655af	716738
ERX12083135_BLANK.3DMM.P5.7E_ERR12709148.fastq.gz	ERR12709148	ERX12083135	BLANK.3DMM.P5.7E	https://ftp.sra.ebi.ac.uk/vol1/fastq/ERR127/048/ERR12709148/ERR12709148.fastq.gz	696f7b0b2da22334de7f185279dbea0c	2833651
ERX12083136_BLANK.3DMM.P5.7F_ERR12709149.fastq.gz	ERR12709149	ERX12083136	BLANK.3DMM.P5.7F	https://ftp.sra.ebi.ac.uk/vol1/fastq/ERR127/049/ERR12709149/ERR12709149.fastq.gz	18550bd37af004a314ec62b9f305df15	1554736
ERX12083137_BLANK.3DMM.P5.7G_ERR12709150.fastq.gz	ERR12709150	ERX12083137	BLANK.3DMM.P5.7G	https://ftp.sra.ebi.ac.uk/vol1/fastq/ERR127/050/ERR12709150/ERR12709150.fastq.gz	4b498983f34a13a89ae502d0f935d562	1779972
ERX12083138_BLANK.3DMM.P5.7H_ERR12709151.fastq.gz	ERR12709151	ERX12083138	BLANK.3DMM.P5.7H	https://ftp.sra.ebi.ac.uk/vol1/fastq/ERR127/051/ERR12709151/ERR12709151.fastq.gz	0b9631eb9827d2969cc767f5e630358f	223293
ERX12083139_COL1.F3.R2_ERR12709152.fastq.gz	ERR12709152	ERX12083139	COL1.F3.R2	https://ftp.sra.ebi.ac.uk/vol1/fastq/ERR127/052/ERR12709152/ERR12709152.fastq.gz	0bf669fce19fdc8732d826e821714c0a	819848
ERX12083140_COL1.N1_ERR12709153.fastq.gz	ERR12709153	ERX12083140	COL1.N1	https://ftp.sra.ebi.ac.uk/vol1/fastq/ERR127/053/ERR12709153/ERR12709153.fastq.gz	0b2c3d357ea019fd7a58addb0f04fa2b	104542
ERX12083141_COL1A1.L2_ERR12709154.fastq.gz	ERR12709154	ERX12083141	COL1A1.L2	https://ftp.sra.ebi.ac.uk/vol1/fastq/ERR127/054/ERR12709154/ERR12709154.fastq.gz	92e29225586a850c0376d1c0d2579121	52677
ERX12083142_COL1A2.R1_ERR12709155.fastq.gz	ERR12709155	ERX12083142	COL1A2.R1	https://ftp.sra.ebi.ac.uk/vol1/fastq/ERR127/055/ERR12709155/ERR12709155.fastq.gz	79566954e163ad784664609132feadc1	887804
ERX12083143_COL1A3.R2_ERR12709156.fastq.gz	ERR12709156	ERX12083143	COL1A3.R2	https://ftp.sra.ebi.ac.uk/vol1/fastq/ERR127/056/ERR12709156/ERR12709156.fastq.gz	f3fb2987e71b4d44780b615bb2ad7694	3451461
ERX12083144_COL1A4.L1_ERR12709157.fastq.gz	ERR12709157	ERX12083144	COL1A4.L1	https://ftp.sra.ebi.ac.uk/vol1/fastq/ERR127/057/ERR12709157/ERR12709157.fastq.gz	f98bb2770b3276c24551ba77004d9047	289991
ERX12083145_COL1A4.R2_ERR12709158.fastq.gz	ERR12709158	ERX12083145	COL1A4.R2	https://ftp.sra.ebi.ac.uk/vol1/fastq/ERR127/058/ERR12709158/ERR12709158.fastq.gz	cfa2c2ea2b2e9fcac656581b9286d43a	813281
ERX12083146_COL1D1.L1_ERR12709159.fastq.gz	ERR12709159	ERX12083146	COL1D1.L1	https://ftp.sra.ebi.ac.uk/vol1/fastq/ERR127/059/ERR12709159/ERR12709159.fastq.gz	7296b77857528c3364669433816616c8	273993
ERX12083147_COL1D1.L2_ERR12709160.fastq.gz	ERR12709160	ERX12083147	COL1D1.L2	https://ftp.sra.ebi.ac.uk/vol1/fastq/ERR127/060/ERR12709160/ERR12709160.fastq.gz	2fd0dae28b1d9f988190c5d89c6ff2d8	130027
ERX12083148_COL1D2.L1_ERR12709161.fastq.gz	ERR12709161	ERX12083148	COL1D2.L1	https://ftp.sra.ebi.ac.uk/vol1/fastq/ERR127/061/ERR12709161/ERR12709161.fastq.gz	92189a0fc0dc93d0fa2e5152ea6665c0	209387
ERX12083149_COL1D2.R2_ERR12709162.fastq.gz	ERR12709162	ERX12083149	COL1D2.R2	https://ftp.sra.ebi.ac.uk/vol1/fastq/ERR127/062/ERR12709162/ERR12709162.fastq.gz	87150456aff837e0a97854c605a587fe	1072967
ERX12083150_COL1D3.R2_ERR12709163.fastq.gz	ERR12709163	ERX12083150	COL1D3.R2	https://ftp.sra.ebi.ac.uk/vol1/fastq/ERR127/063/ERR12709163/ERR12709163.fastq.gz	50dd9d86121bee15d82b3af4337b8f7e	2894639
ERX12083151_COL1D4.R2_ERR12709164.fastq.gz	ERR12709164	ERX12083151	COL1D4.R2	https://ftp.sra.ebi.ac.uk/vol1/fastq/ERR127/064/ERR12709164/ERR12709164.fastq.gz	bbaab8f93cc717b4d5e66e219ead342a	641659
ERX12083152_COL1F1.L2_ERR12709165.fastq.gz	ERR12709165	ERX12083152	COL1F1.L2	https://ftp.sra.ebi.ac.uk/vol1/fastq/ERR127/065/ERR12709165/ERR12709165.fastq.gz	52dc23100ae52ef87c12803ff0b878b5	4438614
ERX12083153_COL1F2.L1_ERR12709166.fastq.gz	ERR12709166	ERX12083153	COL1F2.L1	https://ftp.sra.ebi.ac.uk/vol1/fastq/ERR127/066/ERR12709166/ERR12709166.fastq.gz	c40c203361c7ed16ed71bb7cd919f622	881944
ERX12083154_COL1F2.L2_ERR12709167.fastq.gz	ERR12709167	ERX12083154	COL1F2.L2	https://ftp.sra.ebi.ac.uk/vol1/fastq/ERR127/067/ERR12709167/ERR12709167.fastq.gz	a71eb0e14e1dcad2181e9c1bb726ebfd	1350352
ERX12083155_COL1F2.R1_ERR12709168.fastq.gz	ERR12709168	ERX12083155	COL1F2.R1	https://ftp.sra.ebi.ac.uk/vol1/fastq/ERR127/068/ERR12709168/ERR12709168.fastq.gz	9bed3079b97b7210e069b5228ee0b26a	281604
ERX12083156_COL1F4.L1_ERR12709169.fastq.gz	ERR12709169	ERX12083156	COL1F4.L1	https://ftp.sra.ebi.ac.uk/vol1/fastq/ERR127/069/ERR12709169/ERR12709169.fastq.gz	25e740e47b650d5ab871b4638e40b985	418513
ERX12083157_COL1F4.L2_ERR12709170.fastq.gz	ERR12709170	ERX12083157	COL1F4.L2	https://ftp.sra.ebi.ac.uk/vol1/fastq/ERR127/070/ERR12709170/ERR12709170.fastq.gz	a6ca59c7bf485c1d8a8faaa4251a2191	3437440
ERX12083158_COL1O1.R1_ERR12709171.fastq.gz	ERR12709171	ERX12083158	COL1O1.R1	https://ftp.sra.ebi.ac.uk/vol1/fastq/ERR127/071/ERR12709171/ERR12709171.fastq.gz	0ecc0df6c570d2692a921fcc1abc9ee2	108304
ERX12083159_COL1O2.R1_ERR12709172.fastq.gz	ERR12709172	ERX12083159	COL1O2.R1	https://ftp.sra.ebi.ac.uk/vol1/fastq/ERR127/072/ERR12709172/ERR12709172.fastq.gz	1dfbacdc840086b93b887df8aca7c2ce	153001
ERX12083160_COL1O2.R2_ERR12709173.fastq.gz	ERR12709173	ERX12083160	COL1O2.R2	https://ftp.sra.ebi.ac.uk/vol1/fastq/ERR127/073/ERR12709173/ERR12709173.fastq.gz	167f64fcd43d9e1e15811cacfc9199b5	1855862
ERX12083161_COL1O3.L1_ERR12709174.fastq.gz	ERR12709174	ERX12083161	COL1O3.L1	https://ftp.sra.ebi.ac.uk/vol1/fastq/ERR127/074/ERR12709174/ERR12709174.fastq.gz	350782b6695e22e73f944eeeb40ff59a	3913511
ERX12083162_COL1O3.R1_ERR12709175.fastq.gz	ERR12709175	ERX12083162	COL1O3.R1	https://ftp.sra.ebi.ac.uk/vol1/fastq/ERR127/075/ERR12709175/ERR12709175.fastq.gz	40959dc8b376a52dd19bc5008e196647	1460804
ERX12083163_COL1O3.R2_ERR12709176.fastq.gz	ERR12709176	ERX12083163	COL1O3.R2	https://ftp.sra.ebi.ac.uk/vol1/fastq/ERR127/076/ERR12709176/ERR12709176.fastq.gz	c43cfb57bac47354e06b44e6d1b76634	502468
ERX12083164_COL1O4.L1_ERR12709177.fastq.gz	ERR12709177	ERX12083164	COL1O4.L1	https://ftp.sra.ebi.ac.uk/vol1/fastq/ERR127/077/ERR12709177/ERR12709177.fastq.gz	3fc09935968d7074bb0ac6fd52ccb581	1083948
ERX12083165_COL1O4.R1_ERR12709178.fastq.gz	ERR12709178	ERX12083165	COL1O4.R1	https://ftp.sra.ebi.ac.uk/vol1/fastq/ERR127/078/ERR12709178/ERR12709178.fastq.gz	0b4fcd5867c9b25f6c85b606421a5aa8	5661488
ERX12083166_COL1O4.R2_ERR12709179.fastq.gz	ERR12709179	ERX12083166	COL1O4.R2	https://ftp.sra.ebi.ac.uk/vol1/fastq/ERR127/079/ERR12709179/ERR12709179.fastq.gz	00aba5d1a1e943c65c48b1591d7f068f	1852932
ERX12083167_JLP1.N2_ERR12709180.fastq.gz	ERR12709180	ERX12083167	JLP1.N2	https://ftp.sra.ebi.ac.uk/vol1/fastq/ERR127/080/ERR12709180/ERR12709180.fastq.gz	7d47593a063753a46f92f54375e3beb1	94361
ERX12083168_JLP1.N3_ERR12709181.fastq.gz	ERR12709181	ERX12083168	JLP1.N3	https://ftp.sra.ebi.ac.uk/vol1/fastq/ERR127/081/ERR12709181/ERR12709181.fastq.gz	23d825154f1b48990f323f135af57335	145826
ERX12083169_JLP1A1.L3_ERR12709182.fastq.gz	ERR12709182	ERX12083169	JLP1A1.L3	https://ftp.sra.ebi.ac.uk/vol1/fastq/ERR127/082/ERR12709182/ERR12709182.fastq.gz	14b23350b0d272dfac76229e54da05d2	3378058
ERX12083170_JLP1A1.L4_ERR12709183.fastq.gz	ERR12709183	ERX12083170	JLP1A1.L4	https://ftp.sra.ebi.ac.uk/vol1/fastq/ERR127/083/ERR12709183/ERR12709183.fastq.gz	e311ce807944fd59d68e03598dc41e8b	6045601
ERX12083171_JLP1A1.R3_ERR12709184.fastq.gz	ERR12709184	ERX12083171	JLP1A1.R3	https://ftp.sra.ebi.ac.uk/vol1/fastq/ERR127/084/ERR12709184/ERR12709184.fastq.gz	90bd82b911348c081cb1ff23c22cd193	409651
ERX12083172_JLP1A1.R4_ERR12709185.fastq.gz	ERR12709185	ERX12083172	JLP1A1.R4	https://ftp.sra.ebi.ac.uk/vol1/fastq/ERR127/085/ERR12709185/ERR12709185.fastq.gz	eae32acfa07fe3d75c1c18a9faf08a26	3597082
ERX12083173_JLP1F1.L2_ERR12709186.fastq.gz	ERR12709186	ERX12083173	JLP1F1.L2	https://ftp.sra.ebi.ac.uk/vol1/fastq/ERR127/086/ERR12709186/ERR12709186.fastq.gz	a44121506415c344729ef9f2d2e6c2ca	752153
ERX12083174_JLP1F1.L4_ERR12709187.fastq.gz	ERR12709187	ERX12083174	JLP1F1.L4	https://ftp.sra.ebi.ac.uk/vol1/fastq/ERR127/087/ERR12709187/ERR12709187.fastq.gz	7a446a727c0c978f8ae8e83735ab86e1	514525
ERX12083175_JLP1F1.R2_ERR12709188.fastq.gz	ERR12709188	ERX12083175	JLP1F1.R2	https://ftp.sra.ebi.ac.uk/vol1/fastq/ERR127/088/ERR12709188/ERR12709188.fastq.gz	716e35639a3a8cef7010bc2d919ff410	659615
ERX12083176_JLP1P1.L2_ERR12709189.fastq.gz	ERR12709189	ERX12083176	JLP1P1.L2	https://ftp.sra.ebi.ac.uk/vol1/fastq/ERR127/089/ERR12709189/ERR12709189.fastq.gz	585978fa6c4c5110a6efc5692a4bccd2	1666899
ERX12083177_JLP1P1.L4_ERR12709190.fastq.gz	ERR12709190	ERX12083177	JLP1P1.L4	https://ftp.sra.ebi.ac.uk/vol1/fastq/ERR127/090/ERR12709190/ERR12709190.fastq.gz	6b054d292de9986b7876a520db8090a6	6051720
ERX12083178_JLP1S1.L2_ERR12709191.fastq.gz	ERR12709191	ERX12083178	JLP1S1.L2	https://ftp.sra.ebi.ac.uk/vol1/fastq/ERR127/091/ERR12709191/ERR12709191.fastq.gz	ce674095264f6fa9d10971837bc2a764	5123986
ERX12083179_JPM1.F2_ERR12709192.fastq.gz	ERR12709192	ERX12083179	JPM1.F2	https://ftp.sra.ebi.ac.uk/vol1/fastq/ERR127/092/ERR12709192/ERR12709192.fastq.gz	5f4537c9b0d8c89628923c13163e0a2d	49335
ERX12083180_JPM1.N1_ERR12709193.fastq.gz	ERR12709193	ERX12083180	JPM1.N1	https://ftp.sra.ebi.ac.uk/vol1/fastq/ERR127/093/ERR12709193/ERR12709193.fastq.gz	22d2101e9c38cc1eab285338eee805b8	102981
ERX12083181_JPM1.N2_ERR12709194.fastq.gz	ERR12709194	ERX12083181	JPM1.N2	https://ftp.sra.ebi.ac.uk/vol1/fastq/ERR127/094/ERR12709194/ERR12709194.fastq.gz	4b10142c92c90658de5c103ca36474a9	68175
ERX12083182_JPM1A1.L2_ERR12709195.fastq.gz	ERR12709195	ERX12083182	JPM1A1.L2	https://ftp.sra.ebi.ac.uk/vol1/fastq/ERR127/095/ERR12709195/ERR12709195.fastq.gz	8d06546d9baa358199d195aef602bb28	301900
ERX12083183_JPM1A1.R1_ERR12709196.fastq.gz	ERR12709196	ERX12083183	JPM1A1.R1	https://ftp.sra.ebi.ac.uk/vol1/fastq/ERR127/096/ERR12709196/ERR12709196.fastq.gz	992d3eb37f6d8ec7a8159fe651b3c2ef	475656
ERX12083184_JPM1A2.L2_ERR12709197.fastq.gz	ERR12709197	ERX12083184	JPM1A2.L2	https://ftp.sra.ebi.ac.uk/vol1/fastq/ERR127/097/ERR12709197/ERR12709197.fastq.gz	8dbdfdf6e946f9352de02d6165f4fa03	3371206
ERX12083185_JPM1A2.R1_ERR12709198.fastq.gz	ERR12709198	ERX12083185	JPM1A2.R1	https://ftp.sra.ebi.ac.uk/vol1/fastq/ERR127/098/ERR12709198/ERR12709198.fastq.gz	1464b1e8f00f31f0861450e0c6c71d31	46949
ERX12083186_JPM1A2.R2_ERR12709199.fastq.gz	ERR12709199	ERX12083186	JPM1A2.R2	https://ftp.sra.ebi.ac.uk/vol1/fastq/ERR127/099/ERR12709199/ERR12709199.fastq.gz	0706cbd65bb11ca72502003297ebb6c5	218833
ERX12083187_JPM1A3.L2_ERR12709200.fastq.gz	ERR12709200	ERX12083187	JPM1A3.L2	https://ftp.sra.ebi.ac.uk/vol1/fastq/ERR127/000/ERR12709200/ERR12709200.fastq.gz	00626fd9fa9b8636d6171ce054b15f36	181688
ERX12083188_JPM1A4.L2_ERR12709201.fastq.gz	ERR12709201	ERX12083188	JPM1A4.L2	https://ftp.sra.ebi.ac.uk/vol1/fastq/ERR127/001/ERR12709201/ERR12709201.fastq.gz	131895fabf51c3b26c1dd8a59fd95e79	183208
ERX12083189_JPM1A4.R1_ERR12709202.fastq.gz	ERR12709202	ERX12083189	JPM1A4.R1	https://ftp.sra.ebi.ac.uk/vol1/fastq/ERR127/002/ERR12709202/ERR12709202.fastq.gz	7f3e2e32c9a5b1b118ecf42ecf0176bb	265663
ERX12083190_JPM1A4.R2_ERR12709203.fastq.gz	ERR12709203	ERX12083190	JPM1A4.R2	https://ftp.sra.ebi.ac.uk/vol1/fastq/ERR127/003/ERR12709203/ERR12709203.fastq.gz	fe0b5c7e35bbef2399d7f9d08d203d7b	211743
ERX12083191_JPM1A5.L1_ERR12709204.fastq.gz	ERR12709204	ERX12083191	JPM1A5.L1	https://ftp.sra.ebi.ac.uk/vol1/fastq/ERR127/004/ERR12709204/ERR12709204.fastq.gz	4386bbc515005c645eb9df23a8811ba2	4903863
ERX12083192_JPM1A6.L2_ERR12709205.fastq.gz	ERR12709205	ERX12083192	JPM1A6.L2	https://ftp.sra.ebi.ac.uk/vol1/fastq/ERR127/005/ERR12709205/ERR12709205.fastq.gz	62c83472b51c6c1153fafd6955c3d5db	972521
ERX12083193_JPM1A6.R1_ERR12709206.fastq.gz	ERR12709206	ERX12083193	JPM1A6.R1	https://ftp.sra.ebi.ac.uk/vol1/fastq/ERR127/006/ERR12709206/ERR12709206.fastq.gz	b331f2069333f4fb27a908dda7d470a3	2351946
ERX12083194_JPM1A6.R2_ERR12709207.fastq.gz	ERR12709207	ERX12083194	JPM1A6.R2	https://ftp.sra.ebi.ac.uk/vol1/fastq/ERR127/007/ERR12709207/ERR12709207.fastq.gz	de000fdeed7506d4cc1c5c37b445751e	312509
ERX12083195_JPM1D1.L1_ERR12709208.fastq.gz	ERR12709208	ERX12083195	JPM1D1.L1	https://ftp.sra.ebi.ac.uk/vol1/fastq/ERR127/008/ERR12709208/ERR12709208.fastq.gz	617a1bffe000ab89836d9abcd1bac74f	1813075
ERX12083196_JPM1D1.L2_ERR12709209.fastq.gz	ERR12709209	ERX12083196	JPM1D1.L2	https://ftp.sra.ebi.ac.uk/vol1/fastq/ERR127/009/ERR12709209/ERR12709209.fastq.gz	7319f66cd548b9670fa4f832d116ba3c	3480633
ERX12083197_JPM1D1.R1_ERR12709210.fastq.gz	ERR12709210	ERX12083197	JPM1D1.R1	https://ftp.sra.ebi.ac.uk/vol1/fastq/ERR127/010/ERR12709210/ERR12709210.fastq.gz	c0e17e4f7f2acfd0a846d71911782b0e	1109625
ERX12083198_JPM1D1.R2_ERR12709211.fastq.gz	ERR12709211	ERX12083198	JPM1D1.R2	https://ftp.sra.ebi.ac.uk/vol1/fastq/ERR127/011/ERR12709211/ERR12709211.fastq.gz	eb37336a01cdcd15150bce9aaa5c95b5	6191578
ERX12083199_JPM1D2.R1_ERR12709212.fastq.gz	ERR12709212	ERX12083199	JPM1D2.R1	https://ftp.sra.ebi.ac.uk/vol1/fastq/ERR127/012/ERR12709212/ERR12709212.fastq.gz	d8b56e4fc033a1f344ffe4a56435f089	682585
ERX12083200_JPM1D2.R2_ERR12709213.fastq.gz	ERR12709213	ERX12083200	JPM1D2.R2	https://ftp.sra.ebi.ac.uk/vol1/fastq/ERR127/013/ERR12709213/ERR12709213.fastq.gz	194b693313974e33df0421b2c40830a2	45267
ERX12083201_JPM1D3.L1_ERR12709214.fastq.gz	ERR12709214	ERX12083201	JPM1D3.L1	https://ftp.sra.ebi.ac.uk/vol1/fastq/ERR127/014/ERR12709214/ERR12709214.fastq.gz	72a38f88e3ecaf987823ae2043d93c06	320694
ERX12083202_JPM1D3.R1_ERR12709215.fastq.gz	ERR12709215	ERX12083202	JPM1D3.R1	https://ftp.sra.ebi.ac.uk/vol1/fastq/ERR127/015/ERR12709215/ERR12709215.fastq.gz	b4f0abb7c1bdb6ce9f086c569d9470aa	1493646
ERX12083203_JPM1D4.L1_ERR12709216.fastq.gz	ERR12709216	ERX12083203	JPM1D4.L1	https://ftp.sra.ebi.ac.uk/vol1/fastq/ERR127/016/ERR12709216/ERR12709216.fastq.gz	b18e1e308b64bf2acbaad13e1a4237d3	670628
ERX12083204_JPM1D4.R1_ERR12709217.fastq.gz	ERR12709217	ERX12083204	JPM1D4.R1	https://ftp.sra.ebi.ac.uk/vol1/fastq/ERR127/017/ERR12709217/ERR12709217.fastq.gz	f910f479b2e4c915754f065355552d4e	1544400
ERX12083205_JPM1D4.R2_ERR12709218.fastq.gz	ERR12709218	ERX12083205	JPM1D4.R2	https://ftp.sra.ebi.ac.uk/vol1/fastq/ERR127/018/ERR12709218/ERR12709218.fastq.gz	4b40f5c880480d77696e1a45341dd732	4781308
ERX12083206_JPM1D5.R1_ERR12709219.fastq.gz	ERR12709219	ERX12083206	JPM1D5.R1	https://ftp.sra.ebi.ac.uk/vol1/fastq/ERR127/019/ERR12709219/ERR12709219.fastq.gz	e24d5b27b5ee24652154bce3a8582662	385851
ERX12083207_JPM1D6.R1_ERR12709220.fastq.gz	ERR12709220	ERX12083207	JPM1D6.R1	https://ftp.sra.ebi.ac.uk/vol1/fastq/ERR127/020/ERR12709220/ERR12709220.fastq.gz	d9a889023c1d80adcdf4246d85ae1740	495383
ERX12083208_JPM1D6.R2_ERR12709221.fastq.gz	ERR12709221	ERX12083208	JPM1D6.R2	https://ftp.sra.ebi.ac.uk/vol1/fastq/ERR127/021/ERR12709221/ERR12709221.fastq.gz	eb437c5e32b224c12d531c44a1ce0947	223411
ERX12083209_JPM1F1.L1_ERR12709222.fastq.gz	ERR12709222	ERX12083209	JPM1F1.L1	https://ftp.sra.ebi.ac.uk/vol1/fastq/ERR127/022/ERR12709222/ERR12709222.fastq.gz	74d4e2d6e47301e53c02467a2ebef5d9	1656504
ERX12083210_JPM1F1.R1_ERR12709223.fastq.gz	ERR12709223	ERX12083210	JPM1F1.R1	https://ftp.sra.ebi.ac.uk/vol1/fastq/ERR127/023/ERR12709223/ERR12709223.fastq.gz	7edb4c75eb2837654f80cb28438a2def	1250155
ERX12083211_JPM1F2.L1_ERR12709224.fastq.gz	ERR12709224	ERX12083211	JPM1F2.L1	https://ftp.sra.ebi.ac.uk/vol1/fastq/ERR127/024/ERR12709224/ERR12709224.fastq.gz	2f381c3999a024e70e805a3cde9062a0	582882
ERX12083212_JPM1F3.R1_ERR12709225.fastq.gz	ERR12709225	ERX12083212	JPM1F3.R1	https://ftp.sra.ebi.ac.uk/vol1/fastq/ERR127/025/ERR12709225/ERR12709225.fastq.gz	766b06481f14d88c24032d1d6fc53bca	356756
ERX12083213_JPM1F3.R2_ERR12709226.fastq.gz	ERR12709226	ERX12083213	JPM1F3.R2	https://ftp.sra.ebi.ac.uk/vol1/fastq/ERR127/026/ERR12709226/ERR12709226.fastq.gz	8ab0770a0cc01e411b84cbb81f06ec2f	2927541
ERX12083214_JPM1F4.L1_ERR12709227.fastq.gz	ERR12709227	ERX12083214	JPM1F4.L1	https://ftp.sra.ebi.ac.uk/vol1/fastq/ERR127/027/ERR12709227/ERR12709227.fastq.gz	f5790af62def241331b58390bf1c5cdf	1379643
ERX12083215_JPM1F4.L2_ERR12709228.fastq.gz	ERR12709228	ERX12083215	JPM1F4.L2	https://ftp.sra.ebi.ac.uk/vol1/fastq/ERR127/028/ERR12709228/ERR12709228.fastq.gz	0eb2a6a29d2efc156825488ec81701a2	133417
ERX12083216_JPM1F4.R1_ERR12709229.fastq.gz	ERR12709229	ERX12083216	JPM1F4.R1	https://ftp.sra.ebi.ac.uk/vol1/fastq/ERR127/029/ERR12709229/ERR12709229.fastq.gz	28974892ff4782c1837e38b46f8879a8	1792714
ERX12083217_JPM1F5.R1_ERR12709230.fastq.gz	ERR12709230	ERX12083217	JPM1F5.R1	https://ftp.sra.ebi.ac.uk/vol1/fastq/ERR127/030/ERR12709230/ERR12709230.fastq.gz	11de4331dd36e7ab8cb89ee008648705	947630
ERX12083218_JPM1F5.R2_ERR12709231.fastq.gz	ERR12709231	ERX12083218	JPM1F5.R2	https://ftp.sra.ebi.ac.uk/vol1/fastq/ERR127/031/ERR12709231/ERR12709231.fastq.gz	ee6ae250240eca8297473145dde45a7f	1482452
ERX12083219_JPM1F6.L1_ERR12709232.fastq.gz	ERR12709232	ERX12083219	JPM1F6.L1	https://ftp.sra.ebi.ac.uk/vol1/fastq/ERR127/032/ERR12709232/ERR12709232.fastq.gz	4ee77589f74db59c64f69af572ae4fc1	1221595
ERX12083220_JPM1F6.L2_ERR12709233.fastq.gz	ERR12709233	ERX12083220	JPM1F6.L2	https://ftp.sra.ebi.ac.uk/vol1/fastq/ERR127/033/ERR12709233/ERR12709233.fastq.gz	b54f5d3ad131bd623e02b3cb3ed597db	2681704
ERX12083221_JPM1F6.R1_ERR12709234.fastq.gz	ERR12709234	ERX12083221	JPM1F6.R1	https://ftp.sra.ebi.ac.uk/vol1/fastq/ERR127/034/ERR12709234/ERR12709234.fastq.gz	5c8debf63fe81cf66262c8a13b88184b	3549721
ERX12083222_JPM1O1.L2_ERR12709235.fastq.gz	ERR12709235	ERX12083222	JPM1O1.L2	https://ftp.sra.ebi.ac.uk/vol1/fastq/ERR127/035/ERR12709235/ERR12709235.fastq.gz	326bbc29be361ea8bc68259a42f30ed8	321999
ERX12083223_JPM1O1.R1_ERR12709236.fastq.gz	ERR12709236	ERX12083223	JPM1O1.R1	https://ftp.sra.ebi.ac.uk/vol1/fastq/ERR127/036/ERR12709236/ERR12709236.fastq.gz	bdca19d541e1bac50eaa17f099adc9d4	6334208
ERX12083224_JPM1O2.L1_ERR12709237.fastq.gz	ERR12709237	ERX12083224	JPM1O2.L1	https://ftp.sra.ebi.ac.uk/vol1/fastq/ERR127/037/ERR12709237/ERR12709237.fastq.gz	de1c01fb5396e97f7c992f10483ab006	313869
ERX12083225_JPM1O2.R1_ERR12709238.fastq.gz	ERR12709238	ERX12083225	JPM1O2.R1	https://ftp.sra.ebi.ac.uk/vol1/fastq/ERR127/038/ERR12709238/ERR12709238.fastq.gz	8ed9bc8ec2c829b5c3842715957644b7	7463706
ERX12083226_JPM1O2.R2_ERR12709239.fastq.gz	ERR12709239	ERX12083226	JPM1O2.R2	https://ftp.sra.ebi.ac.uk/vol1/fastq/ERR127/039/ERR12709239/ERR12709239.fastq.gz	bbf523e4cc60c0fedd5d87830a33d8e8	1519951
ERX12083227_JPM1O3.L1_ERR12709240.fastq.gz	ERR12709240	ERX12083227	JPM1O3.L1	https://ftp.sra.ebi.ac.uk/vol1/fastq/ERR127/040/ERR12709240/ERR12709240.fastq.gz	4a8dc04b245f4b4a6ed7320f3d9a538b	3022770
ERX12083228_JPM1O3.L2_ERR12709241.fastq.gz	ERR12709241	ERX12083228	JPM1O3.L2	https://ftp.sra.ebi.ac.uk/vol1/fastq/ERR127/041/ERR12709241/ERR12709241.fastq.gz	2921850d6e618e8a5a36ee44080fa93c	1751173
ERX12083229_JPM1O4.L1_ERR12709242.fastq.gz	ERR12709242	ERX12083229	JPM1O4.L1	https://ftp.sra.ebi.ac.uk/vol1/fastq/ERR127/042/ERR12709242/ERR12709242.fastq.gz	f485af23ff08a39ffad09130db15ead9	914704
ERX12083230_JPM1O4.R1_ERR12709243.fastq.gz	ERR12709243	ERX12083230	JPM1O4.R1	https://ftp.sra.ebi.ac.uk/vol1/fastq/ERR127/043/ERR12709243/ERR12709243.fastq.gz	e2aafa4e25637caab2de9e73dd9795c3	144896
ERX12083231_JPM1O4.R2_ERR12709244.fastq.gz	ERR12709244	ERX12083231	JPM1O4.R2	https://ftp.sra.ebi.ac.uk/vol1/fastq/ERR127/044/ERR12709244/ERR12709244.fastq.gz	0af12b1e1e94bff666d4f07f90b12e1a	1409236
ERX12083232_JPM1O5.L2_ERR12709245.fastq.gz	ERR12709245	ERX12083232	JPM1O5.L2	https://ftp.sra.ebi.ac.uk/vol1/fastq/ERR127/045/ERR12709245/ERR12709245.fastq.gz	5347a245d144ef5e268a3a48f6adfa64	2821743
ERX12083233_JPM1O5.R1_ERR12709246.fastq.gz	ERR12709246	ERX12083233	JPM1O5.R1	https://ftp.sra.ebi.ac.uk/vol1/fastq/ERR127/046/ERR12709246/ERR12709246.fastq.gz	f9a6707ca934aad1172c54f38c7b642a	2720231
ERX12083234_JPM1O5.R2_ERR12709247.fastq.gz	ERR12709247	ERX12083234	JPM1O5.R2	https://ftp.sra.ebi.ac.uk/vol1/fastq/ERR127/047/ERR12709247/ERR12709247.fastq.gz	cf949d243eee9c82999e38389a699ba7	3992780
ERX12083235_JPM1O6.L2_ERR12709248.fastq.gz	ERR12709248	ERX12083235	JPM1O6.L2	https://ftp.sra.ebi.ac.uk/vol1/fastq/ERR127/048/ERR12709248/ERR12709248.fastq.gz	35319325410d8cb65fe147f9815aa543	3150225
ERX12083236_JPM1O6.R2_ERR12709249.fastq.gz	ERR12709249	ERX12083236	JPM1O6.R2	https://ftp.sra.ebi.ac.uk/vol1/fastq/ERR127/049/ERR12709249/ERR12709249.fastq.gz	a9f161ff56f1124e584d10aa5aff0873	1099630
ERX12083237_KATHARO.P1.1_ERR12709250.fastq.gz	ERR12709250	ERX12083237	KATHARO.P1.1	https://ftp.sra.ebi.ac.uk/vol1/fastq/ERR127/050/ERR12709250/ERR12709250.fastq.gz	da78ec4f70a28d67d56012c93febb45a	7597844
ERX12083238_KATHARO.P1.2_ERR12709251.fastq.gz	ERR12709251	ERX12083238	KATHARO.P1.2	https://ftp.sra.ebi.ac.uk/vol1/fastq/ERR127/051/ERR12709251/ERR12709251.fastq.gz	b37667649d9149768f69733f79b45857	4505374
ERX12083239_KATHARO.P1.3_ERR12709252.fastq.gz	ERR12709252	ERX12083239	KATHARO.P1.3	https://ftp.sra.ebi.ac.uk/vol1/fastq/ERR127/052/ERR12709252/ERR12709252.fastq.gz	5e011373f51d97b396a97c020b596f6b	4484134
ERX12083240_KATHARO.P1.4_ERR12709253.fastq.gz	ERR12709253	ERX12083240	KATHARO.P1.4	https://ftp.sra.ebi.ac.uk/vol1/fastq/ERR127/053/ERR12709253/ERR12709253.fastq.gz	8be66d62d3011aa445015d6abc1f8600	3338295
ERX12083241_KATHARO.P1.5_ERR12709254.fastq.gz	ERR12709254	ERX12083241	KATHARO.P1.5	https://ftp.sra.ebi.ac.uk/vol1/fastq/ERR127/054/ERR12709254/ERR12709254.fastq.gz	4277b63e7653e9592956701a929f5996	4116724
ERX12083242_KATHARO.P1.6_ERR12709255.fastq.gz	ERR12709255	ERX12083242	KATHARO.P1.6	https://ftp.sra.ebi.ac.uk/vol1/fastq/ERR127/055/ERR12709255/ERR12709255.fastq.gz	632f3540c7c2b1051382d4305ba630cd	2243032
ERX12083243_KATHARO.P1.7_ERR12709256.fastq.gz	ERR12709256	ERX12083243	KATHARO.P1.7	https://ftp.sra.ebi.ac.uk/vol1/fastq/ERR127/056/ERR12709256/ERR12709256.fastq.gz	8218fb81b3a9543a4514a30feaed997e	2018613
ERX12083244_KATHARO.P1.8_ERR12709257.fastq.gz	ERR12709257	ERX12083244	KATHARO.P1.8	https://ftp.sra.ebi.ac.uk/vol1/fastq/ERR127/057/ERR12709257/ERR12709257.fastq.gz	20f3ea785c5d85c920eabd9cb22b1209	2596927
ERX12083245_KATHARO.P2.1_ERR12709258.fastq.gz	ERR12709258	ERX12083245	KATHARO.P2.1	https://ftp.sra.ebi.ac.uk/vol1/fastq/ERR127/058/ERR12709258/ERR12709258.fastq.gz	d269698e8c3b467713941e08de0c57b5	11143485
ERX12083246_KATHARO.P2.2_ERR12709259.fastq.gz	ERR12709259	ERX12083246	KATHARO.P2.2	https://ftp.sra.ebi.ac.uk/vol1/fastq/ERR127/059/ERR12709259/ERR12709259.fastq.gz	344665f6fa9b902c0e154af2e495efd1	6272849
ERX12083247_KATHARO.P2.3_ERR12709260.fastq.gz	ERR12709260	ERX12083247	KATHARO.P2.3	https://ftp.sra.ebi.ac.uk/vol1/fastq/ERR127/060/ERR12709260/ERR12709260.fastq.gz	44e98334030e0bdcf67028ec8889fc37	2754563
ERX12083248_KATHARO.P2.4_ERR12709261.fastq.gz	ERR12709261	ERX12083248	KATHARO.P2.4	https://ftp.sra.ebi.ac.uk/vol1/fastq/ERR127/061/ERR12709261/ERR12709261.fastq.gz	ae6743e24601f3e29b2027aed4230b16	350832
ERX12083249_KATHARO.P2.5_ERR12709262.fastq.gz	ERR12709262	ERX12083249	KATHARO.P2.5	https://ftp.sra.ebi.ac.uk/vol1/fastq/ERR127/062/ERR12709262/ERR12709262.fastq.gz	f2396eace15ecc67800c4acf91e63e46	956164
ERX12083250_KATHARO.P2.6_ERR12709263.fastq.gz	ERR12709263	ERX12083250	KATHARO.P2.6	https://ftp.sra.ebi.ac.uk/vol1/fastq/ERR127/063/ERR12709263/ERR12709263.fastq.gz	b15faf8fec2ae5e15f3b76fb8b3b3ed9	2384887
ERX12083251_KATHARO.P2.7_ERR12709264.fastq.gz	ERR12709264	ERX12083251	KATHARO.P2.7	https://ftp.sra.ebi.ac.uk/vol1/fastq/ERR127/064/ERR12709264/ERR12709264.fastq.gz	4cd1009bfbb5ed7684273d43a99c93b4	2593948
ERX12083252_KATHARO.P2.8_ERR12709265.fastq.gz	ERR12709265	ERX12083252	KATHARO.P2.8	https://ftp.sra.ebi.ac.uk/vol1/fastq/ERR127/065/ERR12709265/ERR12709265.fastq.gz	433fb63f1714106968deaee10ddeb1a1	1102146
ERX12083253_KATHARO.P3.1_ERR12709266.fastq.gz	ERR12709266	ERX12083253	KATHARO.P3.1	https://ftp.sra.ebi.ac.uk/vol1/fastq/ERR127/066/ERR12709266/ERR12709266.fastq.gz	cb48961376b226f9b26ba58282ab7419	7656422
ERX12083254_KATHARO.P3.2_ERR12709267.fastq.gz	ERR12709267	ERX12083254	KATHARO.P3.2	https://ftp.sra.ebi.ac.uk/vol1/fastq/ERR127/067/ERR12709267/ERR12709267.fastq.gz	ac49941b0259044ccc9cf7f943937816	4803689
ERX12083255_KATHARO.P3.3_ERR12709268.fastq.gz	ERR12709268	ERX12083255	KATHARO.P3.3	https://ftp.sra.ebi.ac.uk/vol1/fastq/ERR127/068/ERR12709268/ERR12709268.fastq.gz	8d38281ea7791e52622e801bdc3cad14	2278960
ERX12083256_KATHARO.P3.4_ERR12709269.fastq.gz	ERR12709269	ERX12083256	KATHARO.P3.4	https://ftp.sra.ebi.ac.uk/vol1/fastq/ERR127/069/ERR12709269/ERR12709269.fastq.gz	080f2fd135370c78d659cbbf5a0275bc	727446
ERX12083257_KATHARO.P3.5_ERR12709270.fastq.gz	ERR12709270	ERX12083257	KATHARO.P3.5	https://ftp.sra.ebi.ac.uk/vol1/fastq/ERR127/070/ERR12709270/ERR12709270.fastq.gz	b58eefc23628d486702afb82ea3443dd	378780
ERX12083258_KATHARO.P3.6_ERR12709271.fastq.gz	ERR12709271	ERX12083258	KATHARO.P3.6	https://ftp.sra.ebi.ac.uk/vol1/fastq/ERR127/071/ERR12709271/ERR12709271.fastq.gz	e82745adae996c808dd8afc8d0050036	249781
ERX12083259_KATHARO.P3.7_ERR12709272.fastq.gz	ERR12709272	ERX12083259	KATHARO.P3.7	https://ftp.sra.ebi.ac.uk/vol1/fastq/ERR127/072/ERR12709272/ERR12709272.fastq.gz	30d45c35b06c3f974a54ba22d22529a4	188957
ERX12083260_KATHARO.P3.8_ERR12709273.fastq.gz	ERR12709273	ERX12083260	KATHARO.P3.8	https://ftp.sra.ebi.ac.uk/vol1/fastq/ERR127/073/ERR12709273/ERR12709273.fastq.gz	67fc22d264ec392fee76ccc1756e0304	232095
ERX12083261_KATHARO.P4.1_ERR12709274.fastq.gz	ERR12709274	ERX12083261	KATHARO.P4.1	https://ftp.sra.ebi.ac.uk/vol1/fastq/ERR127/074/ERR12709274/ERR12709274.fastq.gz	f9e6bd3cf98b0d185da22bb36459de62	7798196
ERX12083262_KATHARO.P4.2_ERR12709275.fastq.gz	ERR12709275	ERX12083262	KATHARO.P4.2	https://ftp.sra.ebi.ac.uk/vol1/fastq/ERR127/075/ERR12709275/ERR12709275.fastq.gz	f7e226b357d20babbdf300511baa709f	19814
ERX12083263_KATHARO.P4.3_ERR12709276.fastq.gz	ERR12709276	ERX12083263	KATHARO.P4.3	https://ftp.sra.ebi.ac.uk/vol1/fastq/ERR127/076/ERR12709276/ERR12709276.fastq.gz	1233253d9dd71b0773ce223affca4dd7	2141433
ERX12083264_KATHARO.P4.4_ERR12709277.fastq.gz	ERR12709277	ERX12083264	KATHARO.P4.4	https://ftp.sra.ebi.ac.uk/vol1/fastq/ERR127/077/ERR12709277/ERR12709277.fastq.gz	ec8aedc5b9f664e98bfa9e8b7131e39e	479786
ERX12083265_KATHARO.P4.5_ERR12709278.fastq.gz	ERR12709278	ERX12083265	KATHARO.P4.5	https://ftp.sra.ebi.ac.uk/vol1/fastq/ERR127/078/ERR12709278/ERR12709278.fastq.gz	49e07be2b617902eda15e1668dd61e26	263116
ERX12083266_KATHARO.P4.6_ERR12709279.fastq.gz	ERR12709279	ERX12083266	KATHARO.P4.6	https://ftp.sra.ebi.ac.uk/vol1/fastq/ERR127/079/ERR12709279/ERR12709279.fastq.gz	f40c5d8869dc2423f6aedb12762094fc	198293
ERX12083267_KATHARO.P4.7_ERR12709280.fastq.gz	ERR12709280	ERX12083267	KATHARO.P4.7	https://ftp.sra.ebi.ac.uk/vol1/fastq/ERR127/080/ERR12709280/ERR12709280.fastq.gz	3d2c536c06253462353c61908abb27ec	106593
ERX12083268_KATHARO.P4.8_ERR12709281.fastq.gz	ERR12709281	ERX12083268	KATHARO.P4.8	https://ftp.sra.ebi.ac.uk/vol1/fastq/ERR127/081/ERR12709281/ERR12709281.fastq.gz	a61da0f6d1a7ab7205bf2c96f6f84779	121409
ERX12083269_KATHARO.P5.1_ERR12709282.fastq.gz	ERR12709282	ERX12083269	KATHARO.P5.1	https://ftp.sra.ebi.ac.uk/vol1/fastq/ERR127/082/ERR12709282/ERR12709282.fastq.gz	6b02c8d327e931522fe3314e85062d87	11396416
ERX12083270_KATHARO.P5.2_ERR12709283.fastq.gz	ERR12709283	ERX12083270	KATHARO.P5.2	https://ftp.sra.ebi.ac.uk/vol1/fastq/ERR127/083/ERR12709283/ERR12709283.fastq.gz	9e1bf3d851e68786f562817a8a1b3337	2480147
ERX12083271_KATHARO.P5.3_ERR12709284.fastq.gz	ERR12709284	ERX12083271	KATHARO.P5.3	https://ftp.sra.ebi.ac.uk/vol1/fastq/ERR127/084/ERR12709284/ERR12709284.fastq.gz	78e53aa72a753c36f1affe79d399aa3f	3218227
ERX12083272_KATHARO.P5.4_ERR12709285.fastq.gz	ERR12709285	ERX12083272	KATHARO.P5.4	https://ftp.sra.ebi.ac.uk/vol1/fastq/ERR127/085/ERR12709285/ERR12709285.fastq.gz	4f11b377dd5923eb2b5fe3d45e0babae	462487
ERX12083273_KATHARO.P5.5_ERR12709286.fastq.gz	ERR12709286	ERX12083273	KATHARO.P5.5	https://ftp.sra.ebi.ac.uk/vol1/fastq/ERR127/086/ERR12709286/ERR12709286.fastq.gz	f36d6a95918f49bb0b6c604fd69adef0	586394
ERX12083274_KATHARO.P5.6_ERR12709287.fastq.gz	ERR12709287	ERX12083274	KATHARO.P5.6	https://ftp.sra.ebi.ac.uk/vol1/fastq/ERR127/087/ERR12709287/ERR12709287.fastq.gz	675451c11ed206059f91c1704014f70d	89547
ERX12083275_KATHARO.P5.7_ERR12709288.fastq.gz	ERR12709288	ERX12083275	KATHARO.P5.7	https://ftp.sra.ebi.ac.uk/vol1/fastq/ERR127/088/ERR12709288/ERR12709288.fastq.gz	5f2d97ead72eb24884e266a6122100c6	292357
ERX12083276_KATHARO.P5.8_ERR12709289.fastq.gz	ERR12709289	ERX12083276	KATHARO.P5.8	https://ftp.sra.ebi.ac.uk/vol1/fastq/ERR127/089/ERR12709289/ERR12709289.fastq.gz	adde93063787cc8a2690d3d67c6980ec	241851
ERX12083277_LAB1.N2_ERR12709290.fastq.gz	ERR12709290	ERX12083277	LAB1.N2	https://ftp.sra.ebi.ac.uk/vol1/fastq/ERR127/090/ERR12709290/ERR12709290.fastq.gz	133928c9a2d68881d03e322a4305e85f	150554
ERX12083278_LAB1D1.L2_ERR12709291.fastq.gz	ERR12709291	ERX12083278	LAB1D1.L2	https://ftp.sra.ebi.ac.uk/vol1/fastq/ERR127/091/ERR12709291/ERR12709291.fastq.gz	71a1ca7c1613c42091c1800041f889d8	352596
ERX12083279_LAB1D2.L2_ERR12709292.fastq.gz	ERR12709292	ERX12083279	LAB1D2.L2	https://ftp.sra.ebi.ac.uk/vol1/fastq/ERR127/092/ERR12709292/ERR12709292.fastq.gz	797d77461a2f11858a00c456c3cbf4fe	171332
ERX12083280_LAB1D2.R1_ERR12709293.fastq.gz	ERR12709293	ERX12083280	LAB1D2.R1	https://ftp.sra.ebi.ac.uk/vol1/fastq/ERR127/093/ERR12709293/ERR12709293.fastq.gz	5f46b365442f9e4efab9a5501cd86395	201015
ERX12083281_LAB1D3.L1_ERR12709294.fastq.gz	ERR12709294	ERX12083281	LAB1D3.L1	https://ftp.sra.ebi.ac.uk/vol1/fastq/ERR127/094/ERR12709294/ERR12709294.fastq.gz	d5663ea478c8fda558b94705461b36c5	3198665
ERX12083282_LAB1D4.L2_ERR12709295.fastq.gz	ERR12709295	ERX12083282	LAB1D4.L2	https://ftp.sra.ebi.ac.uk/vol1/fastq/ERR127/095/ERR12709295/ERR12709295.fastq.gz	62d0be75ac8a63da57f47401e84135d1	789711
ERX12083283_LAB1D4.R2_ERR12709296.fastq.gz	ERR12709296	ERX12083283	LAB1D4.R2	https://ftp.sra.ebi.ac.uk/vol1/fastq/ERR127/096/ERR12709296/ERR12709296.fastq.gz	b0ea443c0f4ef47ee9fbf46f22a62b96	1530727
ERX12083284_LAB1D5.L1_ERR12709297.fastq.gz	ERR12709297	ERX12083284	LAB1D5.L1	https://ftp.sra.ebi.ac.uk/vol1/fastq/ERR127/097/ERR12709297/ERR12709297.fastq.gz	d9a793a53e8782408d583d1d7d71b7f9	297819
ERX12083285_LAB1D5.R2_ERR12709298.fastq.gz	ERR12709298	ERX12083285	LAB1D5.R2	https://ftp.sra.ebi.ac.uk/vol1/fastq/ERR127/098/ERR12709298/ERR12709298.fastq.gz	8e0bb2551d63311d9683bb7766052712	4358
ERX12083286_LAB1D6.L1._ERR12709299.fastq.gz	ERR12709299	ERX12083286	LAB1D6.L1.	https://ftp.sra.ebi.ac.uk/vol1/fastq/ERR127/099/ERR12709299/ERR12709299.fastq.gz	16061dc5da7b58db172498674e66bee2	309624
ERX12083287_LAB1D6.R1._ERR12709300.fastq.gz	ERR12709300	ERX12083287	LAB1D6.R1.	https://ftp.sra.ebi.ac.uk/vol1/fastq/ERR127/000/ERR12709300/ERR12709300.fastq.gz	5372fb890739bdaaad0b83021f12ba24	141258
ERX12083288_LAB1O1.L2_ERR12709301.fastq.gz	ERR12709301	ERX12083288	LAB1O1.L2	https://ftp.sra.ebi.ac.uk/vol1/fastq/ERR127/001/ERR12709301/ERR12709301.fastq.gz	de0d604ad07c4a8bb59637eb88a0b1e9	6359981
ERX12083289_LAB1O1.R1_ERR12709302.fastq.gz	ERR12709302	ERX12083289	LAB1O1.R1	https://ftp.sra.ebi.ac.uk/vol1/fastq/ERR127/002/ERR12709302/ERR12709302.fastq.gz	074873e5ed72e1177deae2c13952793a	1795475
ERX12083290_LAB1O2.L2_ERR12709303.fastq.gz	ERR12709303	ERX12083290	LAB1O2.L2	https://ftp.sra.ebi.ac.uk/vol1/fastq/ERR127/003/ERR12709303/ERR12709303.fastq.gz	a3be9866564114b15a2d732fa271dba6	1345483
ERX12083291_LAB1O2.R2_ERR12709304.fastq.gz	ERR12709304	ERX12083291	LAB1O2.R2	https://ftp.sra.ebi.ac.uk/vol1/fastq/ERR127/004/ERR12709304/ERR12709304.fastq.gz	19b23d040d02ee4a854e622a639c0aed	1197675
ERX12083292_LAB1O3.R2_ERR12709305.fastq.gz	ERR12709305	ERX12083292	LAB1O3.R2	https://ftp.sra.ebi.ac.uk/vol1/fastq/ERR127/005/ERR12709305/ERR12709305.fastq.gz	7eb4a5285a64ca6b039b3490d156dc4c	6847562
ERX12083293_LAB1O4.L2_ERR12709306.fastq.gz	ERR12709306	ERX12083293	LAB1O4.L2	https://ftp.sra.ebi.ac.uk/vol1/fastq/ERR127/006/ERR12709306/ERR12709306.fastq.gz	361d40489d2af3544575fa5e09e31203	190136
ERX12083294_LAB1O4.R2_ERR12709307.fastq.gz	ERR12709307	ERX12083294	LAB1O4.R2	https://ftp.sra.ebi.ac.uk/vol1/fastq/ERR127/007/ERR12709307/ERR12709307.fastq.gz	c334ec70af3f172531bccc2a4e5b4bb8	1080283
ERX12083295_LAB1O5.L2_ERR12709308.fastq.gz	ERR12709308	ERX12083295	LAB1O5.L2	https://ftp.sra.ebi.ac.uk/vol1/fastq/ERR127/008/ERR12709308/ERR12709308.fastq.gz	6e591fdcf0e45bc14889fb7eb4a580c3	3318925
ERX12083296_LAB1O6.R2_ERR12709309.fastq.gz	ERR12709309	ERX12083296	LAB1O6.R2	https://ftp.sra.ebi.ac.uk/vol1/fastq/ERR127/009/ERR12709309/ERR12709309.fastq.gz	5de7db8ec46d0296499469be9cdc7aaf	2971969
ERX12083297_LAB1P1.L2_ERR12709310.fastq.gz	ERR12709310	ERX12083297	LAB1P1.L2	https://ftp.sra.ebi.ac.uk/vol1/fastq/ERR127/010/ERR12709310/ERR12709310.fastq.gz	88e191d2b3f8172bddc778622fb40221	589918
ERX12083298_LAB1P1.R1_ERR12709311.fastq.gz	ERR12709311	ERX12083298	LAB1P1.R1	https://ftp.sra.ebi.ac.uk/vol1/fastq/ERR127/011/ERR12709311/ERR12709311.fastq.gz	e4bea64b72f9ce89a65eadd2c3a385a5	992663
ERX12083299_LAB1P2.L2_ERR12709312.fastq.gz	ERR12709312	ERX12083299	LAB1P2.L2	https://ftp.sra.ebi.ac.uk/vol1/fastq/ERR127/012/ERR12709312/ERR12709312.fastq.gz	5eb9f616ee1374696eecd175b5f59dc5	1170619
ERX12083300_LAB1P3.L1_rep1_ERR12709313.fastq.gz	ERR12709313	ERX12083300	LAB1P3.L1_rep1	https://ftp.sra.ebi.ac.uk/vol1/fastq/ERR127/013/ERR12709313/ERR12709313.fastq.gz	ceb3db1ebba6eeee2e635d7967929e69	448084
ERX12083301_LAB1P3.L2_ERR12709314.fastq.gz	ERR12709314	ERX12083301	LAB1P3.L2	https://ftp.sra.ebi.ac.uk/vol1/fastq/ERR127/014/ERR12709314/ERR12709314.fastq.gz	2aacca242d099c63719a77426d9c4fd3	349400
ERX12083302_LAB1P3.R1_ERR12709315.fastq.gz	ERR12709315	ERX12083302	LAB1P3.R1	https://ftp.sra.ebi.ac.uk/vol1/fastq/ERR127/015/ERR12709315/ERR12709315.fastq.gz	9a472aaff7dd2428308074d9f21bd571	2795166
ERX12083303_LAB1P3.R2_ERR12709316.fastq.gz	ERR12709316	ERX12083303	LAB1P3.R2	https://ftp.sra.ebi.ac.uk/vol1/fastq/ERR127/016/ERR12709316/ERR12709316.fastq.gz	affa27677c6bacff03f28cf89369a151	3038806
ERX12083304_LAB1P4.L1_ERR12709317.fastq.gz	ERR12709317	ERX12083304	LAB1P4.L1	https://ftp.sra.ebi.ac.uk/vol1/fastq/ERR127/017/ERR12709317/ERR12709317.fastq.gz	05e5825256d970810f23b1d4bb7ac035	834336
ERX12083305_LAB1P6.L1_ERR12709318.fastq.gz	ERR12709318	ERX12083305	LAB1P6.L1	https://ftp.sra.ebi.ac.uk/vol1/fastq/ERR127/018/ERR12709318/ERR12709318.fastq.gz	8e7bac1751b99230fdfe21fce127a531	5784529
ERX12083306_LAB1P6.L2_ERR12709319.fastq.gz	ERR12709319	ERX12083306	LAB1P6.L2	https://ftp.sra.ebi.ac.uk/vol1/fastq/ERR127/019/ERR12709319/ERR12709319.fastq.gz	c258543c77727b9fc6c2170f570ce400	2273379
ERX12083307_LAB1P6.R1._ERR12709320.fastq.gz	ERR12709320	ERX12083307	LAB1P6.R1.	https://ftp.sra.ebi.ac.uk/vol1/fastq/ERR127/020/ERR12709320/ERR12709320.fastq.gz	c158ddb027460bff5d035ab0123c1004	443976
ERX12083308_LAB1P6.R2_ERR12709321.fastq.gz	ERR12709321	ERX12083308	LAB1P6.R2	https://ftp.sra.ebi.ac.uk/vol1/fastq/ERR127/021/ERR12709321/ERR12709321.fastq.gz	14730379f76737639e46a0e34a25827f	439739
ERX12083309_LAB1S1.L2_ERR12709322.fastq.gz	ERR12709322	ERX12083309	LAB1S1.L2	https://ftp.sra.ebi.ac.uk/vol1/fastq/ERR127/022/ERR12709322/ERR12709322.fastq.gz	4a69534cb2cfc45c1256d1a0c97c8831	1461185
ERX12083310_LAB1S1.R2_ERR12709323.fastq.gz	ERR12709323	ERX12083310	LAB1S1.R2	https://ftp.sra.ebi.ac.uk/vol1/fastq/ERR127/023/ERR12709323/ERR12709323.fastq.gz	8efd1a881a1acde3ec03dcef2d94c430	4299974
ERX12083311_LAB1S2.L1_ERR12709324.fastq.gz	ERR12709324	ERX12083311	LAB1S2.L1	https://ftp.sra.ebi.ac.uk/vol1/fastq/ERR127/024/ERR12709324/ERR12709324.fastq.gz	e82ff55ec30d39621324ea6860ca3cbb	3251743
ERX12083312_LAB1S2.R1_ERR12709325.fastq.gz	ERR12709325	ERX12083312	LAB1S2.R1	https://ftp.sra.ebi.ac.uk/vol1/fastq/ERR127/025/ERR12709325/ERR12709325.fastq.gz	077e29e567283a36f3bdbecdef3fd04f	1010505
ERX12083313_LAB1S2.R2_ERR12709326.fastq.gz	ERR12709326	ERX12083313	LAB1S2.R2	https://ftp.sra.ebi.ac.uk/vol1/fastq/ERR127/026/ERR12709326/ERR12709326.fastq.gz	9af0dce3bf793453b12f11d51ae4b4a1	2440871
ERX12083314_LAB1S3.L2_ERR12709327.fastq.gz	ERR12709327	ERX12083314	LAB1S3.L2	https://ftp.sra.ebi.ac.uk/vol1/fastq/ERR127/027/ERR12709327/ERR12709327.fastq.gz	71b6498e5fec51e2b0578cf09b709ab2	526593
ERX12083315_LAB1S3.R1_ERR12709328.fastq.gz	ERR12709328	ERX12083315	LAB1S3.R1	https://ftp.sra.ebi.ac.uk/vol1/fastq/ERR127/028/ERR12709328/ERR12709328.fastq.gz	0f4a27123ed96d691c967b23d7cb5e83	403369
ERX12083316_LAB1S3.R2_ERR12709329.fastq.gz	ERR12709329	ERX12083316	LAB1S3.R2	https://ftp.sra.ebi.ac.uk/vol1/fastq/ERR127/029/ERR12709329/ERR12709329.fastq.gz	32b63fdc376c4c0d41a0d1c7b67de052	337833
ERX12083317_LAB1S4.L2_ERR12709330.fastq.gz	ERR12709330	ERX12083317	LAB1S4.L2	https://ftp.sra.ebi.ac.uk/vol1/fastq/ERR127/030/ERR12709330/ERR12709330.fastq.gz	3fbcc03058d8be9db858885077dcd8f4	331437
ERX12083318_LAB1S4.R1_ERR12709331.fastq.gz	ERR12709331	ERX12083318	LAB1S4.R1	https://ftp.sra.ebi.ac.uk/vol1/fastq/ERR127/031/ERR12709331/ERR12709331.fastq.gz	dcc53fb77662721ac03434a6ba2c3fee	663012
ERX12083319_LAB1S4.R2_ERR12709332.fastq.gz	ERR12709332	ERX12083319	LAB1S4.R2	https://ftp.sra.ebi.ac.uk/vol1/fastq/ERR127/032/ERR12709332/ERR12709332.fastq.gz	d55e0a04eac33e837bdb4057f730326f	339469
ERX12083320_LAB1S5.R2_ERR12709333.fastq.gz	ERR12709333	ERX12083320	LAB1S5.R2	https://ftp.sra.ebi.ac.uk/vol1/fastq/ERR127/033/ERR12709333/ERR12709333.fastq.gz	eb45e2978c009e652233e47cd1be3152	770164
ERX12083321_LAB1S6.L1._ERR12709334.fastq.gz	ERR12709334	ERX12083321	LAB1S6.L1.	https://ftp.sra.ebi.ac.uk/vol1/fastq/ERR127/034/ERR12709334/ERR12709334.fastq.gz	230dd045ce7ddb2c40e812e1b43a1150	381477
ERX12083322_LAB1S6.R1._ERR12709335.fastq.gz	ERR12709335	ERX12083322	LAB1S6.R1.	https://ftp.sra.ebi.ac.uk/vol1/fastq/ERR127/035/ERR12709335/ERR12709335.fastq.gz	f1038a2d56ec6c6af3709daf321c404f	1319180
ERX12083323_NOD1.F1_ERR12709336.fastq.gz	ERR12709336	ERX12083323	NOD1.F1	https://ftp.sra.ebi.ac.uk/vol1/fastq/ERR127/036/ERR12709336/ERR12709336.fastq.gz	cb6eae6d388ae121c7fd3a8ecd7a6eb8	1188986
ERX12083324_NOD1.F3_ERR12709337.fastq.gz	ERR12709337	ERX12083324	NOD1.F3	https://ftp.sra.ebi.ac.uk/vol1/fastq/ERR127/037/ERR12709337/ERR12709337.fastq.gz	f9d90f5010d6122e3cb7f3379b304be0	654499
ERX12083325_NOD1.F5_ERR12709338.fastq.gz	ERR12709338	ERX12083325	NOD1.F5	https://ftp.sra.ebi.ac.uk/vol1/fastq/ERR127/038/ERR12709338/ERR12709338.fastq.gz	22fc43aa6fa7c5d065094a416978c75c	4573573
ERX12083326_NOD1.N1_ERR12709339.fastq.gz	ERR12709339	ERX12083326	NOD1.N1	https://ftp.sra.ebi.ac.uk/vol1/fastq/ERR127/039/ERR12709339/ERR12709339.fastq.gz	b41d1470050bf31a2b67f9672f729c63	131273
ERX12083327_NOD1.N2_ERR12709340.fastq.gz	ERR12709340	ERX12083327	NOD1.N2	https://ftp.sra.ebi.ac.uk/vol1/fastq/ERR127/040/ERR12709340/ERR12709340.fastq.gz	b12b552215d212801490b648a0769d74	194948
ERX12083328_NOD1.N4_ERR12709341.fastq.gz	ERR12709341	ERX12083328	NOD1.N4	https://ftp.sra.ebi.ac.uk/vol1/fastq/ERR127/041/ERR12709341/ERR12709341.fastq.gz	62d0f8a444b0a99cffec813293158793	582076
ERX12083329_NOD1.N5_ERR12709342.fastq.gz	ERR12709342	ERX12083329	NOD1.N5	https://ftp.sra.ebi.ac.uk/vol1/fastq/ERR127/042/ERR12709342/ERR12709342.fastq.gz	e8c7c6c46282dcca80d53be6165544b9	42191
ERX12083330_NOD1D4.L10_ERR12709343.fastq.gz	ERR12709343	ERX12083330	NOD1D4.L10	https://ftp.sra.ebi.ac.uk/vol1/fastq/ERR127/043/ERR12709343/ERR12709343.fastq.gz	67c7d0c520bb8f561f327d803fe40dc8	739930
ERX12083331_NOD1D4.L2_ERR12709344.fastq.gz	ERR12709344	ERX12083331	NOD1D4.L2	https://ftp.sra.ebi.ac.uk/vol1/fastq/ERR127/044/ERR12709344/ERR12709344.fastq.gz	d32b21da2a4e4b8b9a56e37c2ea4dc44	5051576
ERX12083332_NOD1D4.L3_ERR12709345.fastq.gz	ERR12709345	ERX12083332	NOD1D4.L3	https://ftp.sra.ebi.ac.uk/vol1/fastq/ERR127/045/ERR12709345/ERR12709345.fastq.gz	7bf8691a2a1d32acbe4116b1c8c03c33	322364
ERX12083333_NOD1D4.L4_ERR12709346.fastq.gz	ERR12709346	ERX12083333	NOD1D4.L4	https://ftp.sra.ebi.ac.uk/vol1/fastq/ERR127/046/ERR12709346/ERR12709346.fastq.gz	b5b5581a1bf47d99b201be5409d1c668	291155
ERX12083334_NOD1D4.L5_ERR12709347.fastq.gz	ERR12709347	ERX12083334	NOD1D4.L5	https://ftp.sra.ebi.ac.uk/vol1/fastq/ERR127/047/ERR12709347/ERR12709347.fastq.gz	f82f2dbba548ce1af68806b11cb23a09	436984
ERX12083335_NOD1D4.L6_ERR12709348.fastq.gz	ERR12709348	ERX12083335	NOD1D4.L6	https://ftp.sra.ebi.ac.uk/vol1/fastq/ERR127/048/ERR12709348/ERR12709348.fastq.gz	8e9c358bee90cdec1b5548cfe80b6d30	413607
ERX12083336_NOD1D4.L7_ERR12709349.fastq.gz	ERR12709349	ERX12083336	NOD1D4.L7	https://ftp.sra.ebi.ac.uk/vol1/fastq/ERR127/049/ERR12709349/ERR12709349.fastq.gz	c304f789d26cff1afeb4f1337d68d75f	3579108
ERX12083337_NOD1D4.R10_ERR12709350.fastq.gz	ERR12709350	ERX12083337	NOD1D4.R10	https://ftp.sra.ebi.ac.uk/vol1/fastq/ERR127/050/ERR12709350/ERR12709350.fastq.gz	e0b09f952da8655df26b31470f31a8dd	524674
ERX12083338_NOD1D4.R5_ERR12709351.fastq.gz	ERR12709351	ERX12083338	NOD1D4.R5	https://ftp.sra.ebi.ac.uk/vol1/fastq/ERR127/051/ERR12709351/ERR12709351.fastq.gz	1af198ad3768426898fba08b7eadb0c2	471803
ERX12083339_NOD1D4.R7_ERR12709352.fastq.gz	ERR12709352	ERX12083339	NOD1D4.R7	https://ftp.sra.ebi.ac.uk/vol1/fastq/ERR127/052/ERR12709352/ERR12709352.fastq.gz	9add9dfe662567b2b5eef75024bb850a	2010811
ERX12083340_NOD1D4.R9_ERR12709353.fastq.gz	ERR12709353	ERX12083340	NOD1D4.R9	https://ftp.sra.ebi.ac.uk/vol1/fastq/ERR127/053/ERR12709353/ERR12709353.fastq.gz	f63ec7a036a24c670a4501858db9722f	425526
ERX12083341_NOD1O4.L10_ERR12709354.fastq.gz	ERR12709354	ERX12083341	NOD1O4.L10	https://ftp.sra.ebi.ac.uk/vol1/fastq/ERR127/054/ERR12709354/ERR12709354.fastq.gz	780b583f467dd06a33a671b06b4ed2cb	5636180
ERX12083342_NOD1O4.L2_ERR12709355.fastq.gz	ERR12709355	ERX12083342	NOD1O4.L2	https://ftp.sra.ebi.ac.uk/vol1/fastq/ERR127/055/ERR12709355/ERR12709355.fastq.gz	72f8235100b8f9ccd5a566a775977780	6560635
ERX12083343_NOD1O4.L4_ERR12709356.fastq.gz	ERR12709356	ERX12083343	NOD1O4.L4	https://ftp.sra.ebi.ac.uk/vol1/fastq/ERR127/056/ERR12709356/ERR12709356.fastq.gz	98d69a1ad08be778062f64a1bfcf099e	648489
ERX12083344_NOD1O4.L5_ERR12709357.fastq.gz	ERR12709357	ERX12083344	NOD1O4.L5	https://ftp.sra.ebi.ac.uk/vol1/fastq/ERR127/057/ERR12709357/ERR12709357.fastq.gz	781dc5c7891a4542488ad8b4c59ac548	1780907
ERX12083345_NOD1O4.L7_ERR12709358.fastq.gz	ERR12709358	ERX12083345	NOD1O4.L7	https://ftp.sra.ebi.ac.uk/vol1/fastq/ERR127/058/ERR12709358/ERR12709358.fastq.gz	c068afbabbbf3f74256d8aa15acd32bd	2738439
ERX12083346_NOD1O4.L8_ERR12709359.fastq.gz	ERR12709359	ERX12083346	NOD1O4.L8	https://ftp.sra.ebi.ac.uk/vol1/fastq/ERR127/059/ERR12709359/ERR12709359.fastq.gz	628d17d22017e941f27185be962dd953	4403318
ERX12083347_NOD1O4.L9_ERR12709360.fastq.gz	ERR12709360	ERX12083347	NOD1O4.L9	https://ftp.sra.ebi.ac.uk/vol1/fastq/ERR127/060/ERR12709360/ERR12709360.fastq.gz	c317c7a28e0f90c5b3afb0c899e9db35	6883079
ERX12083348_NOD1O4.R1_ERR12709361.fastq.gz	ERR12709361	ERX12083348	NOD1O4.R1	https://ftp.sra.ebi.ac.uk/vol1/fastq/ERR127/061/ERR12709361/ERR12709361.fastq.gz	4e2fe1b74bc02881b6e147bb44e24d90	4833343
ERX12083349_NOD1O4.R10_ERR12709362.fastq.gz	ERR12709362	ERX12083349	NOD1O4.R10	https://ftp.sra.ebi.ac.uk/vol1/fastq/ERR127/062/ERR12709362/ERR12709362.fastq.gz	3efd55333824a342ebb99b253f7b8524	2328111
ERX12083350_NOD1P2.L1_ERR12709363.fastq.gz	ERR12709363	ERX12083350	NOD1P2.L1	https://ftp.sra.ebi.ac.uk/vol1/fastq/ERR127/063/ERR12709363/ERR12709363.fastq.gz	044b4165876867920a18e644ed6e383f	4301686
ERX12083351_NOD1P2.L10_ERR12709364.fastq.gz	ERR12709364	ERX12083351	NOD1P2.L10	https://ftp.sra.ebi.ac.uk/vol1/fastq/ERR127/064/ERR12709364/ERR12709364.fastq.gz	5bb8822597089f5e8743307fd7c0b667	4190784
ERX12083352_NOD1P2.L3_ERR12709365.fastq.gz	ERR12709365	ERX12083352	NOD1P2.L3	https://ftp.sra.ebi.ac.uk/vol1/fastq/ERR127/065/ERR12709365/ERR12709365.fastq.gz	f7f0b6c58bf4d0bcfd1c2aa96fe45c6e	7105877
ERX12083353_NOD1P2.L4_ERR12709366.fastq.gz	ERR12709366	ERX12083353	NOD1P2.L4	https://ftp.sra.ebi.ac.uk/vol1/fastq/ERR127/066/ERR12709366/ERR12709366.fastq.gz	3a73fd05d4d2bcb6d3567267e4b07612	5459009
ERX12083354_NOD1P2.L5_ERR12709367.fastq.gz	ERR12709367	ERX12083354	NOD1P2.L5	https://ftp.sra.ebi.ac.uk/vol1/fastq/ERR127/067/ERR12709367/ERR12709367.fastq.gz	33ba0ee2248870fe65782c143e4731f9	3386317
ERX12083355_NOD1P2.L7_ERR12709368.fastq.gz	ERR12709368	ERX12083355	NOD1P2.L7	https://ftp.sra.ebi.ac.uk/vol1/fastq/ERR127/068/ERR12709368/ERR12709368.fastq.gz	643d8f6a1a8b043591064575ba77b900	796049
ERX12083356_NOD1P2.L8_ERR12709369.fastq.gz	ERR12709369	ERX12083356	NOD1P2.L8	https://ftp.sra.ebi.ac.uk/vol1/fastq/ERR127/069/ERR12709369/ERR12709369.fastq.gz	3ab09b85066b81586428dc313e023d9d	1186660
ERX12083357_NOD1P2.R1_ERR12709370.fastq.gz	ERR12709370	ERX12083357	NOD1P2.R1	https://ftp.sra.ebi.ac.uk/vol1/fastq/ERR127/070/ERR12709370/ERR12709370.fastq.gz	5a9dcfc175c430b1b17fbef959065c41	2123960
ERX12083358_NOD1P2.R3_ERR12709371.fastq.gz	ERR12709371	ERX12083358	NOD1P2.R3	https://ftp.sra.ebi.ac.uk/vol1/fastq/ERR127/071/ERR12709371/ERR12709371.fastq.gz	5cb8fca6ed25a66ddef39c96c6a848ec	4497874
ERX12083359_NOD1P2.R4_ERR12709372.fastq.gz	ERR12709372	ERX12083359	NOD1P2.R4	https://ftp.sra.ebi.ac.uk/vol1/fastq/ERR127/072/ERR12709372/ERR12709372.fastq.gz	93c8bd6968c1b26af180fce56d5ba702	510962
ERX12083360_NOD1P2.R5_ERR12709373.fastq.gz	ERR12709373	ERX12083360	NOD1P2.R5	https://ftp.sra.ebi.ac.uk/vol1/fastq/ERR127/073/ERR12709373/ERR12709373.fastq.gz	d82e0cc42723e3c5afa42ba6508ec6f8	4572077
ERX12083361_NOD1P2.R6_ERR12709374.fastq.gz	ERR12709374	ERX12083361	NOD1P2.R6	https://ftp.sra.ebi.ac.uk/vol1/fastq/ERR127/074/ERR12709374/ERR12709374.fastq.gz	43c520036a22f3b79cdc0f58fcf363e2	297765
ERX12083362_NOD1P2.R9_ERR12709375.fastq.gz	ERR12709375	ERX12083362	NOD1P2.R9	https://ftp.sra.ebi.ac.uk/vol1/fastq/ERR127/075/ERR12709375/ERR12709375.fastq.gz	5250c31f8c7a561ba9e04f56032a9a79	3795220
ERX12083363_NOD1P4.L1_ERR12709376.fastq.gz	ERR12709376	ERX12083363	NOD1P4.L1	https://ftp.sra.ebi.ac.uk/vol1/fastq/ERR127/076/ERR12709376/ERR12709376.fastq.gz	c1b21a6e0138cc508a61334cfa4df13e	1769612
ERX12083364_NOD1P4.L4_ERR12709377.fastq.gz	ERR12709377	ERX12083364	NOD1P4.L4	https://ftp.sra.ebi.ac.uk/vol1/fastq/ERR127/077/ERR12709377/ERR12709377.fastq.gz	d21453be1dd77d1c387395ddd332975d	4216147
ERX12083365_NOD1P4.L5_ERR12709378.fastq.gz	ERR12709378	ERX12083365	NOD1P4.L5	https://ftp.sra.ebi.ac.uk/vol1/fastq/ERR127/078/ERR12709378/ERR12709378.fastq.gz	64ef40f9272936240404f56abba33360	3741121
ERX12083366_NOD1P4.L6_ERR12709379.fastq.gz	ERR12709379	ERX12083366	NOD1P4.L6	https://ftp.sra.ebi.ac.uk/vol1/fastq/ERR127/079/ERR12709379/ERR12709379.fastq.gz	196730b375ecfb5f97547023b73dd2ec	7733340
ERX12083367_NOD1P4.L7_ERR12709380.fastq.gz	ERR12709380	ERX12083367	NOD1P4.L7	https://ftp.sra.ebi.ac.uk/vol1/fastq/ERR127/080/ERR12709380/ERR12709380.fastq.gz	52b670c5a54d597dac1c0508487e4fe9	2754704
ERX12083368_NOD1P4.L8_ERR12709381.fastq.gz	ERR12709381	ERX12083368	NOD1P4.L8	https://ftp.sra.ebi.ac.uk/vol1/fastq/ERR127/081/ERR12709381/ERR12709381.fastq.gz	1e0cc72fae442cca1257b9776349ba94	3073848
ERX12083369_NOD1P4.L9_ERR12709382.fastq.gz	ERR12709382	ERX12083369	NOD1P4.L9	https://ftp.sra.ebi.ac.uk/vol1/fastq/ERR127/082/ERR12709382/ERR12709382.fastq.gz	9acdf3ba4306632606c295121445cc13	1302148
ERX12083370_NOD1P4.R1_ERR12709383.fastq.gz	ERR12709383	ERX12083370	NOD1P4.R1	https://ftp.sra.ebi.ac.uk/vol1/fastq/ERR127/083/ERR12709383/ERR12709383.fastq.gz	8be7ff9fc83f31a0b59c0928869a1abe	395559
ERX12083371_NOD1P4.R2_ERR12709384.fastq.gz	ERR12709384	ERX12083371	NOD1P4.R2	https://ftp.sra.ebi.ac.uk/vol1/fastq/ERR127/084/ERR12709384/ERR12709384.fastq.gz	2783fcd18d3bcb348f44cb36891c9499	4144280
ERX12083372_NOD1P4.R3_ERR12709385.fastq.gz	ERR12709385	ERX12083372	NOD1P4.R3	https://ftp.sra.ebi.ac.uk/vol1/fastq/ERR127/085/ERR12709385/ERR12709385.fastq.gz	09839a649c85afe858685d0e98e7f208	4449360
ERX12083373_NOD1P4.R6_ERR12709386.fastq.gz	ERR12709386	ERX12083373	NOD1P4.R6	https://ftp.sra.ebi.ac.uk/vol1/fastq/ERR127/086/ERR12709386/ERR12709386.fastq.gz	19a3a090cea64c8c24df12fe71aebaf4	2371045
ERX12083374_NOD1P4.R9_ERR12709387.fastq.gz	ERR12709387	ERX12083374	NOD1P4.R9	https://ftp.sra.ebi.ac.uk/vol1/fastq/ERR127/087/ERR12709387/ERR12709387.fastq.gz	00995d1020a2c50433fb4816d8ea238d	3620235
ERX12083375_NOD1S2.L1_ERR12709388.fastq.gz	ERR12709388	ERX12083375	NOD1S2.L1	https://ftp.sra.ebi.ac.uk/vol1/fastq/ERR127/088/ERR12709388/ERR12709388.fastq.gz	07eff047c4ab8b4a257374ea8e45b1e3	445339
ERX12083376_NOD1S2.L10_ERR12709389.fastq.gz	ERR12709389	ERX12083376	NOD1S2.L10	https://ftp.sra.ebi.ac.uk/vol1/fastq/ERR127/089/ERR12709389/ERR12709389.fastq.gz	2a74828e67bf109bb92a197025b7218c	1411970
ERX12083377_NOD1S2.L2_ERR12709390.fastq.gz	ERR12709390	ERX12083377	NOD1S2.L2	https://ftp.sra.ebi.ac.uk/vol1/fastq/ERR127/090/ERR12709390/ERR12709390.fastq.gz	a40d8de87ad2fee4029e27ed1cdbe49d	2378559
ERX12083378_NOD1S2.L3_ERR12709391.fastq.gz	ERR12709391	ERX12083378	NOD1S2.L3	https://ftp.sra.ebi.ac.uk/vol1/fastq/ERR127/091/ERR12709391/ERR12709391.fastq.gz	8dbc69ba87b7cfd6a97aebf872c6f90f	720014
ERX12083379_NOD1S2.L5_ERR12709392.fastq.gz	ERR12709392	ERX12083379	NOD1S2.L5	https://ftp.sra.ebi.ac.uk/vol1/fastq/ERR127/092/ERR12709392/ERR12709392.fastq.gz	001d89aa3120451b4e0d36f126ab89fa	1371742
ERX12083380_NOD1S2.L6_ERR12709393.fastq.gz	ERR12709393	ERX12083380	NOD1S2.L6	https://ftp.sra.ebi.ac.uk/vol1/fastq/ERR127/093/ERR12709393/ERR12709393.fastq.gz	9d7646f8ba7e5bdf1bc92455f89a2f46	1309384
ERX12083381_NOD1S2.L9_ERR12709394.fastq.gz	ERR12709394	ERX12083381	NOD1S2.L9	https://ftp.sra.ebi.ac.uk/vol1/fastq/ERR127/094/ERR12709394/ERR12709394.fastq.gz	3d9b68d792ebffd0a6f82aa0e0e5d59a	381959
ERX12083382_NOD1S2.R10_ERR12709395.fastq.gz	ERR12709395	ERX12083382	NOD1S2.R10	https://ftp.sra.ebi.ac.uk/vol1/fastq/ERR127/095/ERR12709395/ERR12709395.fastq.gz	285ba11ec704105bb84da778491d206e	129952
ERX12083383_NOD1S2.R8_ERR12709396.fastq.gz	ERR12709396	ERX12083383	NOD1S2.R8	https://ftp.sra.ebi.ac.uk/vol1/fastq/ERR127/096/ERR12709396/ERR12709396.fastq.gz	8243b4097a447218e07fde56b1f44854	465086
ERX12083384_NOD1S2.R9_ERR12709397.fastq.gz	ERR12709397	ERX12083384	NOD1S2.R9	https://ftp.sra.ebi.ac.uk/vol1/fastq/ERR127/097/ERR12709397/ERR12709397.fastq.gz	126186e3f49eb1f45a3fe43a5792da4e	608909
ERX12083385_NOD1S4.L1_ERR12709398.fastq.gz	ERR12709398	ERX12083385	NOD1S4.L1	https://ftp.sra.ebi.ac.uk/vol1/fastq/ERR127/098/ERR12709398/ERR12709398.fastq.gz	b0db202f1a6831e6cc047ea271730d2e	4264317
ERX12083386_NOD1S4.L10_ERR12709399.fastq.gz	ERR12709399	ERX12083386	NOD1S4.L10	https://ftp.sra.ebi.ac.uk/vol1/fastq/ERR127/099/ERR12709399/ERR12709399.fastq.gz	203e2d10d9441e5eee08cb39d6bc39ea	2077517
ERX12083387_NOD1S4.L2_ERR12709400.fastq.gz	ERR12709400	ERX12083387	NOD1S4.L2	https://ftp.sra.ebi.ac.uk/vol1/fastq/ERR127/000/ERR12709400/ERR12709400.fastq.gz	7c46d1a7b17e7168459d6dc42ae4261b	4361921
ERX12083388_NOD1S4.L3_ERR12709401.fastq.gz	ERR12709401	ERX12083388	NOD1S4.L3	https://ftp.sra.ebi.ac.uk/vol1/fastq/ERR127/001/ERR12709401/ERR12709401.fastq.gz	a76af4ed2a2c4c4d8a5bc8dd58ca3d79	3922672
ERX12083389_NOD1S4.L4_ERR12709402.fastq.gz	ERR12709402	ERX12083389	NOD1S4.L4	https://ftp.sra.ebi.ac.uk/vol1/fastq/ERR127/002/ERR12709402/ERR12709402.fastq.gz	2ae2a5e0f74267de78f8e0f389e1b65d	1464014
ERX12083390_NOD1S4.L5_ERR12709403.fastq.gz	ERR12709403	ERX12083390	NOD1S4.L5	https://ftp.sra.ebi.ac.uk/vol1/fastq/ERR127/003/ERR12709403/ERR12709403.fastq.gz	8b8c73ddd1eb21d53d13e85a3644259d	6401692
ERX12083391_NOD1S4.L7_ERR12709404.fastq.gz	ERR12709404	ERX12083391	NOD1S4.L7	https://ftp.sra.ebi.ac.uk/vol1/fastq/ERR127/004/ERR12709404/ERR12709404.fastq.gz	9c3b9283d362154915646607a563e525	6153729
ERX12083392_NOD1S4.L9_ERR12709405.fastq.gz	ERR12709405	ERX12083392	NOD1S4.L9	https://ftp.sra.ebi.ac.uk/vol1/fastq/ERR127/005/ERR12709405/ERR12709405.fastq.gz	bedd8d0ef3a9161afcfb68b9fa616e66	1672122
ERX12083393_NOD1S4.R1_ERR12709406.fastq.gz	ERR12709406	ERX12083393	NOD1S4.R1	https://ftp.sra.ebi.ac.uk/vol1/fastq/ERR127/006/ERR12709406/ERR12709406.fastq.gz	3fa17e46d985fdf2f370e678d5aafec4	5776070
ERX12083394_NOD1S4.R10_ERR12709407.fastq.gz	ERR12709407	ERX12083394	NOD1S4.R10	https://ftp.sra.ebi.ac.uk/vol1/fastq/ERR127/007/ERR12709407/ERR12709407.fastq.gz	6dd79792b26283805cea51d1eb9ad6c9	544762
ERX12083395_NOD1S4.R3_ERR12709408.fastq.gz	ERR12709408	ERX12083395	NOD1S4.R3	https://ftp.sra.ebi.ac.uk/vol1/fastq/ERR127/008/ERR12709408/ERR12709408.fastq.gz	7c2a19c9981089292e2ccf85e0d8b1fa	7033225
ERX12083396_NOD1S4.R5_ERR12709409.fastq.gz	ERR12709409	ERX12083396	NOD1S4.R5	https://ftp.sra.ebi.ac.uk/vol1/fastq/ERR127/009/ERR12709409/ERR12709409.fastq.gz	3ab11d6f873fd9b7bfedd02055f2e584	1345677
ERX12083397_NOD1S4.R7_ERR12709410.fastq.gz	ERR12709410	ERX12083397	NOD1S4.R7	https://ftp.sra.ebi.ac.uk/vol1/fastq/ERR127/010/ERR12709410/ERR12709410.fastq.gz	6d52507fe3a984590352f51425c63202	6068862
ERX12083398_NOD1S4.R8_ERR12709411.fastq.gz	ERR12709411	ERX12083398	NOD1S4.R8	https://ftp.sra.ebi.ac.uk/vol1/fastq/ERR127/011/ERR12709411/ERR12709411.fastq.gz	21467f9024ec5f86b5522df545b3e24d	403553
ERX12083399_NOD1S4.R9_ERR12709412.fastq.gz	ERR12709412	ERX12083399	NOD1S4.R9	https://ftp.sra.ebi.ac.uk/vol1/fastq/ERR127/012/ERR12709412/ERR12709412.fastq.gz	da00f2a518bdb51a0e0f606a90600b9a	966395
ERX12083400_NOD2.F1_ERR12709413.fastq.gz	ERR12709413	ERX12083400	NOD2.F1	https://ftp.sra.ebi.ac.uk/vol1/fastq/ERR127/013/ERR12709413/ERR12709413.fastq.gz	5bb2a82942277794cfdf3accae6a8c2c	341373
ERX12083401_NOD2.F2_ERR12709414.fastq.gz	ERR12709414	ERX12083401	NOD2.F2	https://ftp.sra.ebi.ac.uk/vol1/fastq/ERR127/014/ERR12709414/ERR12709414.fastq.gz	49827051f65926f8338b49d43c91f2bf	117323
ERX12083402_NOD2.F4_ERR12709415.fastq.gz	ERR12709415	ERX12083402	NOD2.F4	https://ftp.sra.ebi.ac.uk/vol1/fastq/ERR127/015/ERR12709415/ERR12709415.fastq.gz	fcd7f913590fa514fdcc575de34cdc5a	666770
ERX12083403_NOD2.F5_ERR12709416.fastq.gz	ERR12709416	ERX12083403	NOD2.F5	https://ftp.sra.ebi.ac.uk/vol1/fastq/ERR127/016/ERR12709416/ERR12709416.fastq.gz	981d3e9cecb79723d8866f57edd9f6bc	85198
ERX12083404_NOD2.N3_ERR12709417.fastq.gz	ERR12709417	ERX12083404	NOD2.N3	https://ftp.sra.ebi.ac.uk/vol1/fastq/ERR127/017/ERR12709417/ERR12709417.fastq.gz	9eecc42e9533cb5b7dcb43a61a72b4f5	3205164
ERX12083405_NOD2.N4_ERR12709418.fastq.gz	ERR12709418	ERX12083405	NOD2.N4	https://ftp.sra.ebi.ac.uk/vol1/fastq/ERR127/018/ERR12709418/ERR12709418.fastq.gz	94b11dabad5aa9506e0782541f797ce8	166859
ERX12083406_NOD2D2.L1_ERR12709419.fastq.gz	ERR12709419	ERX12083406	NOD2D2.L1	https://ftp.sra.ebi.ac.uk/vol1/fastq/ERR127/019/ERR12709419/ERR12709419.fastq.gz	65ee3f585f7f10942d35a0391028bf6c	1678301
ERX12083407_NOD2D2.L2_ERR12709420.fastq.gz	ERR12709420	ERX12083407	NOD2D2.L2	https://ftp.sra.ebi.ac.uk/vol1/fastq/ERR127/020/ERR12709420/ERR12709420.fastq.gz	b0732cdbedfc8cefb2491b584adabc12	1080423
ERX12083408_NOD2D2.L4_ERR12709421.fastq.gz	ERR12709421	ERX12083408	NOD2D2.L4	https://ftp.sra.ebi.ac.uk/vol1/fastq/ERR127/021/ERR12709421/ERR12709421.fastq.gz	909ae476e541ad63368f0173cbd5c02a	3350110
ERX12083409_NOD2D2.R1_ERR12709422.fastq.gz	ERR12709422	ERX12083409	NOD2D2.R1	https://ftp.sra.ebi.ac.uk/vol1/fastq/ERR127/022/ERR12709422/ERR12709422.fastq.gz	5e02005cfa190b4ab371af96704c7d07	405497
ERX12083410_NOD2D2.R3_ERR12709423.fastq.gz	ERR12709423	ERX12083410	NOD2D2.R3	https://ftp.sra.ebi.ac.uk/vol1/fastq/ERR127/023/ERR12709423/ERR12709423.fastq.gz	9e5e0c310567217f1cfd74ed1ba7285b	988426
ERX12083411_NOD2D2.R5_ERR12709424.fastq.gz	ERR12709424	ERX12083411	NOD2D2.R5	https://ftp.sra.ebi.ac.uk/vol1/fastq/ERR127/024/ERR12709424/ERR12709424.fastq.gz	7d0518905dab2016171caf74b70edcf1	1646987
ERX12083412_NOD2D2.R6_ERR12709425.fastq.gz	ERR12709425	ERX12083412	NOD2D2.R6	https://ftp.sra.ebi.ac.uk/vol1/fastq/ERR127/025/ERR12709425/ERR12709425.fastq.gz	e2c7139a31fc16c3c31b523f6af83c58	306635
ERX12083413_NOD2D4.L1_ERR12709426.fastq.gz	ERR12709426	ERX12083413	NOD2D4.L1	https://ftp.sra.ebi.ac.uk/vol1/fastq/ERR127/026/ERR12709426/ERR12709426.fastq.gz	ad79cb57fa5cde634787a73dd83d735d	114480
ERX12083414_NOD2D4.L3_ERR12709427.fastq.gz	ERR12709427	ERX12083414	NOD2D4.L3	https://ftp.sra.ebi.ac.uk/vol1/fastq/ERR127/027/ERR12709427/ERR12709427.fastq.gz	7b1985c426f87e7e6eebca64782291df	234625
ERX12083415_NOD2D4.L5_ERR12709428.fastq.gz	ERR12709428	ERX12083415	NOD2D4.L5	https://ftp.sra.ebi.ac.uk/vol1/fastq/ERR127/028/ERR12709428/ERR12709428.fastq.gz	804fde27485a680c8e670634c0be856d	1177311
ERX12083416_NOD2D4.R4_ERR12709429.fastq.gz	ERR12709429	ERX12083416	NOD2D4.R4	https://ftp.sra.ebi.ac.uk/vol1/fastq/ERR127/029/ERR12709429/ERR12709429.fastq.gz	b8353f043050230833ee3b454302ae5b	657377
ERX12083417_NOD2D4.R5_ERR12709430.fastq.gz	ERR12709430	ERX12083417	NOD2D4.R5	https://ftp.sra.ebi.ac.uk/vol1/fastq/ERR127/030/ERR12709430/ERR12709430.fastq.gz	981574485a24b1477b4259dd24e76b67	755470
ERX12083418_NOD2O2.L2_ERR12709431.fastq.gz	ERR12709431	ERX12083418	NOD2O2.L2	https://ftp.sra.ebi.ac.uk/vol1/fastq/ERR127/031/ERR12709431/ERR12709431.fastq.gz	aea2a643ae69959b76b002ad14b6cc1d	5357961
ERX12083419_NOD2O2.L3_ERR12709432.fastq.gz	ERR12709432	ERX12083419	NOD2O2.L3	https://ftp.sra.ebi.ac.uk/vol1/fastq/ERR127/032/ERR12709432/ERR12709432.fastq.gz	cf4a0de123c85ec0fe0e7e6ab126799c	2247678
ERX12083420_NOD2O2.L6_ERR12709433.fastq.gz	ERR12709433	ERX12083420	NOD2O2.L6	https://ftp.sra.ebi.ac.uk/vol1/fastq/ERR127/033/ERR12709433/ERR12709433.fastq.gz	fd4ee3ea0b65795757d624dacafe0140	918729
ERX12083421_NOD2O2.R2_ERR12709434.fastq.gz	ERR12709434	ERX12083421	NOD2O2.R2	https://ftp.sra.ebi.ac.uk/vol1/fastq/ERR127/034/ERR12709434/ERR12709434.fastq.gz	69a27df0abb7eadb10f0987a55af6dfc	956371
ERX12083422_NOD2O2.R3_ERR12709435.fastq.gz	ERR12709435	ERX12083422	NOD2O2.R3	https://ftp.sra.ebi.ac.uk/vol1/fastq/ERR127/035/ERR12709435/ERR12709435.fastq.gz	c04a8eb47419a75d12998167c98334c8	2054174
ERX12083423_NOD2O2.R5_ERR12709436.fastq.gz	ERR12709436	ERX12083423	NOD2O2.R5	https://ftp.sra.ebi.ac.uk/vol1/fastq/ERR127/036/ERR12709436/ERR12709436.fastq.gz	114de04d5a97a01fbcb60aec3ee7d370	3860146
ERX12083424_NOD2O4.L1_ERR12709437.fastq.gz	ERR12709437	ERX12083424	NOD2O4.L1	https://ftp.sra.ebi.ac.uk/vol1/fastq/ERR127/037/ERR12709437/ERR12709437.fastq.gz	e1fe118baf9749ed2bb5b234efbb822f	1938912
ERX12083425_NOD2O4.L2_ERR12709438.fastq.gz	ERR12709438	ERX12083425	NOD2O4.L2	https://ftp.sra.ebi.ac.uk/vol1/fastq/ERR127/038/ERR12709438/ERR12709438.fastq.gz	5e2fb0888a89fa844c55b46a83ee7608	2102520
ERX12083426_NOD2O4.L3_ERR12709439.fastq.gz	ERR12709439	ERX12083426	NOD2O4.L3	https://ftp.sra.ebi.ac.uk/vol1/fastq/ERR127/039/ERR12709439/ERR12709439.fastq.gz	a1bff84eff1f6316cb4b677dee07900a	4163570
ERX12083427_NOD2O4.L4_ERR12709440.fastq.gz	ERR12709440	ERX12083427	NOD2O4.L4	https://ftp.sra.ebi.ac.uk/vol1/fastq/ERR127/040/ERR12709440/ERR12709440.fastq.gz	f5d4f6bb33e60f586a3504d305d40b6b	3771178
ERX12083428_NOD2O4.L6_ERR12709441.fastq.gz	ERR12709441	ERX12083428	NOD2O4.L6	https://ftp.sra.ebi.ac.uk/vol1/fastq/ERR127/041/ERR12709441/ERR12709441.fastq.gz	07aff2a168810a27541f9ef8af7d788a	1152122
ERX12083429_NOD2O4.R2_ERR12709442.fastq.gz	ERR12709442	ERX12083429	NOD2O4.R2	https://ftp.sra.ebi.ac.uk/vol1/fastq/ERR127/042/ERR12709442/ERR12709442.fastq.gz	68cfddc91f3be81bfd96ac64bc951afe	3071499
ERX12083430_NOD2O4.R3_ERR12709443.fastq.gz	ERR12709443	ERX12083430	NOD2O4.R3	https://ftp.sra.ebi.ac.uk/vol1/fastq/ERR127/043/ERR12709443/ERR12709443.fastq.gz	1ef89b8bdb00483cd5eddfff9f7cd3b1	853507
ERX12083431_NOD2O4.R5_ERR12709444.fastq.gz	ERR12709444	ERX12083431	NOD2O4.R5	https://ftp.sra.ebi.ac.uk/vol1/fastq/ERR127/044/ERR12709444/ERR12709444.fastq.gz	e87e213916cc92b2d519cce72cf5c4b4	1084546
ERX12083432_NOD2O4.R6_ERR12709445.fastq.gz	ERR12709445	ERX12083432	NOD2O4.R6	https://ftp.sra.ebi.ac.uk/vol1/fastq/ERR127/045/ERR12709445/ERR12709445.fastq.gz	f95d588b7b51439eec3920c3c3b19aa5	1083401
ERX12083433_NOD2P2.L2_ERR12709446.fastq.gz	ERR12709446	ERX12083433	NOD2P2.L2	https://ftp.sra.ebi.ac.uk/vol1/fastq/ERR127/046/ERR12709446/ERR12709446.fastq.gz	d39ea347f16e73243cb034f453e74e19	1219081
ERX12083434_NOD2P2.L4_ERR12709447.fastq.gz	ERR12709447	ERX12083434	NOD2P2.L4	https://ftp.sra.ebi.ac.uk/vol1/fastq/ERR127/047/ERR12709447/ERR12709447.fastq.gz	e346823bc7710039a621ba085d721f0d	514554
ERX12083435_NOD2P2.L5_ERR12709448.fastq.gz	ERR12709448	ERX12083435	NOD2P2.L5	https://ftp.sra.ebi.ac.uk/vol1/fastq/ERR127/048/ERR12709448/ERR12709448.fastq.gz	aafaec60658254de3ebc481ba1880e9d	209721
ERX12083436_NOD2P2.R2_ERR12709449.fastq.gz	ERR12709449	ERX12083436	NOD2P2.R2	https://ftp.sra.ebi.ac.uk/vol1/fastq/ERR127/049/ERR12709449/ERR12709449.fastq.gz	1bef0e98e78d9aa697855e11288c2a62	590506
ERX12083437_NOD2P2.R6_ERR12709450.fastq.gz	ERR12709450	ERX12083437	NOD2P2.R6	https://ftp.sra.ebi.ac.uk/vol1/fastq/ERR127/050/ERR12709450/ERR12709450.fastq.gz	e81d6815a86329637f61646eb67fdec8	347997
ERX12083438_NOD2P4.L1_ERR12709451.fastq.gz	ERR12709451	ERX12083438	NOD2P4.L1	https://ftp.sra.ebi.ac.uk/vol1/fastq/ERR127/051/ERR12709451/ERR12709451.fastq.gz	6cd20bee995dbee3134fba5debd03b5d	1017342
ERX12083439_NOD2P4.L2_ERR12709452.fastq.gz	ERR12709452	ERX12083439	NOD2P4.L2	https://ftp.sra.ebi.ac.uk/vol1/fastq/ERR127/052/ERR12709452/ERR12709452.fastq.gz	cb5785da7ddba92c2caed4ea24676709	542605
ERX12083440_NOD2P4.L3_ERR12709453.fastq.gz	ERR12709453	ERX12083440	NOD2P4.L3	https://ftp.sra.ebi.ac.uk/vol1/fastq/ERR127/053/ERR12709453/ERR12709453.fastq.gz	1f27a7eeae4d467d18fdb41a8563b323	980929
ERX12083441_NOD2P4.L4_ERR12709454.fastq.gz	ERR12709454	ERX12083441	NOD2P4.L4	https://ftp.sra.ebi.ac.uk/vol1/fastq/ERR127/054/ERR12709454/ERR12709454.fastq.gz	0e0ef972a549055b405c25c607ab4a29	852592
ERX12083442_NOD2P4.L5_ERR12709455.fastq.gz	ERR12709455	ERX12083442	NOD2P4.L5	https://ftp.sra.ebi.ac.uk/vol1/fastq/ERR127/055/ERR12709455/ERR12709455.fastq.gz	e641361b5bfc9614fcb9f218d52e4bf0	2416488
ERX12083443_NOD2P4.R2_ERR12709456.fastq.gz	ERR12709456	ERX12083443	NOD2P4.R2	https://ftp.sra.ebi.ac.uk/vol1/fastq/ERR127/056/ERR12709456/ERR12709456.fastq.gz	d22f11e9ceaffda2aa5df400399cf5cb	526281
ERX12083444_NOD2P4.R5_ERR12709457.fastq.gz	ERR12709457	ERX12083444	NOD2P4.R5	https://ftp.sra.ebi.ac.uk/vol1/fastq/ERR127/057/ERR12709457/ERR12709457.fastq.gz	1ae8e544c54dfefbbb6c8973b9967861	824845
ERX12083445_NOD2P4.R6_ERR12709458.fastq.gz	ERR12709458	ERX12083445	NOD2P4.R6	https://ftp.sra.ebi.ac.uk/vol1/fastq/ERR127/058/ERR12709458/ERR12709458.fastq.gz	41b72f17db52bb9282250e79573db8bc	3745877
ERX12083446_NOD2S2.L1_ERR12709459.fastq.gz	ERR12709459	ERX12083446	NOD2S2.L1	https://ftp.sra.ebi.ac.uk/vol1/fastq/ERR127/059/ERR12709459/ERR12709459.fastq.gz	4b7e8a9a453c982be2eb7a2bf9879d08	3783647
ERX12083447_NOD2S2.L2_ERR12709460.fastq.gz	ERR12709460	ERX12083447	NOD2S2.L2	https://ftp.sra.ebi.ac.uk/vol1/fastq/ERR127/060/ERR12709460/ERR12709460.fastq.gz	d6a237acbf9b5f26486dad02bdd1b6ca	3735269
ERX12083448_NOD2S2.L3_ERR12709461.fastq.gz	ERR12709461	ERX12083448	NOD2S2.L3	https://ftp.sra.ebi.ac.uk/vol1/fastq/ERR127/061/ERR12709461/ERR12709461.fastq.gz	c8c14d3ed5527c2fe767598947bd2c84	1247538
ERX12083449_NOD2S2.L5_ERR12709462.fastq.gz	ERR12709462	ERX12083449	NOD2S2.L5	https://ftp.sra.ebi.ac.uk/vol1/fastq/ERR127/062/ERR12709462/ERR12709462.fastq.gz	ed625e7750e5be1fecbf5f0c0050a7a5	171102
ERX12083450_NOD2S2.L6_ERR12709463.fastq.gz	ERR12709463	ERX12083450	NOD2S2.L6	https://ftp.sra.ebi.ac.uk/vol1/fastq/ERR127/063/ERR12709463/ERR12709463.fastq.gz	1d9e7e07a67e91bda38d937fdd28b011	1230711
ERX12083451_NOD2S2.R1_ERR12709464.fastq.gz	ERR12709464	ERX12083451	NOD2S2.R1	https://ftp.sra.ebi.ac.uk/vol1/fastq/ERR127/064/ERR12709464/ERR12709464.fastq.gz	f1aa12988fa7a243d6e3ff076371dae9	335900
ERX12083452_NOD2S2.R2_ERR12709465.fastq.gz	ERR12709465	ERX12083452	NOD2S2.R2	https://ftp.sra.ebi.ac.uk/vol1/fastq/ERR127/065/ERR12709465/ERR12709465.fastq.gz	eeaf177bab995c03c137408452fc9fa7	37778
ERX12083453_NOD2S2.R3_ERR12709466.fastq.gz	ERR12709466	ERX12083453	NOD2S2.R3	https://ftp.sra.ebi.ac.uk/vol1/fastq/ERR127/066/ERR12709466/ERR12709466.fastq.gz	5d69b80a74f1a3c8f7a5c4413d95f508	624151
ERX12083454_NOD2S2.R6_ERR12709467.fastq.gz	ERR12709467	ERX12083454	NOD2S2.R6	https://ftp.sra.ebi.ac.uk/vol1/fastq/ERR127/067/ERR12709467/ERR12709467.fastq.gz	830f47f306a7ab42a03d31e56bba67f6	530333
ERX12083455_NOD2S4.L1_ERR12709468.fastq.gz	ERR12709468	ERX12083455	NOD2S4.L1	https://ftp.sra.ebi.ac.uk/vol1/fastq/ERR127/068/ERR12709468/ERR12709468.fastq.gz	5dcac53d2693b7439ddcd2607771ea40	2465494
ERX12083456_NOD2S4.L2_ERR12709469.fastq.gz	ERR12709469	ERX12083456	NOD2S4.L2	https://ftp.sra.ebi.ac.uk/vol1/fastq/ERR127/069/ERR12709469/ERR12709469.fastq.gz	f8664e266809fbf117a86c48c5967f5f	1846866
ERX12083457_NOD2S4.L6_ERR12709470.fastq.gz	ERR12709470	ERX12083457	NOD2S4.L6	https://ftp.sra.ebi.ac.uk/vol1/fastq/ERR127/070/ERR12709470/ERR12709470.fastq.gz	7d25fe9d1aa96de6c2cf888d4b1a5330	591831
ERX12083458_NOD2S4.R1_ERR12709471.fastq.gz	ERR12709471	ERX12083458	NOD2S4.R1	https://ftp.sra.ebi.ac.uk/vol1/fastq/ERR127/071/ERR12709471/ERR12709471.fastq.gz	ec9b99983b16df3e9306d0f60930d3ba	2953017
ERX12083459_NOD2S4.R2_ERR12709472.fastq.gz	ERR12709472	ERX12083459	NOD2S4.R2	https://ftp.sra.ebi.ac.uk/vol1/fastq/ERR127/072/ERR12709472/ERR12709472.fastq.gz	d46f574de6a9f541cdd84819cc1fb8c0	1549877
ERX12083460_NOD2S4.R6_rep1_ERR12709473.fastq.gz	ERR12709473	ERX12083460	NOD2S4.R6_rep1	https://ftp.sra.ebi.ac.uk/vol1/fastq/ERR127/073/ERR12709473/ERR12709473.fastq.gz	bbfc2277da8b2f80bf2957804e74a3ae	1863914
ERX12083461_NOD3.F1_ERR12709474.fastq.gz	ERR12709474	ERX12083461	NOD3.F1	https://ftp.sra.ebi.ac.uk/vol1/fastq/ERR127/074/ERR12709474/ERR12709474.fastq.gz	17fc7ae1bbe570a758d34a35dc3b9ded	212746
ERX12083462_NOD3.F4_ERR12709475.fastq.gz	ERR12709475	ERX12083462	NOD3.F4	https://ftp.sra.ebi.ac.uk/vol1/fastq/ERR127/075/ERR12709475/ERR12709475.fastq.gz	dc377b45c66e547f1a6737530d662aac	276655
ERX12083463_NOD3.N1_ERR12709476.fastq.gz	ERR12709476	ERX12083463	NOD3.N1	https://ftp.sra.ebi.ac.uk/vol1/fastq/ERR127/076/ERR12709476/ERR12709476.fastq.gz	f5799931048ca7bb74b42c1972a2ca8b	84859
ERX12083464_NOD3.N2_ERR12709477.fastq.gz	ERR12709477	ERX12083464	NOD3.N2	https://ftp.sra.ebi.ac.uk/vol1/fastq/ERR127/077/ERR12709477/ERR12709477.fastq.gz	1d6c5ccc61fc464e35e45315ae99b593	158987
ERX12083465_NOD3.N3_ERR12709478.fastq.gz	ERR12709478	ERX12083465	NOD3.N3	https://ftp.sra.ebi.ac.uk/vol1/fastq/ERR127/078/ERR12709478/ERR12709478.fastq.gz	a8d8b22020b171b01210811bcaabea4d	3633694
ERX12083466_NOD3A2.L4_ERR12709479.fastq.gz	ERR12709479	ERX12083466	NOD3A2.L4	https://ftp.sra.ebi.ac.uk/vol1/fastq/ERR127/079/ERR12709479/ERR12709479.fastq.gz	fa2936afe8860d3d7a0a435e1ca292ca	7128442
ERX12083467_NOD3A2.R2_ERR12709480.fastq.gz	ERR12709480	ERX12083467	NOD3A2.R2	https://ftp.sra.ebi.ac.uk/vol1/fastq/ERR127/080/ERR12709480/ERR12709480.fastq.gz	19f32b6fa76569dd63c670e62287b5cc	3111303
ERX12083468_NOD3A2.R3_ERR12709481.fastq.gz	ERR12709481	ERX12083468	NOD3A2.R3	https://ftp.sra.ebi.ac.uk/vol1/fastq/ERR127/081/ERR12709481/ERR12709481.fastq.gz	e44cf1e839e931e2a849e2f8ca666fe1	5617806
ERX12083469_NOD3A2.R4_ERR12709482.fastq.gz	ERR12709482	ERX12083469	NOD3A2.R4	https://ftp.sra.ebi.ac.uk/vol1/fastq/ERR127/082/ERR12709482/ERR12709482.fastq.gz	67f3ff2052ccc2774e192dc399df1fda	5963341
ERX12083470_NOD3A2.R5_ERR12709483.fastq.gz	ERR12709483	ERX12083470	NOD3A2.R5	https://ftp.sra.ebi.ac.uk/vol1/fastq/ERR127/083/ERR12709483/ERR12709483.fastq.gz	3cd3f09af9ce8edb418c85678f4759b8	907592
ERX12083471_NOD3A2.R6_ERR12709484.fastq.gz	ERR12709484	ERX12083471	NOD3A2.R6	https://ftp.sra.ebi.ac.uk/vol1/fastq/ERR127/084/ERR12709484/ERR12709484.fastq.gz	7ff7fe9165ef6db74b16217855aedd31	1950757
ERX12083472_NOD3A4.L1_ERR12709485.fastq.gz	ERR12709485	ERX12083472	NOD3A4.L1	https://ftp.sra.ebi.ac.uk/vol1/fastq/ERR127/085/ERR12709485/ERR12709485.fastq.gz	e6014947a1b0595a72ccf886ce54f9b2	2499472
ERX12083473_NOD3A4.L2_ERR12709486.fastq.gz	ERR12709486	ERX12083473	NOD3A4.L2	https://ftp.sra.ebi.ac.uk/vol1/fastq/ERR127/086/ERR12709486/ERR12709486.fastq.gz	30c364380f74cf24eb93c2931676e054	13948506
ERX12083474_NOD3A4.L3_ERR12709487.fastq.gz	ERR12709487	ERX12083474	NOD3A4.L3	https://ftp.sra.ebi.ac.uk/vol1/fastq/ERR127/087/ERR12709487/ERR12709487.fastq.gz	c26aca3c3fa7bbedcdb065b2986fa305	7763888
ERX12083475_NOD3A4.L5_ERR12709488.fastq.gz	ERR12709488	ERX12083475	NOD3A4.L5	https://ftp.sra.ebi.ac.uk/vol1/fastq/ERR127/088/ERR12709488/ERR12709488.fastq.gz	0eb00f949a996ee82e7ca68905cbef27	1656587
ERX12083476_NOD3A4.L6_ERR12709489.fastq.gz	ERR12709489	ERX12083476	NOD3A4.L6	https://ftp.sra.ebi.ac.uk/vol1/fastq/ERR127/089/ERR12709489/ERR12709489.fastq.gz	71a37555eb3c0a067881de17ff607a27	499751
ERX12083477_NOD3A4.R3_ERR12709490.fastq.gz	ERR12709490	ERX12083477	NOD3A4.R3	https://ftp.sra.ebi.ac.uk/vol1/fastq/ERR127/090/ERR12709490/ERR12709490.fastq.gz	775e2a57e010e0281c39f67d63e8618f	3303592
ERX12083478_NOD3A5.L1_ERR12709491.fastq.gz	ERR12709491	ERX12083478	NOD3A5.L1	https://ftp.sra.ebi.ac.uk/vol1/fastq/ERR127/091/ERR12709491/ERR12709491.fastq.gz	09323c2de76ba9599f6ab9b45a4b151a	4249770
ERX12083479_NOD3A5.L2_ERR12709492.fastq.gz	ERR12709492	ERX12083479	NOD3A5.L2	https://ftp.sra.ebi.ac.uk/vol1/fastq/ERR127/092/ERR12709492/ERR12709492.fastq.gz	81e6ef3a4078e77d758dc073b89c0140	3523717
ERX12083480_NOD3A5.L3_ERR12709493.fastq.gz	ERR12709493	ERX12083480	NOD3A5.L3	https://ftp.sra.ebi.ac.uk/vol1/fastq/ERR127/093/ERR12709493/ERR12709493.fastq.gz	13db8d277edf860317a2684b5fc64ce9	2028364
ERX12083481_NOD3A5.L6_ERR12709494.fastq.gz	ERR12709494	ERX12083481	NOD3A5.L6	https://ftp.sra.ebi.ac.uk/vol1/fastq/ERR127/094/ERR12709494/ERR12709494.fastq.gz	cea36cc712ad7da846b979a5fff1dcc4	4127104
ERX12083482_NOD3A5.R2_ERR12709495.fastq.gz	ERR12709495	ERX12083482	NOD3A5.R2	https://ftp.sra.ebi.ac.uk/vol1/fastq/ERR127/095/ERR12709495/ERR12709495.fastq.gz	1b4934f83633b9b65c850950f3cd231e	5038312
ERX12083483_NOD3A5.R4_ERR12709496.fastq.gz	ERR12709496	ERX12083483	NOD3A5.R4	https://ftp.sra.ebi.ac.uk/vol1/fastq/ERR127/096/ERR12709496/ERR12709496.fastq.gz	cfb7718ce4c4e8c25b35713884eccca3	8143411
ERX12083484_NOD3A5.R5_ERR12709497.fastq.gz	ERR12709497	ERX12083484	NOD3A5.R5	https://ftp.sra.ebi.ac.uk/vol1/fastq/ERR127/097/ERR12709497/ERR12709497.fastq.gz	b821301c4e735f24287b52c1b61c8e12	6795296
ERX12083485_NOD3D2.C5_ERR12709498.fastq.gz	ERR12709498	ERX12083485	NOD3D2.C5	https://ftp.sra.ebi.ac.uk/vol1/fastq/ERR127/098/ERR12709498/ERR12709498.fastq.gz	af60e156d97fb904d41f86c43018b775	3903350
ERX12083486_NOD3D2.C6_ERR12709499.fastq.gz	ERR12709499	ERX12083486	NOD3D2.C6	https://ftp.sra.ebi.ac.uk/vol1/fastq/ERR127/099/ERR12709499/ERR12709499.fastq.gz	cb9c540dabe2c2fd1c9f0dd28d813b47	1517705
ERX12083487_NOD3D2.L3_ERR12709500.fastq.gz	ERR12709500	ERX12083487	NOD3D2.L3	https://ftp.sra.ebi.ac.uk/vol1/fastq/ERR127/000/ERR12709500/ERR12709500.fastq.gz	1d286db315f181080cecc05fd6cdd84e	467177
ERX12083488_NOD3D2.R1_ERR12709501.fastq.gz	ERR12709501	ERX12083488	NOD3D2.R1	https://ftp.sra.ebi.ac.uk/vol1/fastq/ERR127/001/ERR12709501/ERR12709501.fastq.gz	4d1311af70c0c733c82f9e3eed9d499c	1748781
ERX12083489_NOD3D4.L2_ERR12709502.fastq.gz	ERR12709502	ERX12083489	NOD3D4.L2	https://ftp.sra.ebi.ac.uk/vol1/fastq/ERR127/002/ERR12709502/ERR12709502.fastq.gz	0d3fcb984b7a3385b56cb76eb3992c4a	2176351
ERX12083490_NOD3D4.L3_ERR12709503.fastq.gz	ERR12709503	ERX12083490	NOD3D4.L3	https://ftp.sra.ebi.ac.uk/vol1/fastq/ERR127/003/ERR12709503/ERR12709503.fastq.gz	0979051d0634de8fdb2d1da53b3815db	4532718
ERX12083491_NOD3D4.L4_ERR12709504.fastq.gz	ERR12709504	ERX12083491	NOD3D4.L4	https://ftp.sra.ebi.ac.uk/vol1/fastq/ERR127/004/ERR12709504/ERR12709504.fastq.gz	88325bf9b88b9e02b573353b492638a2	2018516
ERX12083492_NOD3D4.L5_ERR12709505.fastq.gz	ERR12709505	ERX12083492	NOD3D4.L5	https://ftp.sra.ebi.ac.uk/vol1/fastq/ERR127/005/ERR12709505/ERR12709505.fastq.gz	ffd3804da1b1a3b8f53dac7740aee0fe	5379391
ERX12083493_NOD3D4.L6_ERR12709506.fastq.gz	ERR12709506	ERX12083493	NOD3D4.L6	https://ftp.sra.ebi.ac.uk/vol1/fastq/ERR127/006/ERR12709506/ERR12709506.fastq.gz	68cf12753deccf64f235eec2f7b0149f	2124583
ERX12083494_NOD3D4.R6_ERR12709507.fastq.gz	ERR12709507	ERX12083494	NOD3D4.R6	https://ftp.sra.ebi.ac.uk/vol1/fastq/ERR127/007/ERR12709507/ERR12709507.fastq.gz	dd4055b4d45464d84bb8180e30bb43b9	6151902
ERX12083495_NOD3D5.L6_ERR12709508.fastq.gz	ERR12709508	ERX12083495	NOD3D5.L6	https://ftp.sra.ebi.ac.uk/vol1/fastq/ERR127/008/ERR12709508/ERR12709508.fastq.gz	55acbd103eb3f8710f8faa0b94fcf7c5	1227408
ERX12083496_NOD3D5.R1_ERR12709509.fastq.gz	ERR12709509	ERX12083496	NOD3D5.R1	https://ftp.sra.ebi.ac.uk/vol1/fastq/ERR127/009/ERR12709509/ERR12709509.fastq.gz	c0abf060b394dae4bd1931fae7881242	1518697
ERX12083497_NOD3D5.R3_ERR12709510.fastq.gz	ERR12709510	ERX12083497	NOD3D5.R3	https://ftp.sra.ebi.ac.uk/vol1/fastq/ERR127/010/ERR12709510/ERR12709510.fastq.gz	2dc9e38ef6548f4444820a0a9daad918	6725861
ERX12083498_NOD3D5.R5_ERR12709511.fastq.gz	ERR12709511	ERX12083498	NOD3D5.R5	https://ftp.sra.ebi.ac.uk/vol1/fastq/ERR127/011/ERR12709511/ERR12709511.fastq.gz	8c564123e830314a27f32e52f127f2fe	3209251
ERX12083499_NOD3D5.R6_ERR12709512.fastq.gz	ERR12709512	ERX12083499	NOD3D5.R6	https://ftp.sra.ebi.ac.uk/vol1/fastq/ERR127/012/ERR12709512/ERR12709512.fastq.gz	c80745b7ad2987fa9c32a5fb9b4966df	3952500
ERX12083500_NOD3F2.L3_ERR12709513.fastq.gz	ERR12709513	ERX12083500	NOD3F2.L3	https://ftp.sra.ebi.ac.uk/vol1/fastq/ERR127/013/ERR12709513/ERR12709513.fastq.gz	6b62ac38fe355cec85543f6694083fa9	6962610
ERX12083501_NOD3F2.L4_ERR12709514.fastq.gz	ERR12709514	ERX12083501	NOD3F2.L4	https://ftp.sra.ebi.ac.uk/vol1/fastq/ERR127/014/ERR12709514/ERR12709514.fastq.gz	fbd8f57501824263c2f6b3689c6c266d	673805
ERX12083502_NOD3F2.R1_ERR12709515.fastq.gz	ERR12709515	ERX12083502	NOD3F2.R1	https://ftp.sra.ebi.ac.uk/vol1/fastq/ERR127/015/ERR12709515/ERR12709515.fastq.gz	990bc8dc56b39409879aa3ebed3226e5	1536832
ERX12083503_NOD3F2.R5_ERR12709516.fastq.gz	ERR12709516	ERX12083503	NOD3F2.R5	https://ftp.sra.ebi.ac.uk/vol1/fastq/ERR127/016/ERR12709516/ERR12709516.fastq.gz	f0c84cb5683355aec74851631c014bd3	2232214
ERX12083504_NOD3F4.L1_ERR12709517.fastq.gz	ERR12709517	ERX12083504	NOD3F4.L1	https://ftp.sra.ebi.ac.uk/vol1/fastq/ERR127/017/ERR12709517/ERR12709517.fastq.gz	602ced47a498d91350500e7b1ef7cdbd	1502849
ERX12083505_NOD3F4.L5_ERR12709518.fastq.gz	ERR12709518	ERX12083505	NOD3F4.L5	https://ftp.sra.ebi.ac.uk/vol1/fastq/ERR127/018/ERR12709518/ERR12709518.fastq.gz	4d088f147267a43ba92c45f5a75bdcec	8394384
ERX12083506_NOD3F4.L6_ERR12709519.fastq.gz	ERR12709519	ERX12083506	NOD3F4.L6	https://ftp.sra.ebi.ac.uk/vol1/fastq/ERR127/019/ERR12709519/ERR12709519.fastq.gz	b88a7a866379ea31be448e7cb217fbea	2421851
ERX12083507_NOD3F4.R2_ERR12709520.fastq.gz	ERR12709520	ERX12083507	NOD3F4.R2	https://ftp.sra.ebi.ac.uk/vol1/fastq/ERR127/020/ERR12709520/ERR12709520.fastq.gz	b37e5c25e221d9bb5fb9b72078168231	5606394
ERX12083508_NOD3F5.L1_ERR12709521.fastq.gz	ERR12709521	ERX12083508	NOD3F5.L1	https://ftp.sra.ebi.ac.uk/vol1/fastq/ERR127/021/ERR12709521/ERR12709521.fastq.gz	97cb82bbf3c85e33f23370ecaeee9246	5117920
ERX12083509_NOD3F5.L2_ERR12709522.fastq.gz	ERR12709522	ERX12083509	NOD3F5.L2	https://ftp.sra.ebi.ac.uk/vol1/fastq/ERR127/022/ERR12709522/ERR12709522.fastq.gz	0ab4704cb5ed1146ce310862d2e6e63e	5923371
ERX12083510_NOD3F5.L4_ERR12709523.fastq.gz	ERR12709523	ERX12083510	NOD3F5.L4	https://ftp.sra.ebi.ac.uk/vol1/fastq/ERR127/023/ERR12709523/ERR12709523.fastq.gz	bcc340b0efd3d3b44a01f936544e21ce	4388900
ERX12083511_NOD3F5.L6_ERR12709524.fastq.gz	ERR12709524	ERX12083511	NOD3F5.L6	https://ftp.sra.ebi.ac.uk/vol1/fastq/ERR127/024/ERR12709524/ERR12709524.fastq.gz	894d914fd989499362df16418a5dd1f8	4907743
ERX12083512_NOD3F5.R1_ERR12709525.fastq.gz	ERR12709525	ERX12083512	NOD3F5.R1	https://ftp.sra.ebi.ac.uk/vol1/fastq/ERR127/025/ERR12709525/ERR12709525.fastq.gz	093e4b812ce8a6d6b15ee25dd7541ed5	1460653
ERX12083513_NOD3F5.R4_ERR12709526.fastq.gz	ERR12709526	ERX12083513	NOD3F5.R4	https://ftp.sra.ebi.ac.uk/vol1/fastq/ERR127/026/ERR12709526/ERR12709526.fastq.gz	b532027da925773af15a51af42512cc9	4816388
ERX12083514_NOD3F5.R5_ERR12709527.fastq.gz	ERR12709527	ERX12083514	NOD3F5.R5	https://ftp.sra.ebi.ac.uk/vol1/fastq/ERR127/027/ERR12709527/ERR12709527.fastq.gz	dac1b36c234f07db683d392ee7ff9bef	2992536
ERX12083515_NOD3F5.R6_ERR12709528.fastq.gz	ERR12709528	ERX12083515	NOD3F5.R6	https://ftp.sra.ebi.ac.uk/vol1/fastq/ERR127/028/ERR12709528/ERR12709528.fastq.gz	0bbc5874cf11900fd6d2e787aeb2741f	7202573
ERX12083516_NOD3O2.L11_ERR12709529.fastq.gz	ERR12709529	ERX12083516	NOD3O2.L11	https://ftp.sra.ebi.ac.uk/vol1/fastq/ERR127/029/ERR12709529/ERR12709529.fastq.gz	d909d73b7ebd311a0afe576a5c3b2ac5	3998257
ERX12083517_NOD3O2.L12_ERR12709530.fastq.gz	ERR12709530	ERX12083517	NOD3O2.L12	https://ftp.sra.ebi.ac.uk/vol1/fastq/ERR127/030/ERR12709530/ERR12709530.fastq.gz	b9725b669df687f64fe4832fc34e1d9c	3493479
ERX12083518_NOD3O2.L13_ERR12709531.fastq.gz	ERR12709531	ERX12083518	NOD3O2.L13	https://ftp.sra.ebi.ac.uk/vol1/fastq/ERR127/031/ERR12709531/ERR12709531.fastq.gz	bec1d0fbad26ea28dc3048e9120e67d7	4584751
ERX12083519_NOD3O2.L8_ERR12709532.fastq.gz	ERR12709532	ERX12083519	NOD3O2.L8	https://ftp.sra.ebi.ac.uk/vol1/fastq/ERR127/032/ERR12709532/ERR12709532.fastq.gz	bfd3f0e0eb80e4849cdf258dfe6b0e10	4443183
ERX12083520_NOD3O2.R11_ERR12709533.fastq.gz	ERR12709533	ERX12083520	NOD3O2.R11	https://ftp.sra.ebi.ac.uk/vol1/fastq/ERR127/033/ERR12709533/ERR12709533.fastq.gz	cffe3af9198320602bbe087e736d8380	3744819
ERX12083521_NOD3O2.R13_ERR12709534.fastq.gz	ERR12709534	ERX12083521	NOD3O2.R13	https://ftp.sra.ebi.ac.uk/vol1/fastq/ERR127/034/ERR12709534/ERR12709534.fastq.gz	0439fb2656848bdafbd90f2057887a88	3333707
ERX12083522_NOD3O2.R8_ERR12709535.fastq.gz	ERR12709535	ERX12083522	NOD3O2.R8	https://ftp.sra.ebi.ac.uk/vol1/fastq/ERR127/035/ERR12709535/ERR12709535.fastq.gz	e207dcd8bb63de9e7282413bde941e8c	2151124
ERX12083523_NOD3O4.L1_ERR12709536.fastq.gz	ERR12709536	ERX12083523	NOD3O4.L1	https://ftp.sra.ebi.ac.uk/vol1/fastq/ERR127/036/ERR12709536/ERR12709536.fastq.gz	8c76dae215242bee2f6c1a4ec6886aea	4711434
ERX12083524_NOD3O4.L2_ERR12709537.fastq.gz	ERR12709537	ERX12083524	NOD3O4.L2	https://ftp.sra.ebi.ac.uk/vol1/fastq/ERR127/037/ERR12709537/ERR12709537.fastq.gz	c9f58f1281e5fe829aded58297d42664	9079568
ERX12083525_NOD3O4.L3_ERR12709538.fastq.gz	ERR12709538	ERX12083525	NOD3O4.L3	https://ftp.sra.ebi.ac.uk/vol1/fastq/ERR127/038/ERR12709538/ERR12709538.fastq.gz	4d928a0a9243ae2b1895a7f88a4f762a	7281651
ERX12083526_NOD3O4.L6_ERR12709539.fastq.gz	ERR12709539	ERX12083526	NOD3O4.L6	https://ftp.sra.ebi.ac.uk/vol1/fastq/ERR127/039/ERR12709539/ERR12709539.fastq.gz	ab7da6d70e2cce8dae6e5ba6eb81cfbc	6723992
ERX12083527_NOD3O4.R2_ERR12709540.fastq.gz	ERR12709540	ERX12083527	NOD3O4.R2	https://ftp.sra.ebi.ac.uk/vol1/fastq/ERR127/040/ERR12709540/ERR12709540.fastq.gz	9a07d735bd5127afc70228f39d09d5c7	9144176
ERX12083528_NOD3O4.R3_ERR12709541.fastq.gz	ERR12709541	ERX12083528	NOD3O4.R3	https://ftp.sra.ebi.ac.uk/vol1/fastq/ERR127/041/ERR12709541/ERR12709541.fastq.gz	c154cf61dd8119e20a53b804a06395ac	267107
ERX12083529_NOD3O4.R4_ERR12709542.fastq.gz	ERR12709542	ERX12083529	NOD3O4.R4	https://ftp.sra.ebi.ac.uk/vol1/fastq/ERR127/042/ERR12709542/ERR12709542.fastq.gz	53de834e4071e0c41ae90a5e7fda6157	5665702
ERX12083530_NOD3O4.R5_ERR12709543.fastq.gz	ERR12709543	ERX12083530	NOD3O4.R5	https://ftp.sra.ebi.ac.uk/vol1/fastq/ERR127/043/ERR12709543/ERR12709543.fastq.gz	f7b6c8a7d4a288b3ae7b00ea380c2399	6939310
ERX12083531_NOD3O5.L2_ERR12709544.fastq.gz	ERR12709544	ERX12083531	NOD3O5.L2	https://ftp.sra.ebi.ac.uk/vol1/fastq/ERR127/044/ERR12709544/ERR12709544.fastq.gz	fc63fa06237ebdb47a4111ce5c1c0f30	8163780
ERX12083532_NOD3O5.L3_ERR12709545.fastq.gz	ERR12709545	ERX12083532	NOD3O5.L3	https://ftp.sra.ebi.ac.uk/vol1/fastq/ERR127/045/ERR12709545/ERR12709545.fastq.gz	ed2d407eeb73099facc539d7d5dbdb61	9506724
ERX12083533_NOD3O5.L6_ERR12709546.fastq.gz	ERR12709546	ERX12083533	NOD3O5.L6	https://ftp.sra.ebi.ac.uk/vol1/fastq/ERR127/046/ERR12709546/ERR12709546.fastq.gz	a3c849286a7f70f0b0fc45475fce2215	4691148
ERX12083534_NOD3O5.R1_ERR12709547.fastq.gz	ERR12709547	ERX12083534	NOD3O5.R1	https://ftp.sra.ebi.ac.uk/vol1/fastq/ERR127/047/ERR12709547/ERR12709547.fastq.gz	cb642927ce80076c64b4d0e0acd0f0d6	4043466
ERX12083535_NOD3O5.R2_ERR12709548.fastq.gz	ERR12709548	ERX12083535	NOD3O5.R2	https://ftp.sra.ebi.ac.uk/vol1/fastq/ERR127/048/ERR12709548/ERR12709548.fastq.gz	123226e4e239515734757c5658aa102d	8978500
ERX12083536_NOD3O5.R4_ERR12709549.fastq.gz	ERR12709549	ERX12083536	NOD3O5.R4	https://ftp.sra.ebi.ac.uk/vol1/fastq/ERR127/049/ERR12709549/ERR12709549.fastq.gz	f6b073ecad774b00695dcce6eb9d65a4	7165791
ERX12083537_NOD3O5.R6_ERR12709550.fastq.gz	ERR12709550	ERX12083537	NOD3O5.R6	https://ftp.sra.ebi.ac.uk/vol1/fastq/ERR127/050/ERR12709550/ERR12709550.fastq.gz	5478336ce4bbc96a4d670eb6cac75653	1167278
ERX12083538_PMM1.F3_ERR12709551.fastq.gz	ERR12709551	ERX12083538	PMM1.F3	https://ftp.sra.ebi.ac.uk/vol1/fastq/ERR127/051/ERR12709551/ERR12709551.fastq.gz	2f881afc5f29ccfd8a8900fd0d69ed22	524826
ERX12083539_PMM1.N2_ERR12709552.fastq.gz	ERR12709552	ERX12083539	PMM1.N2	https://ftp.sra.ebi.ac.uk/vol1/fastq/ERR127/052/ERR12709552/ERR12709552.fastq.gz	9e0cd074f336c0521b551e276242b114	63782
ERX12083540_PMM1D1.L3_ERR12709553.fastq.gz	ERR12709553	ERX12083540	PMM1D1.L3	https://ftp.sra.ebi.ac.uk/vol1/fastq/ERR127/053/ERR12709553/ERR12709553.fastq.gz	d4e08a95998867be13f82791172c85c0	3707283
ERX12083541_PMM1D1.L6_ERR12709554.fastq.gz	ERR12709554	ERX12083541	PMM1D1.L6	https://ftp.sra.ebi.ac.uk/vol1/fastq/ERR127/054/ERR12709554/ERR12709554.fastq.gz	6a86e8f499075a745e92740dd2feaa1f	3540886
ERX12083542_PMM1D1.L7_ERR12709555.fastq.gz	ERR12709555	ERX12083542	PMM1D1.L7	https://ftp.sra.ebi.ac.uk/vol1/fastq/ERR127/055/ERR12709555/ERR12709555.fastq.gz	8283bd15e335d70252537bf0dcfb2270	5326898
ERX12083543_PMM1D1.R1_ERR12709556.fastq.gz	ERR12709556	ERX12083543	PMM1D1.R1	https://ftp.sra.ebi.ac.uk/vol1/fastq/ERR127/056/ERR12709556/ERR12709556.fastq.gz	6142b3832d446823b3cbf6ca45336cbd	4180932
ERX12083544_PMM1D1.R2_ERR12709557.fastq.gz	ERR12709557	ERX12083544	PMM1D1.R2	https://ftp.sra.ebi.ac.uk/vol1/fastq/ERR127/057/ERR12709557/ERR12709557.fastq.gz	7feef0e8e29dc7ae6d4ae4dbdb7f97e6	5704239
ERX12083545_PMM1D1.R3_ERR12709558.fastq.gz	ERR12709558	ERX12083545	PMM1D1.R3	https://ftp.sra.ebi.ac.uk/vol1/fastq/ERR127/058/ERR12709558/ERR12709558.fastq.gz	c21b267e51716196850390b10d42caeb	5133645
ERX12083546_PMM1D1.R4_ERR12709559.fastq.gz	ERR12709559	ERX12083546	PMM1D1.R4	https://ftp.sra.ebi.ac.uk/vol1/fastq/ERR127/059/ERR12709559/ERR12709559.fastq.gz	d2dedeea9a1ea112fa1725c45564158d	7281914
ERX12083547_PMM1D1.R5_ERR12709560.fastq.gz	ERR12709560	ERX12083547	PMM1D1.R5	https://ftp.sra.ebi.ac.uk/vol1/fastq/ERR127/060/ERR12709560/ERR12709560.fastq.gz	4c43f7d748758d54c5de429ed3cbd16f	4443505
ERX12083548_PMM1D1.R6_ERR12709561.fastq.gz	ERR12709561	ERX12083548	PMM1D1.R6	https://ftp.sra.ebi.ac.uk/vol1/fastq/ERR127/061/ERR12709561/ERR12709561.fastq.gz	f89eca6fa452ac63d4167fc2bd242219	1714970
ERX12083549_PMM1D1.R8_ERR12709562.fastq.gz	ERR12709562	ERX12083549	PMM1D1.R8	https://ftp.sra.ebi.ac.uk/vol1/fastq/ERR127/062/ERR12709562/ERR12709562.fastq.gz	41f357b00c30784d4e122a6b554b96f9	2889597
ERX12083550_PMM1O1.L5_ERR12709563.fastq.gz	ERR12709563	ERX12083550	PMM1O1.L5	https://ftp.sra.ebi.ac.uk/vol1/fastq/ERR127/063/ERR12709563/ERR12709563.fastq.gz	42e8508bf0d0cdf1017deed4adbc803f	2835945
ERX12083551_PMM1O1.L6_ERR12709564.fastq.gz	ERR12709564	ERX12083551	PMM1O1.L6	https://ftp.sra.ebi.ac.uk/vol1/fastq/ERR127/064/ERR12709564/ERR12709564.fastq.gz	053d6d657d6d4fb5ab6803ad77349d74	1336493
ERX12083552_PMM1O1.L7_ERR12709565.fastq.gz	ERR12709565	ERX12083552	PMM1O1.L7	https://ftp.sra.ebi.ac.uk/vol1/fastq/ERR127/065/ERR12709565/ERR12709565.fastq.gz	4a3a6d3b8a1aed29acbd3e483186f471	6990023
ERX12083553_PMM1O1.L8_ERR12709566.fastq.gz	ERR12709566	ERX12083553	PMM1O1.L8	https://ftp.sra.ebi.ac.uk/vol1/fastq/ERR127/066/ERR12709566/ERR12709566.fastq.gz	aa267b869ae17a8b220658c3e7440809	4149390
ERX12083554_PMM1O1.R1_ERR12709567.fastq.gz	ERR12709567	ERX12083554	PMM1O1.R1	https://ftp.sra.ebi.ac.uk/vol1/fastq/ERR127/067/ERR12709567/ERR12709567.fastq.gz	38f49531801c3a0b18939b3429679ca2	910094
ERX12083555_PMM1O1.R2_ERR12709568.fastq.gz	ERR12709568	ERX12083555	PMM1O1.R2	https://ftp.sra.ebi.ac.uk/vol1/fastq/ERR127/068/ERR12709568/ERR12709568.fastq.gz	1e3c734d6efb01767de8272db50478c2	465319
ERX12083556_PMM1O1.R4_ERR12709569.fastq.gz	ERR12709569	ERX12083556	PMM1O1.R4	https://ftp.sra.ebi.ac.uk/vol1/fastq/ERR127/069/ERR12709569/ERR12709569.fastq.gz	2ef8c24e3bef4c1b73e828922269ffe7	4899369
ERX12083557_PMM1O1.R8_ERR12709570.fastq.gz	ERR12709570	ERX12083557	PMM1O1.R8	https://ftp.sra.ebi.ac.uk/vol1/fastq/ERR127/070/ERR12709570/ERR12709570.fastq.gz	080ab2f2f8b3b3ae8208f7ca66b178fb	1802812
ERX12083558_PMM1P1.L1_ERR12709571.fastq.gz	ERR12709571	ERX12083558	PMM1P1.L1	https://ftp.sra.ebi.ac.uk/vol1/fastq/ERR127/071/ERR12709571/ERR12709571.fastq.gz	8b8b3f2a8a7ba502f9905b7565ff1d74	1574224
ERX12083559_PMM1P1.L3_ERR12709572.fastq.gz	ERR12709572	ERX12083559	PMM1P1.L3	https://ftp.sra.ebi.ac.uk/vol1/fastq/ERR127/072/ERR12709572/ERR12709572.fastq.gz	d68ee265a70f43492e90f166f48ede60	2297633
ERX12083560_PMM1P1.L4_ERR12709573.fastq.gz	ERR12709573	ERX12083560	PMM1P1.L4	https://ftp.sra.ebi.ac.uk/vol1/fastq/ERR127/073/ERR12709573/ERR12709573.fastq.gz	bd7b7a3a692e0b1042c0ca0ae2c32dba	2436735
ERX12083561_PMM1P1.L6_ERR12709574.fastq.gz	ERR12709574	ERX12083561	PMM1P1.L6	https://ftp.sra.ebi.ac.uk/vol1/fastq/ERR127/074/ERR12709574/ERR12709574.fastq.gz	020977d08ba14f962cab069c321dcc28	3222746
ERX12083562_PMM1P1.L7_ERR12709575.fastq.gz	ERR12709575	ERX12083562	PMM1P1.L7	https://ftp.sra.ebi.ac.uk/vol1/fastq/ERR127/075/ERR12709575/ERR12709575.fastq.gz	d5d2a628de3184169b8cf97c585d16bc	5043073
ERX12083563_PMM1P1.L8_ERR12709576.fastq.gz	ERR12709576	ERX12083563	PMM1P1.L8	https://ftp.sra.ebi.ac.uk/vol1/fastq/ERR127/076/ERR12709576/ERR12709576.fastq.gz	cfc4fa481ba797be118eda1080a7ffa2	5146906
ERX12083564_PMM1P1.R5_ERR12709577.fastq.gz	ERR12709577	ERX12083564	PMM1P1.R5	https://ftp.sra.ebi.ac.uk/vol1/fastq/ERR127/077/ERR12709577/ERR12709577.fastq.gz	59cf26b77cd12d49a88cf423bcbc9dc1	3250880
ERX12083565_PMM1P1.R8_ERR12709578.fastq.gz	ERR12709578	ERX12083565	PMM1P1.R8	https://ftp.sra.ebi.ac.uk/vol1/fastq/ERR127/078/ERR12709578/ERR12709578.fastq.gz	07552be1210ed02c4b2f9b7f4e9a0de5	1244161
ERX12083566_PMM1S1.L3_ERR12709579.fastq.gz	ERR12709579	ERX12083566	PMM1S1.L3	https://ftp.sra.ebi.ac.uk/vol1/fastq/ERR127/079/ERR12709579/ERR12709579.fastq.gz	27674ac2810c70d0512845bb2d503913	7211280
ERX12083567_PMM1S1.R5_ERR12709580.fastq.gz	ERR12709580	ERX12083567	PMM1S1.R5	https://ftp.sra.ebi.ac.uk/vol1/fastq/ERR127/080/ERR12709580/ERR12709580.fastq.gz	ad67a231e83a2edda24c36c3002dde53	5016529
ERX12083568_PMM1S1.R6_ERR12709581.fastq.gz	ERR12709581	ERX12083568	PMM1S1.R6	https://ftp.sra.ebi.ac.uk/vol1/fastq/ERR127/081/ERR12709581/ERR12709581.fastq.gz	7c4269002b579dbf2bab3a930d4fc756	2387508
ERX12083569_PMM1S1.R7_ERR12709582.fastq.gz	ERR12709582	ERX12083569	PMM1S1.R7	https://ftp.sra.ebi.ac.uk/vol1/fastq/ERR127/082/ERR12709582/ERR12709582.fastq.gz	0eb09e5f06b688dcb007929d1e8de3eb	5487285
ERX12083570_PMM1S1.R8_ERR12709583.fastq.gz	ERR12709583	ERX12083570	PMM1S1.R8	https://ftp.sra.ebi.ac.uk/vol1/fastq/ERR127/083/ERR12709583/ERR12709583.fastq.gz	560b645accffba5cb74071457dae6fe5	2551083
ERX12083576_A.L1.F1_ERR12709589.fastq.gz	ERR12709589	ERX12083576	A.L1.F1	https://ftp.sra.ebi.ac.uk/vol1/fastq/ERR127/089/ERR12709589/ERR12709589.fastq.gz	5f46b62f8bee55608ca17718a49d026f	234593
ERX12083577_A.L1.F2_ERR12709590.fastq.gz	ERR12709590	ERX12083577	A.L1.F2	https://ftp.sra.ebi.ac.uk/vol1/fastq/ERR127/090/ERR12709590/ERR12709590.fastq.gz	74a7582402b795fdb78cb490bbaac8a4	580443
ERX12083578_A.L1.N2_ERR12709591.fastq.gz	ERR12709591	ERX12083578	A.L1.N2	https://ftp.sra.ebi.ac.uk/vol1/fastq/ERR127/091/ERR12709591/ERR12709591.fastq.gz	935e0f5a6b24f5e490c84b0765874ff2	177733
ERX12083579_A.L1.N3_ERR12709592.fastq.gz	ERR12709592	ERX12083579	A.L1.N3	https://ftp.sra.ebi.ac.uk/vol1/fastq/ERR127/092/ERR12709592/ERR12709592.fastq.gz	5359a3b22ecd22db419a72750c0d373e	1503446
ERX12083580_A.L1A1.L2_ERR12709593.fastq.gz	ERR12709593	ERX12083580	A.L1A1.L2	https://ftp.sra.ebi.ac.uk/vol1/fastq/ERR127/093/ERR12709593/ERR12709593.fastq.gz	1f27eef8c206ce6f79dbbdc9863de7e2	1384853
ERX12083581_A.L1A1.R2_ERR12709594.fastq.gz	ERR12709594	ERX12083581	A.L1A1.R2	https://ftp.sra.ebi.ac.uk/vol1/fastq/ERR127/094/ERR12709594/ERR12709594.fastq.gz	fe41a01d88ccdd2dcecf5ea1c8b00f80	1757729
ERX12083582_A.L1D1.L2_ERR12709595.fastq.gz	ERR12709595	ERX12083582	A.L1D1.L2	https://ftp.sra.ebi.ac.uk/vol1/fastq/ERR127/095/ERR12709595/ERR12709595.fastq.gz	bbb74a8f62d10ad55ae199503204d130	945542
ERX12083583_A.L1D1.R1_ERR12709596.fastq.gz	ERR12709596	ERX12083583	A.L1D1.R1	https://ftp.sra.ebi.ac.uk/vol1/fastq/ERR127/096/ERR12709596/ERR12709596.fastq.gz	bfc2dae1cdf4425b4b029694251df09e	652544
ERX12083584_A.L1F1.L1_ERR12709597.fastq.gz	ERR12709597	ERX12083584	A.L1F1.L1	https://ftp.sra.ebi.ac.uk/vol1/fastq/ERR127/097/ERR12709597/ERR12709597.fastq.gz	64d45dc519bfc2c73a8f745018e87f96	4787506
ERX12083585_A.L1F1.L2_ERR12709598.fastq.gz	ERR12709598	ERX12083585	A.L1F1.L2	https://ftp.sra.ebi.ac.uk/vol1/fastq/ERR127/098/ERR12709598/ERR12709598.fastq.gz	0d444359fd5996a858b27fdf7318403b	541890
ERX12083586_A.L1F1.R1_ERR12709599.fastq.gz	ERR12709599	ERX12083586	A.L1F1.R1	https://ftp.sra.ebi.ac.uk/vol1/fastq/ERR127/099/ERR12709599/ERR12709599.fastq.gz	9a8118939e62ef6c7067bd58a2ccbd81	908598
ERX12083587_A.L1F1.R2_ERR12709600.fastq.gz	ERR12709600	ERX12083587	A.L1F1.R2	https://ftp.sra.ebi.ac.uk/vol1/fastq/ERR127/000/ERR12709600/ERR12709600.fastq.gz	59c6662ad5e6be767e6684d15b4b389b	551293
ERX12083588_A.L1O1.L2_ERR12709601.fastq.gz	ERR12709601	ERX12083588	A.L1O1.L2	https://ftp.sra.ebi.ac.uk/vol1/fastq/ERR127/001/ERR12709601/ERR12709601.fastq.gz	0142570d2baafc6ad8eb29bc37bbb015	3443985
ERX12083589_A.L1O1.R1_ERR12709602.fastq.gz	ERR12709602	ERX12083589	A.L1O1.R1	https://ftp.sra.ebi.ac.uk/vol1/fastq/ERR127/002/ERR12709602/ERR12709602.fastq.gz	0317bee458b5bbbfef7b966a51454e5a	2983193
ERX12083590_BLANK.3DMM.P10.12H_ERR12709603.fastq.gz	ERR12709603	ERX12083590	BLANK.3DMM.P10.12H	https://ftp.sra.ebi.ac.uk/vol1/fastq/ERR127/003/ERR12709603/ERR12709603.fastq.gz	07a15d51b33fbe8932fd71bd51105b5e	497038
ERX12083591_BLANK.3DMM.P10.2E_ERR12709604.fastq.gz	ERR12709604	ERX12083591	BLANK.3DMM.P10.2E	https://ftp.sra.ebi.ac.uk/vol1/fastq/ERR127/004/ERR12709604/ERR12709604.fastq.gz	f1c2e1acfd2b1e5101fc1790e1d2bff9	3313411
ERX12083592_BLANK.3DMM.P10.2F_ERR12709605.fastq.gz	ERR12709605	ERX12083592	BLANK.3DMM.P10.2F	https://ftp.sra.ebi.ac.uk/vol1/fastq/ERR127/005/ERR12709605/ERR12709605.fastq.gz	d3e31884296495fc5c4a44100b46c307	2786411
ERX12083593_BLANK.3DMM.P10.2G_ERR12709606.fastq.gz	ERR12709606	ERX12083593	BLANK.3DMM.P10.2G	https://ftp.sra.ebi.ac.uk/vol1/fastq/ERR127/006/ERR12709606/ERR12709606.fastq.gz	1820591568ab1a75b3405d9752c9318d	3074952
ERX12083594_BLANK.3DMM.P10.2H_ERR12709607.fastq.gz	ERR12709607	ERX12083594	BLANK.3DMM.P10.2H	https://ftp.sra.ebi.ac.uk/vol1/fastq/ERR127/007/ERR12709607/ERR12709607.fastq.gz	541c6435116fe7d4779921efabab6f5f	4918862
ERX12083595_BLANK.3DMM.P6.6A_ERR12709608.fastq.gz	ERR12709608	ERX12083595	BLANK.3DMM.P6.6A	https://ftp.sra.ebi.ac.uk/vol1/fastq/ERR127/008/ERR12709608/ERR12709608.fastq.gz	331bc62ac84e2fe3d7e11ed1617acaac	812215
ERX12083596_BLANK.3DMM.P6.6B_ERR12709609.fastq.gz	ERR12709609	ERX12083596	BLANK.3DMM.P6.6B	https://ftp.sra.ebi.ac.uk/vol1/fastq/ERR127/009/ERR12709609/ERR12709609.fastq.gz	3d5dc6e365e367b04f78569e970c1036	2783188
ERX12083597_BLANK.3DMM.P6.6C_ERR12709610.fastq.gz	ERR12709610	ERX12083597	BLANK.3DMM.P6.6C	https://ftp.sra.ebi.ac.uk/vol1/fastq/ERR127/010/ERR12709610/ERR12709610.fastq.gz	7a1df3718019ab1bff2d4f63cd44faa9	3270874
ERX12083598_BLANK.3DMM.P6.6D_ERR12709611.fastq.gz	ERR12709611	ERX12083598	BLANK.3DMM.P6.6D	https://ftp.sra.ebi.ac.uk/vol1/fastq/ERR127/011/ERR12709611/ERR12709611.fastq.gz	37db22260675d85e9e5d6f66bea8bb1d	6435316
ERX12083599_BLANK.3DMM.P6.6E_ERR12709612.fastq.gz	ERR12709612	ERX12083599	BLANK.3DMM.P6.6E	https://ftp.sra.ebi.ac.uk/vol1/fastq/ERR127/012/ERR12709612/ERR12709612.fastq.gz	f13b870099ff05c167dea2b80b16456d	2834554
ERX12083600_BLANK.3DMM.P6.6F_ERR12709613.fastq.gz	ERR12709613	ERX12083600	BLANK.3DMM.P6.6F	https://ftp.sra.ebi.ac.uk/vol1/fastq/ERR127/013/ERR12709613/ERR12709613.fastq.gz	164608a4f381c16260790b1afb2e9849	5924822
ERX12083601_BLANK.3DMM.P6.6G_ERR12709614.fastq.gz	ERR12709614	ERX12083601	BLANK.3DMM.P6.6G	https://ftp.sra.ebi.ac.uk/vol1/fastq/ERR127/014/ERR12709614/ERR12709614.fastq.gz	29fce10cdf0bac3bfa3287c5a0498eed	29590
ERX12083602_BLANK.3DMM.P6.6H_ERR12709615.fastq.gz	ERR12709615	ERX12083602	BLANK.3DMM.P6.6H	https://ftp.sra.ebi.ac.uk/vol1/fastq/ERR127/015/ERR12709615/ERR12709615.fastq.gz	57a772af26f0ad182393862201f99019	1166340
ERX12083603_BLANK.3DMM.P7.5A_ERR12709616.fastq.gz	ERR12709616	ERX12083603	BLANK.3DMM.P7.5A	https://ftp.sra.ebi.ac.uk/vol1/fastq/ERR127/016/ERR12709616/ERR12709616.fastq.gz	0ba20298f52524b01016f92b32a3b467	684214
ERX12083604_BLANK.3DMM.P7.5B_ERR12709617.fastq.gz	ERR12709617	ERX12083604	BLANK.3DMM.P7.5B	https://ftp.sra.ebi.ac.uk/vol1/fastq/ERR127/017/ERR12709617/ERR12709617.fastq.gz	e46d1838ceb4836077eee0721f4360f8	4881330
ERX12083605_BLANK.3DMM.P7.5C_ERR12709618.fastq.gz	ERR12709618	ERX12083605	BLANK.3DMM.P7.5C	https://ftp.sra.ebi.ac.uk/vol1/fastq/ERR127/018/ERR12709618/ERR12709618.fastq.gz	15a71f5a395cc2ee8da0ac2a441075c7	311431
ERX12083606_BLANK.3DMM.P7.5D_ERR12709619.fastq.gz	ERR12709619	ERX12083606	BLANK.3DMM.P7.5D	https://ftp.sra.ebi.ac.uk/vol1/fastq/ERR127/019/ERR12709619/ERR12709619.fastq.gz	f2d8ad37a7c73fb585f2b713545c0fcb	930757
ERX12083607_BLANK.3DMM.P7.5E_ERR12709620.fastq.gz	ERR12709620	ERX12083607	BLANK.3DMM.P7.5E	https://ftp.sra.ebi.ac.uk/vol1/fastq/ERR127/020/ERR12709620/ERR12709620.fastq.gz	7a525f13d0665ecbb56a2ba8e388f30b	811881
ERX12083608_BLANK.3DMM.P7.5F_ERR12709621.fastq.gz	ERR12709621	ERX12083608	BLANK.3DMM.P7.5F	https://ftp.sra.ebi.ac.uk/vol1/fastq/ERR127/021/ERR12709621/ERR12709621.fastq.gz	7f53d346da5a48c7b45ceabde726c398	467901
ERX12083609_BLANK.3DMM.P7.5G_ERR12709622.fastq.gz	ERR12709622	ERX12083609	BLANK.3DMM.P7.5G	https://ftp.sra.ebi.ac.uk/vol1/fastq/ERR127/022/ERR12709622/ERR12709622.fastq.gz	8ba69f39fc96e7cc40ee480876d01569	2392679
ERX12083610_BLANK.3DMM.P7.5H_ERR12709623.fastq.gz	ERR12709623	ERX12083610	BLANK.3DMM.P7.5H	https://ftp.sra.ebi.ac.uk/vol1/fastq/ERR127/023/ERR12709623/ERR12709623.fastq.gz	6bb2f630211ecdfca66ad7ff69e2f373	398111
ERX12083611_BLANK.3DMM.P8.4A_ERR12709624.fastq.gz	ERR12709624	ERX12083611	BLANK.3DMM.P8.4A	https://ftp.sra.ebi.ac.uk/vol1/fastq/ERR127/024/ERR12709624/ERR12709624.fastq.gz	b61b9238ed94784c89f5cfc939c48787	443529
ERX12083612_BLANK.3DMM.P8.4B_ERR12709625.fastq.gz	ERR12709625	ERX12083612	BLANK.3DMM.P8.4B	https://ftp.sra.ebi.ac.uk/vol1/fastq/ERR127/025/ERR12709625/ERR12709625.fastq.gz	a22483d8d331a84aaee854f40332de5d	1933040
ERX12083613_BLANK.3DMM.P8.4C_ERR12709626.fastq.gz	ERR12709626	ERX12083613	BLANK.3DMM.P8.4C	https://ftp.sra.ebi.ac.uk/vol1/fastq/ERR127/026/ERR12709626/ERR12709626.fastq.gz	20c29f3dea06929e0d384478aeb412fa	2304948
ERX12083614_BLANK.3DMM.P8.4D_ERR12709627.fastq.gz	ERR12709627	ERX12083614	BLANK.3DMM.P8.4D	https://ftp.sra.ebi.ac.uk/vol1/fastq/ERR127/027/ERR12709627/ERR12709627.fastq.gz	dafa01df6ecb18a697c2417c6fef0ffd	2028024
ERX12083615_BLANK.3DMM.P8.4E_ERR12709628.fastq.gz	ERR12709628	ERX12083615	BLANK.3DMM.P8.4E	https://ftp.sra.ebi.ac.uk/vol1/fastq/ERR127/028/ERR12709628/ERR12709628.fastq.gz	f89347f5bc40fb755c7cbdb43228c18f	836869
ERX12083616_BLANK.3DMM.P8.4F_ERR12709629.fastq.gz	ERR12709629	ERX12083616	BLANK.3DMM.P8.4F	https://ftp.sra.ebi.ac.uk/vol1/fastq/ERR127/029/ERR12709629/ERR12709629.fastq.gz	38eefb779ca7cbbeb20f0c4c71a0e1e6	601487
ERX12083617_BLANK.3DMM.P8.4G_ERR12709630.fastq.gz	ERR12709630	ERX12083617	BLANK.3DMM.P8.4G	https://ftp.sra.ebi.ac.uk/vol1/fastq/ERR127/030/ERR12709630/ERR12709630.fastq.gz	77a3a1007bcf838b51fc307a3e88674f	1327874
ERX12083618_BLANK.3DMM.P8.4H_ERR12709631.fastq.gz	ERR12709631	ERX12083618	BLANK.3DMM.P8.4H	https://ftp.sra.ebi.ac.uk/vol1/fastq/ERR127/031/ERR12709631/ERR12709631.fastq.gz	fef0e035534f11d7be32b945b51e5199	4850440
ERX12083619_BLANK.3DMM.P9.3A_ERR12709632.fastq.gz	ERR12709632	ERX12083619	BLANK.3DMM.P9.3A	https://ftp.sra.ebi.ac.uk/vol1/fastq/ERR127/032/ERR12709632/ERR12709632.fastq.gz	c6f06006526e1e37e0c456fc1cc5ec74	414754
ERX12083620_BLANK.3DMM.P9.3B_ERR12709633.fastq.gz	ERR12709633	ERX12083620	BLANK.3DMM.P9.3B	https://ftp.sra.ebi.ac.uk/vol1/fastq/ERR127/033/ERR12709633/ERR12709633.fastq.gz	df0004c42ad5d42927570397108692db	636052
ERX12083621_BLANK.3DMM.P9.3C_ERR12709634.fastq.gz	ERR12709634	ERX12083621	BLANK.3DMM.P9.3C	https://ftp.sra.ebi.ac.uk/vol1/fastq/ERR127/034/ERR12709634/ERR12709634.fastq.gz	abbd9964b51377afd24c86dbd3e307f4	2146996
ERX12083622_BLANK.3DMM.P9.3D_ERR12709635.fastq.gz	ERR12709635	ERX12083622	BLANK.3DMM.P9.3D	https://ftp.sra.ebi.ac.uk/vol1/fastq/ERR127/035/ERR12709635/ERR12709635.fastq.gz	86b6f3d5cb5f7c6cae4228a69bc06bc2	316945
ERX12083623_BLANK.3DMM.P9.3E_ERR12709636.fastq.gz	ERR12709636	ERX12083623	BLANK.3DMM.P9.3E	https://ftp.sra.ebi.ac.uk/vol1/fastq/ERR127/036/ERR12709636/ERR12709636.fastq.gz	49d361a33e2042863316a07fa136ad28	4439711
ERX12083624_BLANK.3DMM.P9.3F_ERR12709637.fastq.gz	ERR12709637	ERX12083624	BLANK.3DMM.P9.3F	https://ftp.sra.ebi.ac.uk/vol1/fastq/ERR127/037/ERR12709637/ERR12709637.fastq.gz	023a46d201e9e36f68d804fa2020c729	3874249
ERX12083625_BLANK.3DMM.P9.3G_ERR12709638.fastq.gz	ERR12709638	ERX12083625	BLANK.3DMM.P9.3G	https://ftp.sra.ebi.ac.uk/vol1/fastq/ERR127/038/ERR12709638/ERR12709638.fastq.gz	0125494e03f28f2ec54663875b853273	5787560
ERX12083626_BLANK.3DMM.P9.3H_ERR12709639.fastq.gz	ERR12709639	ERX12083626	BLANK.3DMM.P9.3H	https://ftp.sra.ebi.ac.uk/vol1/fastq/ERR127/039/ERR12709639/ERR12709639.fastq.gz	6135498f394ad434ef59094fd04afac8	976310
ERX12083627_COL1.F1_ERR12709640.fastq.gz	ERR12709640	ERX12083627	COL1.F1	https://ftp.sra.ebi.ac.uk/vol1/fastq/ERR127/040/ERR12709640/ERR12709640.fastq.gz	5adcf656c775425137c7485522dc7eb2	263486
ERX12083628_COL1.F2_ERR12709641.fastq.gz	ERR12709641	ERX12083628	COL1.F2	https://ftp.sra.ebi.ac.uk/vol1/fastq/ERR127/041/ERR12709641/ERR12709641.fastq.gz	1363e3d80265bdf90bc24f02ed09b14f	14993
ERX12083629_COL1.F3_ERR12709642.fastq.gz	ERR12709642	ERX12083629	COL1.F3	https://ftp.sra.ebi.ac.uk/vol1/fastq/ERR127/042/ERR12709642/ERR12709642.fastq.gz	92a1537bcf813863e5e676b8f03a2ba7	535002
ERX12083630_COL1.N2_ERR12709643.fastq.gz	ERR12709643	ERX12083630	COL1.N2	https://ftp.sra.ebi.ac.uk/vol1/fastq/ERR127/043/ERR12709643/ERR12709643.fastq.gz	30ff7df7b3860741de1c792de81f7862	258495
ERX12083631_COL1.N3_ERR12709644.fastq.gz	ERR12709644	ERX12083631	COL1.N3	https://ftp.sra.ebi.ac.uk/vol1/fastq/ERR127/044/ERR12709644/ERR12709644.fastq.gz	71928bff44810a7de8db64827b591ba4	347806
ERX12083632_COL1A1.L1_ERR12709645.fastq.gz	ERR12709645	ERX12083632	COL1A1.L1	https://ftp.sra.ebi.ac.uk/vol1/fastq/ERR127/045/ERR12709645/ERR12709645.fastq.gz	964b442240a3d62eeff8d28eba3d5a19	1361562
ERX12083633_COL1A1.R1_ERR12709646.fastq.gz	ERR12709646	ERX12083633	COL1A1.R1	https://ftp.sra.ebi.ac.uk/vol1/fastq/ERR127/046/ERR12709646/ERR12709646.fastq.gz	b69a0692ee37d2760d2e788ac8dfc25e	145450
ERX12083634_COL1A1.R2_ERR12709647.fastq.gz	ERR12709647	ERX12083634	COL1A1.R2	https://ftp.sra.ebi.ac.uk/vol1/fastq/ERR127/047/ERR12709647/ERR12709647.fastq.gz	fda68cb424d0c94d3e9da77d519ef902	224522
ERX12083635_COL1A2.L1_ERR12709648.fastq.gz	ERR12709648	ERX12083635	COL1A2.L1	https://ftp.sra.ebi.ac.uk/vol1/fastq/ERR127/048/ERR12709648/ERR12709648.fastq.gz	bb3e1254d0417bb2994bb11e90ca7a33	288178
ERX12083636_COL1A2.L2_ERR12709649.fastq.gz	ERR12709649	ERX12083636	COL1A2.L2	https://ftp.sra.ebi.ac.uk/vol1/fastq/ERR127/049/ERR12709649/ERR12709649.fastq.gz	aca9c4fbdeaaedab4c35e1a9556995e2	408373
ERX12083637_COL1A2.R2_ERR12709650.fastq.gz	ERR12709650	ERX12083637	COL1A2.R2	https://ftp.sra.ebi.ac.uk/vol1/fastq/ERR127/050/ERR12709650/ERR12709650.fastq.gz	9025f5bf3e6baf8956a07fe6eed9f375	889752
ERX12083638_COL1A3.L1_ERR12709651.fastq.gz	ERR12709651	ERX12083638	COL1A3.L1	https://ftp.sra.ebi.ac.uk/vol1/fastq/ERR127/051/ERR12709651/ERR12709651.fastq.gz	cb1f0989b91a043f1753a06eaa251ec8	1669382
ERX12083639_COL1A3.L2_ERR12709652.fastq.gz	ERR12709652	ERX12083639	COL1A3.L2	https://ftp.sra.ebi.ac.uk/vol1/fastq/ERR127/052/ERR12709652/ERR12709652.fastq.gz	645b1e06e30c252b8983ea73026100ac	646164
ERX12083640_COL1A3.R1_ERR12709653.fastq.gz	ERR12709653	ERX12083640	COL1A3.R1	https://ftp.sra.ebi.ac.uk/vol1/fastq/ERR127/053/ERR12709653/ERR12709653.fastq.gz	909d84343dcc83d98f4e21a50f94ace5	2009888
ERX12083641_COL1A4.L2_ERR12709654.fastq.gz	ERR12709654	ERX12083641	COL1A4.L2	https://ftp.sra.ebi.ac.uk/vol1/fastq/ERR127/054/ERR12709654/ERR12709654.fastq.gz	7db93c83526d396687a2ff8aa3e8442b	942481
ERX12083642_COL1A4.R1_ERR12709655.fastq.gz	ERR12709655	ERX12083642	COL1A4.R1	https://ftp.sra.ebi.ac.uk/vol1/fastq/ERR127/055/ERR12709655/ERR12709655.fastq.gz	5a0400291ff9299061c6c6a13c2a643c	2600384
ERX12083643_COL1D1.R1_ERR12709656.fastq.gz	ERR12709656	ERX12083643	COL1D1.R1	https://ftp.sra.ebi.ac.uk/vol1/fastq/ERR127/056/ERR12709656/ERR12709656.fastq.gz	c5657d9bbc92a34a3b801e3d278249ff	365777
ERX12083644_COL1D1.R2_ERR12709657.fastq.gz	ERR12709657	ERX12083644	COL1D1.R2	https://ftp.sra.ebi.ac.uk/vol1/fastq/ERR127/057/ERR12709657/ERR12709657.fastq.gz	31b20f877b6c6c83bd377295f49f4ff7	191655
ERX12083645_COL1D2.L2_ERR12709658.fastq.gz	ERR12709658	ERX12083645	COL1D2.L2	https://ftp.sra.ebi.ac.uk/vol1/fastq/ERR127/058/ERR12709658/ERR12709658.fastq.gz	cf9f8c5ac524daedadbeac6cb30adcaf	403972
ERX12083646_COL1D2.R1_ERR12709659.fastq.gz	ERR12709659	ERX12083646	COL1D2.R1	https://ftp.sra.ebi.ac.uk/vol1/fastq/ERR127/059/ERR12709659/ERR12709659.fastq.gz	6d55e8044eae41762cf61c3522377bc0	631217
ERX12083647_COL1D3.L1_ERR12709660.fastq.gz	ERR12709660	ERX12083647	COL1D3.L1	https://ftp.sra.ebi.ac.uk/vol1/fastq/ERR127/060/ERR12709660/ERR12709660.fastq.gz	4e56ef61c95d8a8444bdc4f675c0b6bb	354028
ERX12083648_COL1D3.L2_ERR12709661.fastq.gz	ERR12709661	ERX12083648	COL1D3.L2	https://ftp.sra.ebi.ac.uk/vol1/fastq/ERR127/061/ERR12709661/ERR12709661.fastq.gz	07077895f65b87cbd88c6aa396030e4f	296971
ERX12083649_COL1D3.R1_ERR12709662.fastq.gz	ERR12709662	ERX12083649	COL1D3.R1	https://ftp.sra.ebi.ac.uk/vol1/fastq/ERR127/062/ERR12709662/ERR12709662.fastq.gz	cc985bc15e5c489a0b9b319369c3b1d7	309031
ERX12083650_COL1D4.L1_ERR12709663.fastq.gz	ERR12709663	ERX12083650	COL1D4.L1	https://ftp.sra.ebi.ac.uk/vol1/fastq/ERR127/063/ERR12709663/ERR12709663.fastq.gz	31187923602d521690f88996e459b70d	748720
ERX12083651_COL1D4.L2_ERR12709664.fastq.gz	ERR12709664	ERX12083651	COL1D4.L2	https://ftp.sra.ebi.ac.uk/vol1/fastq/ERR127/064/ERR12709664/ERR12709664.fastq.gz	a636feddf76a6c0de7ff8c414233038b	599295
ERX12083652_COL1D4.R1_ERR12709665.fastq.gz	ERR12709665	ERX12083652	COL1D4.R1	https://ftp.sra.ebi.ac.uk/vol1/fastq/ERR127/065/ERR12709665/ERR12709665.fastq.gz	1f7ecedcf4aa15fc0fbf9eada8c28bcb	249255
ERX12083653_COL1F1.L1_ERR12709666.fastq.gz	ERR12709666	ERX12083653	COL1F1.L1	https://ftp.sra.ebi.ac.uk/vol1/fastq/ERR127/066/ERR12709666/ERR12709666.fastq.gz	ba96f109c954ef0a168714170a4d8363	225321
ERX12083654_COL1F1.R1_ERR12709667.fastq.gz	ERR12709667	ERX12083654	COL1F1.R1	https://ftp.sra.ebi.ac.uk/vol1/fastq/ERR127/067/ERR12709667/ERR12709667.fastq.gz	5f70ec1c77bb8520a7a559e60deb2869	698203
ERX12083655_COL1F1.R2_ERR12709668.fastq.gz	ERR12709668	ERX12083655	COL1F1.R2	https://ftp.sra.ebi.ac.uk/vol1/fastq/ERR127/068/ERR12709668/ERR12709668.fastq.gz	10833a750ed3718c5459627fb5bbe290	3106108
ERX12083656_COL1F2.R2_ERR12709669.fastq.gz	ERR12709669	ERX12083656	COL1F2.R2	https://ftp.sra.ebi.ac.uk/vol1/fastq/ERR127/069/ERR12709669/ERR12709669.fastq.gz	21f1a60343e408f058afdbbfad12e329	132192
ERX12083657_COL1F3.L1_ERR12709670.fastq.gz	ERR12709670	ERX12083657	COL1F3.L1	https://ftp.sra.ebi.ac.uk/vol1/fastq/ERR127/070/ERR12709670/ERR12709670.fastq.gz	4e66a3df9dac01ea5877a6f983b11945	2978312
ERX12083658_COL1F3.L2_ERR12709671.fastq.gz	ERR12709671	ERX12083658	COL1F3.L2	https://ftp.sra.ebi.ac.uk/vol1/fastq/ERR127/071/ERR12709671/ERR12709671.fastq.gz	b76720e3c5a7dae92eb43e8e2c1a3ce8	3328847
ERX12083659_COL1F3.R1_ERR12709672.fastq.gz	ERR12709672	ERX12083659	COL1F3.R1	https://ftp.sra.ebi.ac.uk/vol1/fastq/ERR127/072/ERR12709672/ERR12709672.fastq.gz	de29e200920b27cd28256b95edfb54d9	3870294
ERX12083660_COL1F4.R1_ERR12709673.fastq.gz	ERR12709673	ERX12083660	COL1F4.R1	https://ftp.sra.ebi.ac.uk/vol1/fastq/ERR127/073/ERR12709673/ERR12709673.fastq.gz	1cf2abb4f756724ca5e04a6a8067be4e	1213542
ERX12083661_COL1F4.R2_ERR12709674.fastq.gz	ERR12709674	ERX12083661	COL1F4.R2	https://ftp.sra.ebi.ac.uk/vol1/fastq/ERR127/074/ERR12709674/ERR12709674.fastq.gz	53e11826be34b97704c664c43b523e77	3704954
ERX12083662_COL1O1.L1_ERR12709675.fastq.gz	ERR12709675	ERX12083662	COL1O1.L1	https://ftp.sra.ebi.ac.uk/vol1/fastq/ERR127/075/ERR12709675/ERR12709675.fastq.gz	0f5cd098eae5832cc39c60f7f5217e40	511726
ERX12083663_COL1O1.L2_ERR12709676.fastq.gz	ERR12709676	ERX12083663	COL1O1.L2	https://ftp.sra.ebi.ac.uk/vol1/fastq/ERR127/076/ERR12709676/ERR12709676.fastq.gz	8c0964d99faf27d1b22472262ad9511b	1966482
ERX12083664_COL1O1.R2_ERR12709677.fastq.gz	ERR12709677	ERX12083664	COL1O1.R2	https://ftp.sra.ebi.ac.uk/vol1/fastq/ERR127/077/ERR12709677/ERR12709677.fastq.gz	53868fa52af22314349566466e0fc293	516626
ERX12083665_COL1O2.L1_ERR12709678.fastq.gz	ERR12709678	ERX12083665	COL1O2.L1	https://ftp.sra.ebi.ac.uk/vol1/fastq/ERR127/078/ERR12709678/ERR12709678.fastq.gz	23a243c7a22a8d78a21cb138eb22b2b0	1218627
ERX12083666_COL1O2.L2_ERR12709679.fastq.gz	ERR12709679	ERX12083666	COL1O2.L2	https://ftp.sra.ebi.ac.uk/vol1/fastq/ERR127/079/ERR12709679/ERR12709679.fastq.gz	bc0e4fd00e723d8e0e86f19fa899c9a4	491280
ERX12083667_COL1O3.L2_ERR12709680.fastq.gz	ERR12709680	ERX12083667	COL1O3.L2	https://ftp.sra.ebi.ac.uk/vol1/fastq/ERR127/080/ERR12709680/ERR12709680.fastq.gz	4a998290b11a72e1ada22d53986356f7	1368332
ERX12083668_COL1O4.L2_ERR12709681.fastq.gz	ERR12709681	ERX12083668	COL1O4.L2	https://ftp.sra.ebi.ac.uk/vol1/fastq/ERR127/081/ERR12709681/ERR12709681.fastq.gz	5b799ffe1321b80b9fe16c50bcbb0546	3051599
ERX12083669_JLP1.F1_ERR12709682.fastq.gz	ERR12709682	ERX12083669	JLP1.F1	https://ftp.sra.ebi.ac.uk/vol1/fastq/ERR127/082/ERR12709682/ERR12709682.fastq.gz	593846451874a2c9534f6b6260a3ee60	480784
ERX12083670_JLP1.F2_ERR12709683.fastq.gz	ERR12709683	ERX12083670	JLP1.F2	https://ftp.sra.ebi.ac.uk/vol1/fastq/ERR127/083/ERR12709683/ERR12709683.fastq.gz	b0c1061024074cbba8751f81e5cda70d	195063
ERX12083671_JLP1.F3_ERR12709684.fastq.gz	ERR12709684	ERX12083671	JLP1.F3	https://ftp.sra.ebi.ac.uk/vol1/fastq/ERR127/084/ERR12709684/ERR12709684.fastq.gz	450ca7abca17212c53a6c7ad8b23b607	446478
ERX12083672_JLP1.N1_ERR12709685.fastq.gz	ERR12709685	ERX12083672	JLP1.N1	https://ftp.sra.ebi.ac.uk/vol1/fastq/ERR127/085/ERR12709685/ERR12709685.fastq.gz	801c7896cdeb9169d2916bcbc81779a6	212981
ERX12083673_JLP1A1.L1_ERR12709686.fastq.gz	ERR12709686	ERX12083673	JLP1A1.L1	https://ftp.sra.ebi.ac.uk/vol1/fastq/ERR127/086/ERR12709686/ERR12709686.fastq.gz	f7704ace1f282c6887c83874520e3249	8147809
ERX12083674_JLP1A1.L2_ERR12709687.fastq.gz	ERR12709687	ERX12083674	JLP1A1.L2	https://ftp.sra.ebi.ac.uk/vol1/fastq/ERR127/087/ERR12709687/ERR12709687.fastq.gz	002a3e7029c1c1c04106ef6a172e4492	3574909
ERX12083675_JLP1A1.R1_ERR12709688.fastq.gz	ERR12709688	ERX12083675	JLP1A1.R1	https://ftp.sra.ebi.ac.uk/vol1/fastq/ERR127/088/ERR12709688/ERR12709688.fastq.gz	4ea1ad5b20da87cf610efb29ae5900f0	5548378
ERX12083676_JLP1A1.R2_ERR12709689.fastq.gz	ERR12709689	ERX12083676	JLP1A1.R2	https://ftp.sra.ebi.ac.uk/vol1/fastq/ERR127/089/ERR12709689/ERR12709689.fastq.gz	52a889f2da2a12899f9866bc89c8d8f4	4942473
ERX12083677_JLP1F1.L1_ERR12709690.fastq.gz	ERR12709690	ERX12083677	JLP1F1.L1	https://ftp.sra.ebi.ac.uk/vol1/fastq/ERR127/090/ERR12709690/ERR12709690.fastq.gz	89c98a64cf0e76ce836d31e5cd984312	1381255
ERX12083678_JLP1F1.L3_ERR12709691.fastq.gz	ERR12709691	ERX12083678	JLP1F1.L3	https://ftp.sra.ebi.ac.uk/vol1/fastq/ERR127/091/ERR12709691/ERR12709691.fastq.gz	ef4c2da2fa8770121a5cf89dc5554a93	1728340
ERX12083679_JLP1F1.R1_ERR12709692.fastq.gz	ERR12709692	ERX12083679	JLP1F1.R1	https://ftp.sra.ebi.ac.uk/vol1/fastq/ERR127/092/ERR12709692/ERR12709692.fastq.gz	4481aad0537cdb533055e73bc77c3301	4426453
ERX12083680_JLP1F1.R3_ERR12709693.fastq.gz	ERR12709693	ERX12083680	JLP1F1.R3	https://ftp.sra.ebi.ac.uk/vol1/fastq/ERR127/093/ERR12709693/ERR12709693.fastq.gz	aac4ec8ea6261343a77673e324234654	946853
ERX12083681_JLP1F1.R4_ERR12709694.fastq.gz	ERR12709694	ERX12083681	JLP1F1.R4	https://ftp.sra.ebi.ac.uk/vol1/fastq/ERR127/094/ERR12709694/ERR12709694.fastq.gz	534f601fd259859e51f5c7ce1b19fa10	1819642
ERX12083682_JLP1P1.L1._ERR12709695.fastq.gz	ERR12709695	ERX12083682	JLP1P1.L1.	https://ftp.sra.ebi.ac.uk/vol1/fastq/ERR127/095/ERR12709695/ERR12709695.fastq.gz	4002eeca9e5e11475e454d4bf5fd2446	7831503
ERX12083683_JLP1P1.L3_ERR12709696.fastq.gz	ERR12709696	ERX12083683	JLP1P1.L3	https://ftp.sra.ebi.ac.uk/vol1/fastq/ERR127/096/ERR12709696/ERR12709696.fastq.gz	3c739bb355682d1695fbb6143096487e	3438997
ERX12083684_JLP1P1.R1._ERR12709697.fastq.gz	ERR12709697	ERX12083684	JLP1P1.R1.	https://ftp.sra.ebi.ac.uk/vol1/fastq/ERR127/097/ERR12709697/ERR12709697.fastq.gz	02c6bb411720b488d09b7c50d0faecc1	11195061
ERX12083685_JLP1P1.R2_ERR12709698.fastq.gz	ERR12709698	ERX12083685	JLP1P1.R2	https://ftp.sra.ebi.ac.uk/vol1/fastq/ERR127/098/ERR12709698/ERR12709698.fastq.gz	696a77d267a346529ae730b609e01e38	6371913
ERX12083686_JLP1P1.R3_ERR12709699.fastq.gz	ERR12709699	ERX12083686	JLP1P1.R3	https://ftp.sra.ebi.ac.uk/vol1/fastq/ERR127/099/ERR12709699/ERR12709699.fastq.gz	b89065f83fccefd04400a86585a4637a	436367
ERX12083687_JLP1P1.R4_ERR12709700.fastq.gz	ERR12709700	ERX12083687	JLP1P1.R4	https://ftp.sra.ebi.ac.uk/vol1/fastq/ERR127/000/ERR12709700/ERR12709700.fastq.gz	9a47121a6ae0b4820274c6fc5c52db6d	5213732
ERX12083688_JLP1S1.L1_ERR12709701.fastq.gz	ERR12709701	ERX12083688	JLP1S1.L1	https://ftp.sra.ebi.ac.uk/vol1/fastq/ERR127/001/ERR12709701/ERR12709701.fastq.gz	ab6c32565b09b151dc5b79befdb784cf	7719011
ERX12083689_JLP1S1.L3_ERR12709702.fastq.gz	ERR12709702	ERX12083689	JLP1S1.L3	https://ftp.sra.ebi.ac.uk/vol1/fastq/ERR127/002/ERR12709702/ERR12709702.fastq.gz	0c937af03aee0623b28c0591c6581b4b	1735977
ERX12083690_JLP1S1.L4_ERR12709703.fastq.gz	ERR12709703	ERX12083690	JLP1S1.L4	https://ftp.sra.ebi.ac.uk/vol1/fastq/ERR127/003/ERR12709703/ERR12709703.fastq.gz	8dfeae3007a0b171b508b29dcaa1596f	497208
ERX12083691_JLP1S1.R1_ERR12709704.fastq.gz	ERR12709704	ERX12083691	JLP1S1.R1	https://ftp.sra.ebi.ac.uk/vol1/fastq/ERR127/004/ERR12709704/ERR12709704.fastq.gz	156e32c996a74d2f14917d229be50c17	2922250
ERX12083692_JLP1S1.R2_ERR12709705.fastq.gz	ERR12709705	ERX12083692	JLP1S1.R2	https://ftp.sra.ebi.ac.uk/vol1/fastq/ERR127/005/ERR12709705/ERR12709705.fastq.gz	36e8b5de786fbd6b6ea5134eea1512fe	5770509
ERX12083693_JLP1S1.R3_ERR12709706.fastq.gz	ERR12709706	ERX12083693	JLP1S1.R3	https://ftp.sra.ebi.ac.uk/vol1/fastq/ERR127/006/ERR12709706/ERR12709706.fastq.gz	9d99ead8f1afcff4287e0d551eef39b6	2629876
ERX12083694_JLP1S1.R4_ERR12709707.fastq.gz	ERR12709707	ERX12083694	JLP1S1.R4	https://ftp.sra.ebi.ac.uk/vol1/fastq/ERR127/007/ERR12709707/ERR12709707.fastq.gz	a96cc3d3fc05ee926508dce416c2394d	21768
ERX12083695_JPM1.F1_ERR12709708.fastq.gz	ERR12709708	ERX12083695	JPM1.F1	https://ftp.sra.ebi.ac.uk/vol1/fastq/ERR127/008/ERR12709708/ERR12709708.fastq.gz	ba354e3dc13cd74c4749282784fa109f	286968
ERX12083696_JPM1.F3_ERR12709709.fastq.gz	ERR12709709	ERX12083696	JPM1.F3	https://ftp.sra.ebi.ac.uk/vol1/fastq/ERR127/009/ERR12709709/ERR12709709.fastq.gz	ed8ba88b54059fe053850444b769ecec	177090
ERX12083697_JPM1.N3_ERR12709710.fastq.gz	ERR12709710	ERX12083697	JPM1.N3	https://ftp.sra.ebi.ac.uk/vol1/fastq/ERR127/010/ERR12709710/ERR12709710.fastq.gz	46629e0465238fab372d1bac1c160d9f	318550
ERX12083698_JPM1A1.L1_ERR12709711.fastq.gz	ERR12709711	ERX12083698	JPM1A1.L1	https://ftp.sra.ebi.ac.uk/vol1/fastq/ERR127/011/ERR12709711/ERR12709711.fastq.gz	51e8afc3a92b0617d041f4d15ff86ccd	925700
ERX12083699_JPM1A1.R2_ERR12709712.fastq.gz	ERR12709712	ERX12083699	JPM1A1.R2	https://ftp.sra.ebi.ac.uk/vol1/fastq/ERR127/012/ERR12709712/ERR12709712.fastq.gz	dad931fb65e131d4478206f68e4ea789	6261251
ERX12083700_JPM1A2.L1_ERR12709713.fastq.gz	ERR12709713	ERX12083700	JPM1A2.L1	https://ftp.sra.ebi.ac.uk/vol1/fastq/ERR127/013/ERR12709713/ERR12709713.fastq.gz	35fcd99879b6604f6e3a7115764c4918	747441
ERX12083701_JPM1A3.L1_ERR12709714.fastq.gz	ERR12709714	ERX12083701	JPM1A3.L1	https://ftp.sra.ebi.ac.uk/vol1/fastq/ERR127/014/ERR12709714/ERR12709714.fastq.gz	54a08293309d3c3dd67f573c8a6e4355	206508
ERX12083702_JPM1A3.R1_ERR12709715.fastq.gz	ERR12709715	ERX12083702	JPM1A3.R1	https://ftp.sra.ebi.ac.uk/vol1/fastq/ERR127/015/ERR12709715/ERR12709715.fastq.gz	24343e1e6d05851cc018c790abc15af0	515399
ERX12083703_JPM1A3.R2_ERR12709716.fastq.gz	ERR12709716	ERX12083703	JPM1A3.R2	https://ftp.sra.ebi.ac.uk/vol1/fastq/ERR127/016/ERR12709716/ERR12709716.fastq.gz	657d3dba593be4127333a181b8bd270e	179038
ERX12083704_JPM1A4.L1_ERR12709717.fastq.gz	ERR12709717	ERX12083704	JPM1A4.L1	https://ftp.sra.ebi.ac.uk/vol1/fastq/ERR127/017/ERR12709717/ERR12709717.fastq.gz	c4d05196c8b9150232711f550c9cde13	512179
ERX12083705_JPM1A5.L2_ERR12709718.fastq.gz	ERR12709718	ERX12083705	JPM1A5.L2	https://ftp.sra.ebi.ac.uk/vol1/fastq/ERR127/018/ERR12709718/ERR12709718.fastq.gz	981f212643638229fe3a269d8829e943	1749668
ERX12083706_JPM1A5.R1_ERR12709719.fastq.gz	ERR12709719	ERX12083706	JPM1A5.R1	https://ftp.sra.ebi.ac.uk/vol1/fastq/ERR127/019/ERR12709719/ERR12709719.fastq.gz	e3c84db36e40929347e810e4dbbfea99	356421
ERX12083707_JPM1A5.R2_ERR12709720.fastq.gz	ERR12709720	ERX12083707	JPM1A5.R2	https://ftp.sra.ebi.ac.uk/vol1/fastq/ERR127/020/ERR12709720/ERR12709720.fastq.gz	52b68b4bae7bbcd4a7a0149d3c1fe942	356557
ERX12083708_JPM1A6.L1_ERR12709721.fastq.gz	ERR12709721	ERX12083708	JPM1A6.L1	https://ftp.sra.ebi.ac.uk/vol1/fastq/ERR127/021/ERR12709721/ERR12709721.fastq.gz	2b296950ce1816ae3cfed8bcfece1674	1231487
ERX12083709_JPM1D2.L1_ERR12709722.fastq.gz	ERR12709722	ERX12083709	JPM1D2.L1	https://ftp.sra.ebi.ac.uk/vol1/fastq/ERR127/022/ERR12709722/ERR12709722.fastq.gz	ca212072897b0ccad4fb3c5b36237db3	740132
ERX12083710_JPM1D2.L2_ERR12709723.fastq.gz	ERR12709723	ERX12083710	JPM1D2.L2	https://ftp.sra.ebi.ac.uk/vol1/fastq/ERR127/023/ERR12709723/ERR12709723.fastq.gz	5f72954ebe6fb9c8a18d54578c62369a	5542702
ERX12083711_JPM1D3.L2_ERR12709724.fastq.gz	ERR12709724	ERX12083711	JPM1D3.L2	https://ftp.sra.ebi.ac.uk/vol1/fastq/ERR127/024/ERR12709724/ERR12709724.fastq.gz	7792cc5535ec23cc5b581b5f46c3ccfa	2778737
ERX12083712_JPM1D3.R2_ERR12709725.fastq.gz	ERR12709725	ERX12083712	JPM1D3.R2	https://ftp.sra.ebi.ac.uk/vol1/fastq/ERR127/025/ERR12709725/ERR12709725.fastq.gz	e2844a25a494385cf4423b44afc6634c	1340311
ERX12083713_JPM1D4.L2_ERR12709726.fastq.gz	ERR12709726	ERX12083713	JPM1D4.L2	https://ftp.sra.ebi.ac.uk/vol1/fastq/ERR127/026/ERR12709726/ERR12709726.fastq.gz	2051a5908170b0c774cde15dd56fa2d1	752565
ERX12083714_JPM1D5.L1_ERR12709727.fastq.gz	ERR12709727	ERX12083714	JPM1D5.L1	https://ftp.sra.ebi.ac.uk/vol1/fastq/ERR127/027/ERR12709727/ERR12709727.fastq.gz	9ddb4cf99bfb71e77aaa1c1342d906a4	475660
ERX12083715_JPM1D5.L2_ERR12709728.fastq.gz	ERR12709728	ERX12083715	JPM1D5.L2	https://ftp.sra.ebi.ac.uk/vol1/fastq/ERR127/028/ERR12709728/ERR12709728.fastq.gz	8365ece17272a1566ff00006b7d03c63	954226
ERX12083716_JPM1D5.R2_ERR12709729.fastq.gz	ERR12709729	ERX12083716	JPM1D5.R2	https://ftp.sra.ebi.ac.uk/vol1/fastq/ERR127/029/ERR12709729/ERR12709729.fastq.gz	24954851c388510bd00a5bc9a9e3efbc	134922
ERX12083717_JPM1D6.L1_ERR12709730.fastq.gz	ERR12709730	ERX12083717	JPM1D6.L1	https://ftp.sra.ebi.ac.uk/vol1/fastq/ERR127/030/ERR12709730/ERR12709730.fastq.gz	2f26d42f882b0e16689a861187ffe6b1	722168
ERX12083718_JPM1D6.L2_ERR12709731.fastq.gz	ERR12709731	ERX12083718	JPM1D6.L2	https://ftp.sra.ebi.ac.uk/vol1/fastq/ERR127/031/ERR12709731/ERR12709731.fastq.gz	6f61ef85cc7515d2e8107dae60a39fd3	393806
ERX12083719_JPM1F1.L2_ERR12709732.fastq.gz	ERR12709732	ERX12083719	JPM1F1.L2	https://ftp.sra.ebi.ac.uk/vol1/fastq/ERR127/032/ERR12709732/ERR12709732.fastq.gz	7205a4291016da94902cc738cf5cb675	209720
ERX12083720_JPM1F1.R2_ERR12709733.fastq.gz	ERR12709733	ERX12083720	JPM1F1.R2	https://ftp.sra.ebi.ac.uk/vol1/fastq/ERR127/033/ERR12709733/ERR12709733.fastq.gz	dc2e65d47fb75f19e5d2888670edf087	1433609
ERX12083721_JPM1F2.L2_ERR12709734.fastq.gz	ERR12709734	ERX12083721	JPM1F2.L2	https://ftp.sra.ebi.ac.uk/vol1/fastq/ERR127/034/ERR12709734/ERR12709734.fastq.gz	9f932eaba72e3150bf6fa3dc010ae0df	51634
ERX12083722_JPM1F2.R1_ERR12709735.fastq.gz	ERR12709735	ERX12083722	JPM1F2.R1	https://ftp.sra.ebi.ac.uk/vol1/fastq/ERR127/035/ERR12709735/ERR12709735.fastq.gz	9f8ee02113d189b033d4267043366e9e	365710
ERX12083723_JPM1F2.R2_ERR12709736.fastq.gz	ERR12709736	ERX12083723	JPM1F2.R2	https://ftp.sra.ebi.ac.uk/vol1/fastq/ERR127/036/ERR12709736/ERR12709736.fastq.gz	c8b2fdbb5009df7397fb7c00f98e5c80	419005
ERX12083724_JPM1F3.L1_ERR12709737.fastq.gz	ERR12709737	ERX12083724	JPM1F3.L1	https://ftp.sra.ebi.ac.uk/vol1/fastq/ERR127/037/ERR12709737/ERR12709737.fastq.gz	3f578f7821f00806df3e8b7941425c12	1229950
ERX12083725_JPM1F3.L2_ERR12709738.fastq.gz	ERR12709738	ERX12083725	JPM1F3.L2	https://ftp.sra.ebi.ac.uk/vol1/fastq/ERR127/038/ERR12709738/ERR12709738.fastq.gz	dfb0c6c3c5fc8838ccb151e55b709608	254140
ERX12083726_JPM1F4.R2_ERR12709739.fastq.gz	ERR12709739	ERX12083726	JPM1F4.R2	https://ftp.sra.ebi.ac.uk/vol1/fastq/ERR127/039/ERR12709739/ERR12709739.fastq.gz	3eac1adf76cb3c48e537cefa08ed1ee5	233611
ERX12083727_JPM1F5.L1_ERR12709740.fastq.gz	ERR12709740	ERX12083727	JPM1F5.L1	https://ftp.sra.ebi.ac.uk/vol1/fastq/ERR127/040/ERR12709740/ERR12709740.fastq.gz	9dd0ac4766bb46d87a396a28b25b2452	2866131
ERX12083728_JPM1F5.L2_ERR12709741.fastq.gz	ERR12709741	ERX12083728	JPM1F5.L2	https://ftp.sra.ebi.ac.uk/vol1/fastq/ERR127/041/ERR12709741/ERR12709741.fastq.gz	b82b9e4363c35bcba242733d0a98cd5a	810788
ERX12083729_JPM1F6.R2_ERR12709742.fastq.gz	ERR12709742	ERX12083729	JPM1F6.R2	https://ftp.sra.ebi.ac.uk/vol1/fastq/ERR127/042/ERR12709742/ERR12709742.fastq.gz	418ebb7dc7e0f378e1729e200963444a	281908
ERX12083730_JPM1O1.L1_ERR12709743.fastq.gz	ERR12709743	ERX12083730	JPM1O1.L1	https://ftp.sra.ebi.ac.uk/vol1/fastq/ERR127/043/ERR12709743/ERR12709743.fastq.gz	efbcee2e7b31c417fa9b8b6f21261a7c	906180
ERX12083731_JPM1O1.R2_ERR12709744.fastq.gz	ERR12709744	ERX12083731	JPM1O1.R2	https://ftp.sra.ebi.ac.uk/vol1/fastq/ERR127/044/ERR12709744/ERR12709744.fastq.gz	13dfba0e68f0e2b86f7b232dc0f3f365	1359252
ERX12083732_JPM1O2.L2_ERR12709745.fastq.gz	ERR12709745	ERX12083732	JPM1O2.L2	https://ftp.sra.ebi.ac.uk/vol1/fastq/ERR127/045/ERR12709745/ERR12709745.fastq.gz	a5ea8956cba89caff9e01ad16b90d7e8	4308443
ERX12083733_JPM1O3.R1_ERR12709746.fastq.gz	ERR12709746	ERX12083733	JPM1O3.R1	https://ftp.sra.ebi.ac.uk/vol1/fastq/ERR127/046/ERR12709746/ERR12709746.fastq.gz	ebbcb238979366e0db710ca5a63f16a7	9004622
ERX12083734_JPM1O3.R2_ERR12709747.fastq.gz	ERR12709747	ERX12083734	JPM1O3.R2	https://ftp.sra.ebi.ac.uk/vol1/fastq/ERR127/047/ERR12709747/ERR12709747.fastq.gz	a9197b6f9ee9e6f358d07835bc8075b3	5250586
ERX12083735_JPM1O4.L2_ERR12709748.fastq.gz	ERR12709748	ERX12083735	JPM1O4.L2	https://ftp.sra.ebi.ac.uk/vol1/fastq/ERR127/048/ERR12709748/ERR12709748.fastq.gz	5906a18cd117affffbf9fd2e428b5098	3201997
ERX12083736_JPM1O5.L1_ERR12709749.fastq.gz	ERR12709749	ERX12083736	JPM1O5.L1	https://ftp.sra.ebi.ac.uk/vol1/fastq/ERR127/049/ERR12709749/ERR12709749.fastq.gz	1104250694cdd0e399d9ab080c51b271	1372017
ERX12083737_JPM1O6.L1_ERR12709750.fastq.gz	ERR12709750	ERX12083737	JPM1O6.L1	https://ftp.sra.ebi.ac.uk/vol1/fastq/ERR127/050/ERR12709750/ERR12709750.fastq.gz	eaa8f6f5bf7fe5c90114c49b0cd4e864	1927669
ERX12083738_JPM1O6.R1_ERR12709751.fastq.gz	ERR12709751	ERX12083738	JPM1O6.R1	https://ftp.sra.ebi.ac.uk/vol1/fastq/ERR127/051/ERR12709751/ERR12709751.fastq.gz	ee1db83621a1d8c57fc5f4fdcdec4588	862117
ERX12083739_KATHARO.P10.1_ERR12709752.fastq.gz	ERR12709752	ERX12083739	KATHARO.P10.1	https://ftp.sra.ebi.ac.uk/vol1/fastq/ERR127/052/ERR12709752/ERR12709752.fastq.gz	b1906152b85dac27ed739f7976889c42	9380460
ERX12083740_KATHARO.P10.2_ERR12709753.fastq.gz	ERR12709753	ERX12083740	KATHARO.P10.2	https://ftp.sra.ebi.ac.uk/vol1/fastq/ERR127/053/ERR12709753/ERR12709753.fastq.gz	5104e8ad3cb6b57b3a8d53315d71c6a8	5806784
ERX12083741_KATHARO.P10.3_ERR12709754.fastq.gz	ERR12709754	ERX12083741	KATHARO.P10.3	https://ftp.sra.ebi.ac.uk/vol1/fastq/ERR127/054/ERR12709754/ERR12709754.fastq.gz	66f59e4d83a2c9c228a8d145c440f8c1	4180368
ERX12083742_KATHARO.P10.4_ERR12709755.fastq.gz	ERR12709755	ERX12083742	KATHARO.P10.4	https://ftp.sra.ebi.ac.uk/vol1/fastq/ERR127/055/ERR12709755/ERR12709755.fastq.gz	e5f404da18ca5650e0a1ff6cee1d0a78	1087367
ERX12083743_KATHARO.P10.5_ERR12709756.fastq.gz	ERR12709756	ERX12083743	KATHARO.P10.5	https://ftp.sra.ebi.ac.uk/vol1/fastq/ERR127/056/ERR12709756/ERR12709756.fastq.gz	12e1cd146e58a9ea8de54445cb323ef1	719588
ERX12083744_KATHARO.P10.6_ERR12709757.fastq.gz	ERR12709757	ERX12083744	KATHARO.P10.6	https://ftp.sra.ebi.ac.uk/vol1/fastq/ERR127/057/ERR12709757/ERR12709757.fastq.gz	c356a68d69c5df03e41ba397c97f2a7b	295348
ERX12083745_KATHARO.P10.7_ERR12709758.fastq.gz	ERR12709758	ERX12083745	KATHARO.P10.7	https://ftp.sra.ebi.ac.uk/vol1/fastq/ERR127/058/ERR12709758/ERR12709758.fastq.gz	98fba37710006300a1de52e1f8928b98	541100
ERX12083746_KATHARO.P10.8_ERR12709759.fastq.gz	ERR12709759	ERX12083746	KATHARO.P10.8	https://ftp.sra.ebi.ac.uk/vol1/fastq/ERR127/059/ERR12709759/ERR12709759.fastq.gz	1e6e8f1a9d06a1eb005ed7885950acde	431835
ERX12083747_KATHARO.P6.1_ERR12709760.fastq.gz	ERR12709760	ERX12083747	KATHARO.P6.1	https://ftp.sra.ebi.ac.uk/vol1/fastq/ERR127/060/ERR12709760/ERR12709760.fastq.gz	bc0797ca2aabe29c21499366b70e7c46	13142952
ERX12083748_KATHARO.P6.2_ERR12709761.fastq.gz	ERR12709761	ERX12083748	KATHARO.P6.2	https://ftp.sra.ebi.ac.uk/vol1/fastq/ERR127/061/ERR12709761/ERR12709761.fastq.gz	b8366e6806fa1cd9db26b7ec28094c5c	4691610
ERX12083749_KATHARO.P6.3_ERR12709762.fastq.gz	ERR12709762	ERX12083749	KATHARO.P6.3	https://ftp.sra.ebi.ac.uk/vol1/fastq/ERR127/062/ERR12709762/ERR12709762.fastq.gz	2a03abcdf5aafea03e8a274af60df7be	2183960
ERX12083750_KATHARO.P6.4_ERR12709763.fastq.gz	ERR12709763	ERX12083750	KATHARO.P6.4	https://ftp.sra.ebi.ac.uk/vol1/fastq/ERR127/063/ERR12709763/ERR12709763.fastq.gz	10c30ada4cc1c584aaf9faf1a88dcca1	857128
ERX12083751_KATHARO.P6.5_ERR12709764.fastq.gz	ERR12709764	ERX12083751	KATHARO.P6.5	https://ftp.sra.ebi.ac.uk/vol1/fastq/ERR127/064/ERR12709764/ERR12709764.fastq.gz	e6491cbeeacd691b7c2264290a445745	308397
ERX12083752_KATHARO.P6.6_ERR12709765.fastq.gz	ERR12709765	ERX12083752	KATHARO.P6.6	https://ftp.sra.ebi.ac.uk/vol1/fastq/ERR127/065/ERR12709765/ERR12709765.fastq.gz	c14cd937aef4e9304f50f51db84348d2	151697
ERX12083753_KATHARO.P6.7_ERR12709766.fastq.gz	ERR12709766	ERX12083753	KATHARO.P6.7	https://ftp.sra.ebi.ac.uk/vol1/fastq/ERR127/066/ERR12709766/ERR12709766.fastq.gz	ea15936445a46b63c610a4d8fb264188	167936
ERX12083754_KATHARO.P6.8_ERR12709767.fastq.gz	ERR12709767	ERX12083754	KATHARO.P6.8	https://ftp.sra.ebi.ac.uk/vol1/fastq/ERR127/067/ERR12709767/ERR12709767.fastq.gz	4424a5ff64a435a4b8f0a8f46f532fb2	115153
ERX12083755_KATHARO.P7.1_ERR12709768.fastq.gz	ERR12709768	ERX12083755	KATHARO.P7.1	https://ftp.sra.ebi.ac.uk/vol1/fastq/ERR127/068/ERR12709768/ERR12709768.fastq.gz	47add87ecdf812f14cc2373f3a24bfae	15838991
ERX12083756_KATHARO.P7.2_ERR12709769.fastq.gz	ERR12709769	ERX12083756	KATHARO.P7.2	https://ftp.sra.ebi.ac.uk/vol1/fastq/ERR127/069/ERR12709769/ERR12709769.fastq.gz	bc7c1af3bc5583931c930847437d06fb	8783578
ERX12083757_KATHARO.P7.3_ERR12709770.fastq.gz	ERR12709770	ERX12083757	KATHARO.P7.3	https://ftp.sra.ebi.ac.uk/vol1/fastq/ERR127/070/ERR12709770/ERR12709770.fastq.gz	476f3df4b3d556d3497e68c47039d1c4	3166363
ERX12083758_KATHARO.P7.4_ERR12709771.fastq.gz	ERR12709771	ERX12083758	KATHARO.P7.4	https://ftp.sra.ebi.ac.uk/vol1/fastq/ERR127/071/ERR12709771/ERR12709771.fastq.gz	2497eeeb7bea4328f35de2f7fd9ffc39	913521
ERX12083759_KATHARO.P7.5_ERR12709772.fastq.gz	ERR12709772	ERX12083759	KATHARO.P7.5	https://ftp.sra.ebi.ac.uk/vol1/fastq/ERR127/072/ERR12709772/ERR12709772.fastq.gz	e39942925085e4f600695a9d091064e0	312779
ERX12083760_KATHARO.P7.6_ERR12709773.fastq.gz	ERR12709773	ERX12083760	KATHARO.P7.6	https://ftp.sra.ebi.ac.uk/vol1/fastq/ERR127/073/ERR12709773/ERR12709773.fastq.gz	66a9d9ef74b4b3ed6b689ba5c97b05f8	293455
ERX12083761_KATHARO.P7.7_ERR12709774.fastq.gz	ERR12709774	ERX12083761	KATHARO.P7.7	https://ftp.sra.ebi.ac.uk/vol1/fastq/ERR127/074/ERR12709774/ERR12709774.fastq.gz	ba1eecfd90f582f678b7aec82b7883db	200465
ERX12083762_KATHARO.P7.8_ERR12709775.fastq.gz	ERR12709775	ERX12083762	KATHARO.P7.8	https://ftp.sra.ebi.ac.uk/vol1/fastq/ERR127/075/ERR12709775/ERR12709775.fastq.gz	71bd86c8e45ee872c9f688aefb7eed67	63953
ERX12083763_KATHARO.P8.1_ERR12709776.fastq.gz	ERR12709776	ERX12083763	KATHARO.P8.1	https://ftp.sra.ebi.ac.uk/vol1/fastq/ERR127/076/ERR12709776/ERR12709776.fastq.gz	fde249dd1c704b03214ae67c765b6f81	20825215
ERX12083764_KATHARO.P8.2_ERR12709777.fastq.gz	ERR12709777	ERX12083764	KATHARO.P8.2	https://ftp.sra.ebi.ac.uk/vol1/fastq/ERR127/077/ERR12709777/ERR12709777.fastq.gz	70f49ea27eaa059e1f9cf2dc71fbede4	8692140
ERX12083765_KATHARO.P8.3_ERR12709778.fastq.gz	ERR12709778	ERX12083765	KATHARO.P8.3	https://ftp.sra.ebi.ac.uk/vol1/fastq/ERR127/078/ERR12709778/ERR12709778.fastq.gz	43186a936844c0f7ea84a3031e9577cb	3464126
ERX12083766_KATHARO.P8.4_ERR12709779.fastq.gz	ERR12709779	ERX12083766	KATHARO.P8.4	https://ftp.sra.ebi.ac.uk/vol1/fastq/ERR127/079/ERR12709779/ERR12709779.fastq.gz	2b8d48a16cd21de54c68c626b5f09e9e	1966714
ERX12083767_KATHARO.P8.5_ERR12709780.fastq.gz	ERR12709780	ERX12083767	KATHARO.P8.5	https://ftp.sra.ebi.ac.uk/vol1/fastq/ERR127/080/ERR12709780/ERR12709780.fastq.gz	3bad851c761febe37c6a7bf583236f34	808931
ERX12083768_KATHARO.P8.6_ERR12709781.fastq.gz	ERR12709781	ERX12083768	KATHARO.P8.6	https://ftp.sra.ebi.ac.uk/vol1/fastq/ERR127/081/ERR12709781/ERR12709781.fastq.gz	656d30f964e3c3cbd36e5c012c79d34e	528249
ERX12083769_KATHARO.P8.7_ERR12709782.fastq.gz	ERR12709782	ERX12083769	KATHARO.P8.7	https://ftp.sra.ebi.ac.uk/vol1/fastq/ERR127/082/ERR12709782/ERR12709782.fastq.gz	0c3e2b4780c7bc5a589cc7941068e153	182372
ERX12083770_KATHARO.P8.8_ERR12709783.fastq.gz	ERR12709783	ERX12083770	KATHARO.P8.8	https://ftp.sra.ebi.ac.uk/vol1/fastq/ERR127/083/ERR12709783/ERR12709783.fastq.gz	a672248999cc2b6df81e5949fb9b2a25	391480
ERX12083771_KATHARO.P9.1_ERR12709784.fastq.gz	ERR12709784	ERX12083771	KATHARO.P9.1	https://ftp.sra.ebi.ac.uk/vol1/fastq/ERR127/084/ERR12709784/ERR12709784.fastq.gz	2703670bd4e04fa671febde1b6025d47	1336379
ERX12083772_KATHARO.P9.2_ERR12709785.fastq.gz	ERR12709785	ERX12083772	KATHARO.P9.2	https://ftp.sra.ebi.ac.uk/vol1/fastq/ERR127/085/ERR12709785/ERR12709785.fastq.gz	857cdb8d2beb6e370a3a45d6e939f7d2	4926232
ERX12083773_KATHARO.P9.3_ERR12709786.fastq.gz	ERR12709786	ERX12083773	KATHARO.P9.3	https://ftp.sra.ebi.ac.uk/vol1/fastq/ERR127/086/ERR12709786/ERR12709786.fastq.gz	3fafcbbbba1445c17e9eb98d1d63e739	2125395
ERX12083774_KATHARO.P9.4_ERR12709787.fastq.gz	ERR12709787	ERX12083774	KATHARO.P9.4	https://ftp.sra.ebi.ac.uk/vol1/fastq/ERR127/087/ERR12709787/ERR12709787.fastq.gz	5d511aec59a9b2a03197bd70e6615663	637448
ERX12083775_KATHARO.P9.5_ERR12709788.fastq.gz	ERR12709788	ERX12083775	KATHARO.P9.5	https://ftp.sra.ebi.ac.uk/vol1/fastq/ERR127/088/ERR12709788/ERR12709788.fastq.gz	8819258ef25c54281883ae0fb3c4d299	293009
ERX12083776_KATHARO.P9.6_ERR12709789.fastq.gz	ERR12709789	ERX12083776	KATHARO.P9.6	https://ftp.sra.ebi.ac.uk/vol1/fastq/ERR127/089/ERR12709789/ERR12709789.fastq.gz	567e6601076f697b3ec1f1a017db0e50	300705
ERX12083777_KATHARO.P9.7_ERR12709790.fastq.gz	ERR12709790	ERX12083777	KATHARO.P9.7	https://ftp.sra.ebi.ac.uk/vol1/fastq/ERR127/090/ERR12709790/ERR12709790.fastq.gz	219618a023ba18483df1c4d2c2388b77	109915
ERX12083778_KATHARO.P9.8_ERR12709791.fastq.gz	ERR12709791	ERX12083778	KATHARO.P9.8	https://ftp.sra.ebi.ac.uk/vol1/fastq/ERR127/091/ERR12709791/ERR12709791.fastq.gz	4c706c59e1e6d11e2cd9e7e338238139	275786
ERX12083779_LAB1.F1_ERR12709792.fastq.gz	ERR12709792	ERX12083779	LAB1.F1	https://ftp.sra.ebi.ac.uk/vol1/fastq/ERR127/092/ERR12709792/ERR12709792.fastq.gz	9766b9d1164e13458651aa1146558ddf	661611
ERX12083780_LAB1.F2_ERR12709793.fastq.gz	ERR12709793	ERX12083780	LAB1.F2	https://ftp.sra.ebi.ac.uk/vol1/fastq/ERR127/093/ERR12709793/ERR12709793.fastq.gz	92f95aa217e4c8daa761e732f0a45c20	71131
ERX12083781_LAB1.F3_ERR12709794.fastq.gz	ERR12709794	ERX12083781	LAB1.F3	https://ftp.sra.ebi.ac.uk/vol1/fastq/ERR127/094/ERR12709794/ERR12709794.fastq.gz	30cfe43e4441f04f8f73d7ec4bfab4cb	380344
ERX12083782_LAB1.N1_ERR12709795.fastq.gz	ERR12709795	ERX12083782	LAB1.N1	https://ftp.sra.ebi.ac.uk/vol1/fastq/ERR127/095/ERR12709795/ERR12709795.fastq.gz	ae4803685553599a0277b47a5e026c2d	642613
ERX12083783_LAB1.N3_ERR12709796.fastq.gz	ERR12709796	ERX12083783	LAB1.N3	https://ftp.sra.ebi.ac.uk/vol1/fastq/ERR127/096/ERR12709796/ERR12709796.fastq.gz	d712a86812e5862917879697f5bfbebd	175351
ERX12083784_LAB1D1.L1_ERR12709797.fastq.gz	ERR12709797	ERX12083784	LAB1D1.L1	https://ftp.sra.ebi.ac.uk/vol1/fastq/ERR127/097/ERR12709797/ERR12709797.fastq.gz	6b96e6d9a9c5dccd19d5cad2f1633ba6	879046
ERX12083785_LAB1D1.R1_ERR12709798.fastq.gz	ERR12709798	ERX12083785	LAB1D1.R1	https://ftp.sra.ebi.ac.uk/vol1/fastq/ERR127/098/ERR12709798/ERR12709798.fastq.gz	1bd5711dd8145a5f45b1f07814d2491c	4469632
ERX12083786_LAB1D1.R2_ERR12709799.fastq.gz	ERR12709799	ERX12083786	LAB1D1.R2	https://ftp.sra.ebi.ac.uk/vol1/fastq/ERR127/099/ERR12709799/ERR12709799.fastq.gz	94607a5a07ed359936a552e7524b3de3	430916
ERX12083787_LAB1D2.L1_ERR12709800.fastq.gz	ERR12709800	ERX12083787	LAB1D2.L1	https://ftp.sra.ebi.ac.uk/vol1/fastq/ERR127/000/ERR12709800/ERR12709800.fastq.gz	c16de1c7a012670858ffcea773d046ea	590631
ERX12083788_LAB1D2.R2_ERR12709801.fastq.gz	ERR12709801	ERX12083788	LAB1D2.R2	https://ftp.sra.ebi.ac.uk/vol1/fastq/ERR127/001/ERR12709801/ERR12709801.fastq.gz	b90748afa310efba6626efd9bfb106ea	850902
ERX12083789_LAB1D3.L2_ERR12709802.fastq.gz	ERR12709802	ERX12083789	LAB1D3.L2	https://ftp.sra.ebi.ac.uk/vol1/fastq/ERR127/002/ERR12709802/ERR12709802.fastq.gz	75c27d46422b5604f7996687bc864410	1041170
ERX12083790_LAB1D3.R1_ERR12709803.fastq.gz	ERR12709803	ERX12083790	LAB1D3.R1	https://ftp.sra.ebi.ac.uk/vol1/fastq/ERR127/003/ERR12709803/ERR12709803.fastq.gz	bea9923f56f10337611c194c408b6be5	2403501
ERX12083791_LAB1D3.R2_ERR12709804.fastq.gz	ERR12709804	ERX12083791	LAB1D3.R2	https://ftp.sra.ebi.ac.uk/vol1/fastq/ERR127/004/ERR12709804/ERR12709804.fastq.gz	7e7d89cfa4220f74a2475356c2d055b8	429064
ERX12083792_LAB1D4.L1_ERR12709805.fastq.gz	ERR12709805	ERX12083792	LAB1D4.L1	https://ftp.sra.ebi.ac.uk/vol1/fastq/ERR127/005/ERR12709805/ERR12709805.fastq.gz	f115fbf0c87c1038d9ccbfb2a042bf10	1952031
ERX12083793_LAB1D4.R1_ERR12709806.fastq.gz	ERR12709806	ERX12083793	LAB1D4.R1	https://ftp.sra.ebi.ac.uk/vol1/fastq/ERR127/006/ERR12709806/ERR12709806.fastq.gz	16e982147c638dea2936e452371245b6	1088435
ERX12083794_LAB1D5.L2_ERR12709807.fastq.gz	ERR12709807	ERX12083794	LAB1D5.L2	https://ftp.sra.ebi.ac.uk/vol1/fastq/ERR127/007/ERR12709807/ERR12709807.fastq.gz	a59dd7d32329f714ebee75cb519084e7	467229
ERX12083795_LAB1D5.R1_ERR12709808.fastq.gz	ERR12709808	ERX12083795	LAB1D5.R1	https://ftp.sra.ebi.ac.uk/vol1/fastq/ERR127/008/ERR12709808/ERR12709808.fastq.gz	938e49c83676cbc3ebaf632221113e71	535711
ERX12083796_LAB1D6.L2._ERR12709809.fastq.gz	ERR12709809	ERX12083796	LAB1D6.L2.	https://ftp.sra.ebi.ac.uk/vol1/fastq/ERR127/009/ERR12709809/ERR12709809.fastq.gz	c1d70dc3a0aa92da123e7398e02c1b89	730031
ERX12083797_LAB1D6.R2_ERR12709810.fastq.gz	ERR12709810	ERX12083797	LAB1D6.R2	https://ftp.sra.ebi.ac.uk/vol1/fastq/ERR127/010/ERR12709810/ERR12709810.fastq.gz	14c2c8f55d28d28fec506e586c9c2a0f	413115
ERX12083798_LAB1O1.L1_ERR12709811.fastq.gz	ERR12709811	ERX12083798	LAB1O1.L1	https://ftp.sra.ebi.ac.uk/vol1/fastq/ERR127/011/ERR12709811/ERR12709811.fastq.gz	63ea7ac561cd4122491cd1211b677069	2773236
ERX12083799_LAB1O1.R2_ERR12709812.fastq.gz	ERR12709812	ERX12083799	LAB1O1.R2	https://ftp.sra.ebi.ac.uk/vol1/fastq/ERR127/012/ERR12709812/ERR12709812.fastq.gz	75c0bd683ea8a2a0230bd1ca106983e4	574862
ERX12083800_LAB1O2.L1_ERR12709813.fastq.gz	ERR12709813	ERX12083800	LAB1O2.L1	https://ftp.sra.ebi.ac.uk/vol1/fastq/ERR127/013/ERR12709813/ERR12709813.fastq.gz	1620c83b5265378213944eb6bd3225b2	1018164
ERX12083801_LAB1O2.R1_ERR12709814.fastq.gz	ERR12709814	ERX12083801	LAB1O2.R1	https://ftp.sra.ebi.ac.uk/vol1/fastq/ERR127/014/ERR12709814/ERR12709814.fastq.gz	0c71beda59a39f46ac9c811992ff8f95	3264003
ERX12083802_LAB1O3.L1_ERR12709815.fastq.gz	ERR12709815	ERX12083802	LAB1O3.L1	https://ftp.sra.ebi.ac.uk/vol1/fastq/ERR127/015/ERR12709815/ERR12709815.fastq.gz	eff00e5b8239d513dabff38163935305	3866331
ERX12083803_LAB1O3.L2_ERR12709816.fastq.gz	ERR12709816	ERX12083803	LAB1O3.L2	https://ftp.sra.ebi.ac.uk/vol1/fastq/ERR127/016/ERR12709816/ERR12709816.fastq.gz	78729b60b9134a22810446b5717e38b2	7119091
ERX12083804_LAB1O3.R1_ERR12709817.fastq.gz	ERR12709817	ERX12083804	LAB1O3.R1	https://ftp.sra.ebi.ac.uk/vol1/fastq/ERR127/017/ERR12709817/ERR12709817.fastq.gz	7d7996ec1cd57cb341d092bac7cf39d3	4219285
ERX12083805_LAB1O4.L1_ERR12709818.fastq.gz	ERR12709818	ERX12083805	LAB1O4.L1	https://ftp.sra.ebi.ac.uk/vol1/fastq/ERR127/018/ERR12709818/ERR12709818.fastq.gz	caf864691c3141b063f54f6c10c89983	399052
ERX12083806_LAB1O4.R1_ERR12709819.fastq.gz	ERR12709819	ERX12083806	LAB1O4.R1	https://ftp.sra.ebi.ac.uk/vol1/fastq/ERR127/019/ERR12709819/ERR12709819.fastq.gz	90c4e610c5d5b2b7958fa26b97401783	1319250
ERX12083807_LAB1O5.L1_ERR12709820.fastq.gz	ERR12709820	ERX12083807	LAB1O5.L1	https://ftp.sra.ebi.ac.uk/vol1/fastq/ERR127/020/ERR12709820/ERR12709820.fastq.gz	638348c6c9268718070f28efe8bf8385	2001313
ERX12083808_LAB1O5.R1_ERR12709821.fastq.gz	ERR12709821	ERX12083808	LAB1O5.R1	https://ftp.sra.ebi.ac.uk/vol1/fastq/ERR127/021/ERR12709821/ERR12709821.fastq.gz	78d675fb2246b6058f1ed65c3ea593d0	3373086
ERX12083809_LAB1O5.R2_ERR12709822.fastq.gz	ERR12709822	ERX12083809	LAB1O5.R2	https://ftp.sra.ebi.ac.uk/vol1/fastq/ERR127/022/ERR12709822/ERR12709822.fastq.gz	832cc73cf733351ac3e9358d569bc716	2314140
ERX12083810_LAB1O6.L1_ERR12709823.fastq.gz	ERR12709823	ERX12083810	LAB1O6.L1	https://ftp.sra.ebi.ac.uk/vol1/fastq/ERR127/023/ERR12709823/ERR12709823.fastq.gz	57ec6a54b453bf7dd5cb87ef9f6e6ea3	4869305
ERX12083811_LAB1O6.L2_ERR12709824.fastq.gz	ERR12709824	ERX12083811	LAB1O6.L2	https://ftp.sra.ebi.ac.uk/vol1/fastq/ERR127/024/ERR12709824/ERR12709824.fastq.gz	716b39d6db65bd39bbf66518087d57a3	5334442
ERX12083812_LAB1O6.R1._ERR12709825.fastq.gz	ERR12709825	ERX12083812	LAB1O6.R1.	https://ftp.sra.ebi.ac.uk/vol1/fastq/ERR127/025/ERR12709825/ERR12709825.fastq.gz	6405fca880a0ba9230e9b145c951f1b4	5860
ERX12083813_LAB1P1.L1_ERR12709826.fastq.gz	ERR12709826	ERX12083813	LAB1P1.L1	https://ftp.sra.ebi.ac.uk/vol1/fastq/ERR127/026/ERR12709826/ERR12709826.fastq.gz	fdfd1d6c3385f2d3442627a60229971c	1215102
ERX12083814_LAB1P1.R2_ERR12709827.fastq.gz	ERR12709827	ERX12083814	LAB1P1.R2	https://ftp.sra.ebi.ac.uk/vol1/fastq/ERR127/027/ERR12709827/ERR12709827.fastq.gz	3e89cb4b384d9079cd8ef235773255e1	1588233
ERX12083815_LAB1P2.L1_ERR12709828.fastq.gz	ERR12709828	ERX12083815	LAB1P2.L1	https://ftp.sra.ebi.ac.uk/vol1/fastq/ERR127/028/ERR12709828/ERR12709828.fastq.gz	c1a353cf98719abe46e996289f7aaf4e	2057702
ERX12083816_LAB1P2.R1_ERR12709829.fastq.gz	ERR12709829	ERX12083816	LAB1P2.R1	https://ftp.sra.ebi.ac.uk/vol1/fastq/ERR127/029/ERR12709829/ERR12709829.fastq.gz	93566dfe728f8cbcb6deddd0e074ad5d	185251
ERX12083817_LAB1P2.R2_ERR12709830.fastq.gz	ERR12709830	ERX12083817	LAB1P2.R2	https://ftp.sra.ebi.ac.uk/vol1/fastq/ERR127/030/ERR12709830/ERR12709830.fastq.gz	aec005873a9705dd7c3bbe7e1ca7451d	1325235
ERX12083818_LAB1P3.L1_rep2_ERR12709831.fastq.gz	ERR12709831	ERX12083818	LAB1P3.L1_rep2	https://ftp.sra.ebi.ac.uk/vol1/fastq/ERR127/031/ERR12709831/ERR12709831.fastq.gz	014b2b0dc696636fc607763c464e6634	387294
ERX12083819_LAB1P4.L2_ERR12709832.fastq.gz	ERR12709832	ERX12083819	LAB1P4.L2	https://ftp.sra.ebi.ac.uk/vol1/fastq/ERR127/032/ERR12709832/ERR12709832.fastq.gz	d2c3ecf33def93779a0c172d8a890303	279850
ERX12083820_LAB1P4.R1_ERR12709833.fastq.gz	ERR12709833	ERX12083820	LAB1P4.R1	https://ftp.sra.ebi.ac.uk/vol1/fastq/ERR127/033/ERR12709833/ERR12709833.fastq.gz	f82cf2f14d7f350bf503863daa4f7ba7	2426023
ERX12083821_LAB1P4.R2_ERR12709834.fastq.gz	ERR12709834	ERX12083821	LAB1P4.R2	https://ftp.sra.ebi.ac.uk/vol1/fastq/ERR127/034/ERR12709834/ERR12709834.fastq.gz	5fd553de99a555a50c60d0b45021568f	542966
ERX12083822_LAB1P5.L1_ERR12709835.fastq.gz	ERR12709835	ERX12083822	LAB1P5.L1	https://ftp.sra.ebi.ac.uk/vol1/fastq/ERR127/035/ERR12709835/ERR12709835.fastq.gz	1a4ab0a8fabe786281938e64dfb58a7c	2567535
ERX12083823_LAB1P5.L2_ERR12709836.fastq.gz	ERR12709836	ERX12083823	LAB1P5.L2	https://ftp.sra.ebi.ac.uk/vol1/fastq/ERR127/036/ERR12709836/ERR12709836.fastq.gz	cc75a5667747897b6df41d769727e666	263708
ERX12083824_LAB1P5.R1_ERR12709837.fastq.gz	ERR12709837	ERX12083824	LAB1P5.R1	https://ftp.sra.ebi.ac.uk/vol1/fastq/ERR127/037/ERR12709837/ERR12709837.fastq.gz	788d8a2b557942a0023eae2df88f23d7	881860
ERX12083825_LAB1P5.R2_ERR12709838.fastq.gz	ERR12709838	ERX12083825	LAB1P5.R2	https://ftp.sra.ebi.ac.uk/vol1/fastq/ERR127/038/ERR12709838/ERR12709838.fastq.gz	4c8cfc176798d0c2492a60fbbd2ecaee	854287
ERX12083826_LAB1S1.L1_ERR12709839.fastq.gz	ERR12709839	ERX12083826	LAB1S1.L1	https://ftp.sra.ebi.ac.uk/vol1/fastq/ERR127/039/ERR12709839/ERR12709839.fastq.gz	59a4b682ef8831afdc4e03fc7f0131a5	2359069
ERX12083827_LAB1S1.R1_ERR12709840.fastq.gz	ERR12709840	ERX12083827	LAB1S1.R1	https://ftp.sra.ebi.ac.uk/vol1/fastq/ERR127/040/ERR12709840/ERR12709840.fastq.gz	b2032938fc33780b085e2ffc0e013457	2485188
ERX12083828_LAB1S2.L2_ERR12709841.fastq.gz	ERR12709841	ERX12083828	LAB1S2.L2	https://ftp.sra.ebi.ac.uk/vol1/fastq/ERR127/041/ERR12709841/ERR12709841.fastq.gz	c18baeb6e6e00728523f682ff9e31330	3994926
ERX12083829_LAB1S3.L1_ERR12709842.fastq.gz	ERR12709842	ERX12083829	LAB1S3.L1	https://ftp.sra.ebi.ac.uk/vol1/fastq/ERR127/042/ERR12709842/ERR12709842.fastq.gz	a8781baf7baa05cfa766f2d6ca683c08	1702488
ERX12083830_LAB1S4.L1_ERR12709843.fastq.gz	ERR12709843	ERX12083830	LAB1S4.L1	https://ftp.sra.ebi.ac.uk/vol1/fastq/ERR127/043/ERR12709843/ERR12709843.fastq.gz	0518724b413ba454ccc81748e0a521ea	1599749
ERX12083831_LAB1S5.L2_ERR12709844.fastq.gz	ERR12709844	ERX12083831	LAB1S5.L2	https://ftp.sra.ebi.ac.uk/vol1/fastq/ERR127/044/ERR12709844/ERR12709844.fastq.gz	11b0a8135a0dd16fd5d0994f688a47ca	610115
ERX12083832_LAB1S5.R1_ERR12709845.fastq.gz	ERR12709845	ERX12083832	LAB1S5.R1	https://ftp.sra.ebi.ac.uk/vol1/fastq/ERR127/045/ERR12709845/ERR12709845.fastq.gz	2da40ddd1e8e72605db5a359f6eed154	1685301
ERX12083833_LAB1S6.L2._ERR12709846.fastq.gz	ERR12709846	ERX12083833	LAB1S6.L2.	https://ftp.sra.ebi.ac.uk/vol1/fastq/ERR127/046/ERR12709846/ERR12709846.fastq.gz	05c59b1bd7c03c15d59f1ef4b996d9d3	4457116
ERX12083834_LAB1S6.R2_ERR12709847.fastq.gz	ERR12709847	ERX12083834	LAB1S6.R2	https://ftp.sra.ebi.ac.uk/vol1/fastq/ERR127/047/ERR12709847/ERR12709847.fastq.gz	e23ea176dc6b540e1d04a828bfe45073	1262202
ERX12083835_NOD1.F2_ERR12709848.fastq.gz	ERR12709848	ERX12083835	NOD1.F2	https://ftp.sra.ebi.ac.uk/vol1/fastq/ERR127/048/ERR12709848/ERR12709848.fastq.gz	c26fb61df049dbadd66e2716aa4af874	250881
ERX12083836_NOD1.F4_ERR12709849.fastq.gz	ERR12709849	ERX12083836	NOD1.F4	https://ftp.sra.ebi.ac.uk/vol1/fastq/ERR127/049/ERR12709849/ERR12709849.fastq.gz	4f09e33e2591f0461ba51977ed1b11e9	602628
ERX12083837_NOD1.N3_ERR12709850.fastq.gz	ERR12709850	ERX12083837	NOD1.N3	https://ftp.sra.ebi.ac.uk/vol1/fastq/ERR127/050/ERR12709850/ERR12709850.fastq.gz	01e8be939ad310b1d4aea57218f5e8a8	215553
ERX12083838_NOD1D4.L1_ERR12709851.fastq.gz	ERR12709851	ERX12083838	NOD1D4.L1	https://ftp.sra.ebi.ac.uk/vol1/fastq/ERR127/051/ERR12709851/ERR12709851.fastq.gz	d4bbcec1184a1717094f94cbca3eaf6a	3021886
ERX12083839_NOD1D4.L8_ERR12709852.fastq.gz	ERR12709852	ERX12083839	NOD1D4.L8	https://ftp.sra.ebi.ac.uk/vol1/fastq/ERR127/052/ERR12709852/ERR12709852.fastq.gz	9dd92dc1d6a8f94e7f18b2cb79b2c883	1359163
ERX12083840_NOD1D4.L9_ERR12709853.fastq.gz	ERR12709853	ERX12083840	NOD1D4.L9	https://ftp.sra.ebi.ac.uk/vol1/fastq/ERR127/053/ERR12709853/ERR12709853.fastq.gz	ac58e8311a8f45ad549ee2507f33927e	438133
ERX12083841_NOD1D4.R1_ERR12709854.fastq.gz	ERR12709854	ERX12083841	NOD1D4.R1	https://ftp.sra.ebi.ac.uk/vol1/fastq/ERR127/054/ERR12709854/ERR12709854.fastq.gz	99aa977b25001b6c88f92d704ce0dd86	434752
ERX12083842_NOD1D4.R2_ERR12709855.fastq.gz	ERR12709855	ERX12083842	NOD1D4.R2	https://ftp.sra.ebi.ac.uk/vol1/fastq/ERR127/055/ERR12709855/ERR12709855.fastq.gz	72ef03b0dd434a69f2a92636c69d3a25	593055
ERX12083843_NOD1D4.R3_ERR12709856.fastq.gz	ERR12709856	ERX12083843	NOD1D4.R3	https://ftp.sra.ebi.ac.uk/vol1/fastq/ERR127/056/ERR12709856/ERR12709856.fastq.gz	d2e11fc1166ca495bfe72ae7585ddf69	612458
ERX12083844_NOD1D4.R4_ERR12709857.fastq.gz	ERR12709857	ERX12083844	NOD1D4.R4	https://ftp.sra.ebi.ac.uk/vol1/fastq/ERR127/057/ERR12709857/ERR12709857.fastq.gz	33448f436b73a05161b40e50cc312664	1470690
ERX12083845_NOD1D4.R6_ERR12709858.fastq.gz	ERR12709858	ERX12083845	NOD1D4.R6	https://ftp.sra.ebi.ac.uk/vol1/fastq/ERR127/058/ERR12709858/ERR12709858.fastq.gz	c6f0f4af4663ae2d0e9857c4a26acefa	317466
ERX12083846_NOD1D4.R8_ERR12709859.fastq.gz	ERR12709859	ERX12083846	NOD1D4.R8	https://ftp.sra.ebi.ac.uk/vol1/fastq/ERR127/059/ERR12709859/ERR12709859.fastq.gz	a774fc4ff9b2349914df099e189be905	1590542
ERX12083847_NOD1O4.L1_ERR12709860.fastq.gz	ERR12709860	ERX12083847	NOD1O4.L1	https://ftp.sra.ebi.ac.uk/vol1/fastq/ERR127/060/ERR12709860/ERR12709860.fastq.gz	227e240eed1db1b07e622b9f60906ee6	5252448
ERX12083848_NOD1O4.L3_ERR12709861.fastq.gz	ERR12709861	ERX12083848	NOD1O4.L3	https://ftp.sra.ebi.ac.uk/vol1/fastq/ERR127/061/ERR12709861/ERR12709861.fastq.gz	a528e3843cb4a64255960b84406df27a	8062790
ERX12083849_NOD1O4.L6_ERR12709862.fastq.gz	ERR12709862	ERX12083849	NOD1O4.L6	https://ftp.sra.ebi.ac.uk/vol1/fastq/ERR127/062/ERR12709862/ERR12709862.fastq.gz	9525fb4faef9b30f0e4d3eb901702b00	4650910
ERX12083850_NOD1O4.R2_ERR12709863.fastq.gz	ERR12709863	ERX12083850	NOD1O4.R2	https://ftp.sra.ebi.ac.uk/vol1/fastq/ERR127/063/ERR12709863/ERR12709863.fastq.gz	70c2e08e2c3d52a72c175a1dbbd635ee	7537015
ERX12083851_NOD1O4.R3_ERR12709864.fastq.gz	ERR12709864	ERX12083851	NOD1O4.R3	https://ftp.sra.ebi.ac.uk/vol1/fastq/ERR127/064/ERR12709864/ERR12709864.fastq.gz	f50bbf5a6aa7d4f5eb71d70dcf8886cd	1972547
ERX12083852_NOD1O4.R4_ERR12709865.fastq.gz	ERR12709865	ERX12083852	NOD1O4.R4	https://ftp.sra.ebi.ac.uk/vol1/fastq/ERR127/065/ERR12709865/ERR12709865.fastq.gz	2b6f88baca260a93f967a7822450fa8b	2683935
ERX12083853_NOD1O4.R5_ERR12709866.fastq.gz	ERR12709866	ERX12083853	NOD1O4.R5	https://ftp.sra.ebi.ac.uk/vol1/fastq/ERR127/066/ERR12709866/ERR12709866.fastq.gz	87b50d4bd74667fe30a9938e159e3a17	6656138
ERX12083854_NOD1O4.R6_ERR12709867.fastq.gz	ERR12709867	ERX12083854	NOD1O4.R6	https://ftp.sra.ebi.ac.uk/vol1/fastq/ERR127/067/ERR12709867/ERR12709867.fastq.gz	b8cf0b3d736ffb70ccf082a7ab13835e	6846805
ERX12083855_NOD1O4.R7_ERR12709868.fastq.gz	ERR12709868	ERX12083855	NOD1O4.R7	https://ftp.sra.ebi.ac.uk/vol1/fastq/ERR127/068/ERR12709868/ERR12709868.fastq.gz	2c67183c3bdd4369e0af9bce8c74efc3	2673023
ERX12083856_NOD1O4.R8_ERR12709869.fastq.gz	ERR12709869	ERX12083856	NOD1O4.R8	https://ftp.sra.ebi.ac.uk/vol1/fastq/ERR127/069/ERR12709869/ERR12709869.fastq.gz	11a7e13e3847afe3f8d44fa7c075f321	5337753
ERX12083857_NOD1O4.R9_ERR12709870.fastq.gz	ERR12709870	ERX12083857	NOD1O4.R9	https://ftp.sra.ebi.ac.uk/vol1/fastq/ERR127/070/ERR12709870/ERR12709870.fastq.gz	f6771385d88f34be12d622f894750287	4399803
ERX12083858_NOD1P2.L2_ERR12709871.fastq.gz	ERR12709871	ERX12083858	NOD1P2.L2	https://ftp.sra.ebi.ac.uk/vol1/fastq/ERR127/071/ERR12709871/ERR12709871.fastq.gz	6f1eb773d2fb89c5f92030f052ce924e	12311524
ERX12083859_NOD1P2.L6_ERR12709872.fastq.gz	ERR12709872	ERX12083859	NOD1P2.L6	https://ftp.sra.ebi.ac.uk/vol1/fastq/ERR127/072/ERR12709872/ERR12709872.fastq.gz	98a044f5220d60639ddc0b92580fcd3c	1083285
ERX12083860_NOD1P2.L9_ERR12709873.fastq.gz	ERR12709873	ERX12083860	NOD1P2.L9	https://ftp.sra.ebi.ac.uk/vol1/fastq/ERR127/073/ERR12709873/ERR12709873.fastq.gz	b4e44d613748a14cb11164d24c8b1859	508533
ERX12083861_NOD1P2.R10_ERR12709874.fastq.gz	ERR12709874	ERX12083861	NOD1P2.R10	https://ftp.sra.ebi.ac.uk/vol1/fastq/ERR127/074/ERR12709874/ERR12709874.fastq.gz	906d8d314430d916790f426623376052	382174
ERX12083862_NOD1P2.R2_ERR12709875.fastq.gz	ERR12709875	ERX12083862	NOD1P2.R2	https://ftp.sra.ebi.ac.uk/vol1/fastq/ERR127/075/ERR12709875/ERR12709875.fastq.gz	d45f9a9b6b2e20bbc0a321e86cbe9093	7823154
ERX12083863_NOD1P2.R7_ERR12709876.fastq.gz	ERR12709876	ERX12083863	NOD1P2.R7	https://ftp.sra.ebi.ac.uk/vol1/fastq/ERR127/076/ERR12709876/ERR12709876.fastq.gz	c33a04d937b4fbe2c6183ed4b3eaae5f	845298
ERX12083864_NOD1P2.R8_ERR12709877.fastq.gz	ERR12709877	ERX12083864	NOD1P2.R8	https://ftp.sra.ebi.ac.uk/vol1/fastq/ERR127/077/ERR12709877/ERR12709877.fastq.gz	a908c412d0742923041024dc13c2eeb2	1131527
ERX12083865_NOD1P4.L10_ERR12709878.fastq.gz	ERR12709878	ERX12083865	NOD1P4.L10	https://ftp.sra.ebi.ac.uk/vol1/fastq/ERR127/078/ERR12709878/ERR12709878.fastq.gz	64a3438b1f03291d4b334f344bd0b4ab	1090554
ERX12083866_NOD1P4.L2_ERR12709879.fastq.gz	ERR12709879	ERX12083866	NOD1P4.L2	https://ftp.sra.ebi.ac.uk/vol1/fastq/ERR127/079/ERR12709879/ERR12709879.fastq.gz	f63e33bf7dd9a57ce169dd79bb6fbf9d	4899277
ERX12083867_NOD1P4.L3_ERR12709880.fastq.gz	ERR12709880	ERX12083867	NOD1P4.L3	https://ftp.sra.ebi.ac.uk/vol1/fastq/ERR127/080/ERR12709880/ERR12709880.fastq.gz	f87ec7850d098d6ed63c23fa24ae456f	1562816
ERX12083868_NOD1P4.R10_ERR12709881.fastq.gz	ERR12709881	ERX12083868	NOD1P4.R10	https://ftp.sra.ebi.ac.uk/vol1/fastq/ERR127/081/ERR12709881/ERR12709881.fastq.gz	19d038548823d8330471875e92728a7d	16149710
ERX12083869_NOD1P4.R4_ERR12709882.fastq.gz	ERR12709882	ERX12083869	NOD1P4.R4	https://ftp.sra.ebi.ac.uk/vol1/fastq/ERR127/082/ERR12709882/ERR12709882.fastq.gz	c7a79781b9e0e036e72b957bc3100cb8	5103988
ERX12083870_NOD1P4.R5_ERR12709883.fastq.gz	ERR12709883	ERX12083870	NOD1P4.R5	https://ftp.sra.ebi.ac.uk/vol1/fastq/ERR127/083/ERR12709883/ERR12709883.fastq.gz	867b36fbb67345a5e9dd7645d5b06ec7	4698275
ERX12083871_NOD1P4.R7_ERR12709884.fastq.gz	ERR12709884	ERX12083871	NOD1P4.R7	https://ftp.sra.ebi.ac.uk/vol1/fastq/ERR127/084/ERR12709884/ERR12709884.fastq.gz	9580863f47e63db74a5de1df5e987545	3570424
ERX12083872_NOD1P4.R8_ERR12709885.fastq.gz	ERR12709885	ERX12083872	NOD1P4.R8	https://ftp.sra.ebi.ac.uk/vol1/fastq/ERR127/085/ERR12709885/ERR12709885.fastq.gz	44ab4bf89b2e2f9b369dab4dc0857d12	928638
ERX12083873_NOD1S2.L4_ERR12709886.fastq.gz	ERR12709886	ERX12083873	NOD1S2.L4	https://ftp.sra.ebi.ac.uk/vol1/fastq/ERR127/086/ERR12709886/ERR12709886.fastq.gz	d9f5a6ba82efa877f6a231a0532472b1	349674
ERX12083874_NOD1S2.L7_ERR12709887.fastq.gz	ERR12709887	ERX12083874	NOD1S2.L7	https://ftp.sra.ebi.ac.uk/vol1/fastq/ERR127/087/ERR12709887/ERR12709887.fastq.gz	3d022383bbc2f90a3d4d1bccedd94025	9800569
ERX12083875_NOD1S2.L8_ERR12709888.fastq.gz	ERR12709888	ERX12083875	NOD1S2.L8	https://ftp.sra.ebi.ac.uk/vol1/fastq/ERR127/088/ERR12709888/ERR12709888.fastq.gz	9e5b21a4b9f331756203c9a4f6ed7f64	609829
ERX12083876_NOD1S2.R1_ERR12709889.fastq.gz	ERR12709889	ERX12083876	NOD1S2.R1	https://ftp.sra.ebi.ac.uk/vol1/fastq/ERR127/089/ERR12709889/ERR12709889.fastq.gz	f3b7616cd3b97edacba96996e574607c	844683
ERX12083877_NOD1S2.R2_ERR12709890.fastq.gz	ERR12709890	ERX12083877	NOD1S2.R2	https://ftp.sra.ebi.ac.uk/vol1/fastq/ERR127/090/ERR12709890/ERR12709890.fastq.gz	9d047d51cd6c844a2c2a104d2c81ab0e	3396294
ERX12083878_NOD1S2.R3_ERR12709891.fastq.gz	ERR12709891	ERX12083878	NOD1S2.R3	https://ftp.sra.ebi.ac.uk/vol1/fastq/ERR127/091/ERR12709891/ERR12709891.fastq.gz	b609ec96b0c873568e868577c24ba9a6	5612442
ERX12083879_NOD1S2.R4_ERR12709892.fastq.gz	ERR12709892	ERX12083879	NOD1S2.R4	https://ftp.sra.ebi.ac.uk/vol1/fastq/ERR127/092/ERR12709892/ERR12709892.fastq.gz	8254bfdc52d944c7c3d8b07c738052b0	3025067
ERX12083880_NOD1S2.R5_ERR12709893.fastq.gz	ERR12709893	ERX12083880	NOD1S2.R5	https://ftp.sra.ebi.ac.uk/vol1/fastq/ERR127/093/ERR12709893/ERR12709893.fastq.gz	aad40c23be7f072a080bbea1ceb4b62f	3487413
ERX12083881_NOD1S2.R6_ERR12709894.fastq.gz	ERR12709894	ERX12083881	NOD1S2.R6	https://ftp.sra.ebi.ac.uk/vol1/fastq/ERR127/094/ERR12709894/ERR12709894.fastq.gz	41a58ffc205255fcd0b6adcea02a8ba2	2065976
ERX12083882_NOD1S2.R7_ERR12709895.fastq.gz	ERR12709895	ERX12083882	NOD1S2.R7	https://ftp.sra.ebi.ac.uk/vol1/fastq/ERR127/095/ERR12709895/ERR12709895.fastq.gz	3c03f66e93ddeed4faa89b9a8f8d5862	1849115
ERX12083883_NOD1S4.L6_ERR12709896.fastq.gz	ERR12709896	ERX12083883	NOD1S4.L6	https://ftp.sra.ebi.ac.uk/vol1/fastq/ERR127/096/ERR12709896/ERR12709896.fastq.gz	278a894846e5c966204e555202480e32	6764511
ERX12083884_NOD1S4.L8_ERR12709897.fastq.gz	ERR12709897	ERX12083884	NOD1S4.L8	https://ftp.sra.ebi.ac.uk/vol1/fastq/ERR127/097/ERR12709897/ERR12709897.fastq.gz	60de51e79e17c48593ed7a7a403f965c	2755827
ERX12083885_NOD1S4.R2_ERR12709898.fastq.gz	ERR12709898	ERX12083885	NOD1S4.R2	https://ftp.sra.ebi.ac.uk/vol1/fastq/ERR127/098/ERR12709898/ERR12709898.fastq.gz	bc5b1a8f98c56ff12c253e8b522d2c55	11662821
ERX12083886_NOD1S4.R4_ERR12709899.fastq.gz	ERR12709899	ERX12083886	NOD1S4.R4	https://ftp.sra.ebi.ac.uk/vol1/fastq/ERR127/099/ERR12709899/ERR12709899.fastq.gz	445df32adae5815bd11bdc99db6ab18c	3136206
ERX12083887_NOD1S4.R6_ERR12709900.fastq.gz	ERR12709900	ERX12083887	NOD1S4.R6	https://ftp.sra.ebi.ac.uk/vol1/fastq/ERR127/000/ERR12709900/ERR12709900.fastq.gz	facba243e3ac9bdde3b6647490bd69f6	4238691
ERX12083888_NOD2.F3_ERR12709901.fastq.gz	ERR12709901	ERX12083888	NOD2.F3	https://ftp.sra.ebi.ac.uk/vol1/fastq/ERR127/001/ERR12709901/ERR12709901.fastq.gz	fd33b41f2b4907dd444ec42d818db924	448209
ERX12083889_NOD2.N1_ERR12709902.fastq.gz	ERR12709902	ERX12083889	NOD2.N1	https://ftp.sra.ebi.ac.uk/vol1/fastq/ERR127/002/ERR12709902/ERR12709902.fastq.gz	8b8753ab191878120a1fbef3ccc0a154	188711
ERX12083890_NOD2.N2_ERR12709903.fastq.gz	ERR12709903	ERX12083890	NOD2.N2	https://ftp.sra.ebi.ac.uk/vol1/fastq/ERR127/003/ERR12709903/ERR12709903.fastq.gz	3ad39333173989ffb202c545a2246111	266569
ERX12083891_NOD2.N5_ERR12709904.fastq.gz	ERR12709904	ERX12083891	NOD2.N5	https://ftp.sra.ebi.ac.uk/vol1/fastq/ERR127/004/ERR12709904/ERR12709904.fastq.gz	eca5c082fbf64634102a369fffa9d634	310567
ERX12083892_NOD2D2.L3_ERR12709905.fastq.gz	ERR12709905	ERX12083892	NOD2D2.L3	https://ftp.sra.ebi.ac.uk/vol1/fastq/ERR127/005/ERR12709905/ERR12709905.fastq.gz	0c2144998ad409ce2c16d8739ed09c0e	3600192
ERX12083893_NOD2D2.L5_ERR12709906.fastq.gz	ERR12709906	ERX12083893	NOD2D2.L5	https://ftp.sra.ebi.ac.uk/vol1/fastq/ERR127/006/ERR12709906/ERR12709906.fastq.gz	9e594a1008c294455d9166c830897a33	7331335
ERX12083894_NOD2D2.L6_ERR12709907.fastq.gz	ERR12709907	ERX12083894	NOD2D2.L6	https://ftp.sra.ebi.ac.uk/vol1/fastq/ERR127/007/ERR12709907/ERR12709907.fastq.gz	6d0f425e0ba25b4e89feffbd8ff059a1	1726887
ERX12083895_NOD2D2.R2_ERR12709908.fastq.gz	ERR12709908	ERX12083895	NOD2D2.R2	https://ftp.sra.ebi.ac.uk/vol1/fastq/ERR127/008/ERR12709908/ERR12709908.fastq.gz	bb672667ed8faee7102b0c81a0f6c127	1823815
ERX12083896_NOD2D2.R4_ERR12709909.fastq.gz	ERR12709909	ERX12083896	NOD2D2.R4	https://ftp.sra.ebi.ac.uk/vol1/fastq/ERR127/009/ERR12709909/ERR12709909.fastq.gz	390978c44e5426e7fdd6647a6cd86a82	2775519
ERX12083897_NOD2D4.L2_ERR12709910.fastq.gz	ERR12709910	ERX12083897	NOD2D4.L2	https://ftp.sra.ebi.ac.uk/vol1/fastq/ERR127/010/ERR12709910/ERR12709910.fastq.gz	f2a0fbb200c5bc34bc46d6e1790e736f	533470
ERX12083898_NOD2D4.L4_ERR12709911.fastq.gz	ERR12709911	ERX12083898	NOD2D4.L4	https://ftp.sra.ebi.ac.uk/vol1/fastq/ERR127/011/ERR12709911/ERR12709911.fastq.gz	c588fd78ee5668ba13fc7156d645f653	808461
ERX12083899_NOD2D4.L6_ERR12709912.fastq.gz	ERR12709912	ERX12083899	NOD2D4.L6	https://ftp.sra.ebi.ac.uk/vol1/fastq/ERR127/012/ERR12709912/ERR12709912.fastq.gz	8262c347d2631ba1348c7681d8d38d09	535983
ERX12083900_NOD2D4.R1_ERR12709913.fastq.gz	ERR12709913	ERX12083900	NOD2D4.R1	https://ftp.sra.ebi.ac.uk/vol1/fastq/ERR127/013/ERR12709913/ERR12709913.fastq.gz	d72ba75f2f3deddb5f27de8898b9dc68	443234
ERX12083901_NOD2D4.R2_ERR12709914.fastq.gz	ERR12709914	ERX12083901	NOD2D4.R2	https://ftp.sra.ebi.ac.uk/vol1/fastq/ERR127/014/ERR12709914/ERR12709914.fastq.gz	952be07d594c9ce1bad648ba9a8f10a5	832690
ERX12083902_NOD2D4.R3_ERR12709915.fastq.gz	ERR12709915	ERX12083902	NOD2D4.R3	https://ftp.sra.ebi.ac.uk/vol1/fastq/ERR127/015/ERR12709915/ERR12709915.fastq.gz	4e651ef079a67122676cf98f9e6af6e3	342383
ERX12083903_NOD2D4.R6_ERR12709916.fastq.gz	ERR12709916	ERX12083903	NOD2D4.R6	https://ftp.sra.ebi.ac.uk/vol1/fastq/ERR127/016/ERR12709916/ERR12709916.fastq.gz	701adabb6fffd03dcfc3ed454557fd49	934224
ERX12083904_NOD2O2.L1_ERR12709917.fastq.gz	ERR12709917	ERX12083904	NOD2O2.L1	https://ftp.sra.ebi.ac.uk/vol1/fastq/ERR127/017/ERR12709917/ERR12709917.fastq.gz	9c726a0317939ba0866b177ae97d5dcf	650342
ERX12083905_NOD2O2.L4_ERR12709918.fastq.gz	ERR12709918	ERX12083905	NOD2O2.L4	https://ftp.sra.ebi.ac.uk/vol1/fastq/ERR127/018/ERR12709918/ERR12709918.fastq.gz	6407419767fa0294cca2c12f1137ce13	1225593
ERX12083906_NOD2O2.L5_ERR12709919.fastq.gz	ERR12709919	ERX12083906	NOD2O2.L5	https://ftp.sra.ebi.ac.uk/vol1/fastq/ERR127/019/ERR12709919/ERR12709919.fastq.gz	e0535c2dff1f6c04439985c7e67d9499	2784458
ERX12083907_NOD2O2.R1_ERR12709920.fastq.gz	ERR12709920	ERX12083907	NOD2O2.R1	https://ftp.sra.ebi.ac.uk/vol1/fastq/ERR127/020/ERR12709920/ERR12709920.fastq.gz	7f791f389fe7da2ddd0082107d64a071	3724810
ERX12083908_NOD2O2.R4_ERR12709921.fastq.gz	ERR12709921	ERX12083908	NOD2O2.R4	https://ftp.sra.ebi.ac.uk/vol1/fastq/ERR127/021/ERR12709921/ERR12709921.fastq.gz	add48e0bce38aa43f3e307849daaacff	968327
ERX12083909_NOD2O2.R6_ERR12709922.fastq.gz	ERR12709922	ERX12083909	NOD2O2.R6	https://ftp.sra.ebi.ac.uk/vol1/fastq/ERR127/022/ERR12709922/ERR12709922.fastq.gz	e6994f76b6608d0be2cf0845b23d4e38	5484733
ERX12083910_NOD2O4.R1_ERR12709923.fastq.gz	ERR12709923	ERX12083910	NOD2O4.R1	https://ftp.sra.ebi.ac.uk/vol1/fastq/ERR127/023/ERR12709923/ERR12709923.fastq.gz	29f9341ca8d90fc555426a70640494a5	3638881
ERX12083911_NOD2O4.R4_ERR12709924.fastq.gz	ERR12709924	ERX12083911	NOD2O4.R4	https://ftp.sra.ebi.ac.uk/vol1/fastq/ERR127/024/ERR12709924/ERR12709924.fastq.gz	40e13d1baf6f7ad1344bcdd97ba78d23	1000302
ERX12083912_NOD2P2.L1_ERR12709925.fastq.gz	ERR12709925	ERX12083912	NOD2P2.L1	https://ftp.sra.ebi.ac.uk/vol1/fastq/ERR127/025/ERR12709925/ERR12709925.fastq.gz	c38994d8f6b372ce5d926021cb53fd1e	4627925
ERX12083913_NOD2P2.L3_ERR12709926.fastq.gz	ERR12709926	ERX12083913	NOD2P2.L3	https://ftp.sra.ebi.ac.uk/vol1/fastq/ERR127/026/ERR12709926/ERR12709926.fastq.gz	ab429b4b785b26a2163826dd06ba767b	2618391
ERX12083914_NOD2P2.L6_ERR12709927.fastq.gz	ERR12709927	ERX12083914	NOD2P2.L6	https://ftp.sra.ebi.ac.uk/vol1/fastq/ERR127/027/ERR12709927/ERR12709927.fastq.gz	0cbf3e67bf81ce1065034069adf3fe7a	257940
ERX12083915_NOD2P2.R1_ERR12709928.fastq.gz	ERR12709928	ERX12083915	NOD2P2.R1	https://ftp.sra.ebi.ac.uk/vol1/fastq/ERR127/028/ERR12709928/ERR12709928.fastq.gz	be93ef010c8096c1b77fd8eee29b84fe	2375572
ERX12083916_NOD2P2.R3_ERR12709929.fastq.gz	ERR12709929	ERX12083916	NOD2P2.R3	https://ftp.sra.ebi.ac.uk/vol1/fastq/ERR127/029/ERR12709929/ERR12709929.fastq.gz	2359d61a3877df0c9b6b9fbb0e1c7eeb	2494044
ERX12083917_NOD2P2.R4_ERR12709930.fastq.gz	ERR12709930	ERX12083917	NOD2P2.R4	https://ftp.sra.ebi.ac.uk/vol1/fastq/ERR127/030/ERR12709930/ERR12709930.fastq.gz	d002e5ae3b35e46b1d9a3c774d096dce	251338
ERX12083918_NOD2P2.R5_ERR12709931.fastq.gz	ERR12709931	ERX12083918	NOD2P2.R5	https://ftp.sra.ebi.ac.uk/vol1/fastq/ERR127/031/ERR12709931/ERR12709931.fastq.gz	6e047ad645c1bb0013ef047138e047a2	578611
ERX12083919_NOD2P4.L6_ERR12709932.fastq.gz	ERR12709932	ERX12083919	NOD2P4.L6	https://ftp.sra.ebi.ac.uk/vol1/fastq/ERR127/032/ERR12709932/ERR12709932.fastq.gz	3f7241283e9793951b878a132418e055	1198127
ERX12083920_NOD2P4.R1_ERR12709933.fastq.gz	ERR12709933	ERX12083920	NOD2P4.R1	https://ftp.sra.ebi.ac.uk/vol1/fastq/ERR127/033/ERR12709933/ERR12709933.fastq.gz	30ec5e1827f55f23e4a627ac148f59bc	406751
ERX12083921_NOD2P4.R3_ERR12709934.fastq.gz	ERR12709934	ERX12083921	NOD2P4.R3	https://ftp.sra.ebi.ac.uk/vol1/fastq/ERR127/034/ERR12709934/ERR12709934.fastq.gz	6c3a4af1a09151b1cd2915f10abb8745	967582
ERX12083922_NOD2P4.R4_ERR12709935.fastq.gz	ERR12709935	ERX12083922	NOD2P4.R4	https://ftp.sra.ebi.ac.uk/vol1/fastq/ERR127/035/ERR12709935/ERR12709935.fastq.gz	1d31ae984c6df9bb7f54991b2250267b	188020
ERX12083923_NOD2S2.L4_ERR12709936.fastq.gz	ERR12709936	ERX12083923	NOD2S2.L4	https://ftp.sra.ebi.ac.uk/vol1/fastq/ERR127/036/ERR12709936/ERR12709936.fastq.gz	3b4235d7871d1912a7cf1ead193eba16	5946984
ERX12083924_NOD2S2.R4_ERR12709937.fastq.gz	ERR12709937	ERX12083924	NOD2S2.R4	https://ftp.sra.ebi.ac.uk/vol1/fastq/ERR127/037/ERR12709937/ERR12709937.fastq.gz	15087640e4c9dbff5e833c24d8321963	2488428
ERX12083925_NOD2S2.R5_ERR12709938.fastq.gz	ERR12709938	ERX12083925	NOD2S2.R5	https://ftp.sra.ebi.ac.uk/vol1/fastq/ERR127/038/ERR12709938/ERR12709938.fastq.gz	18287dc8eb0820c1d925df5d8d1ae318	519543
ERX12083926_NOD2S4.L3_ERR12709939.fastq.gz	ERR12709939	ERX12083926	NOD2S4.L3	https://ftp.sra.ebi.ac.uk/vol1/fastq/ERR127/039/ERR12709939/ERR12709939.fastq.gz	ba3aa423a1fc91b6ebb3b7ad1eee4edb	1286672
ERX12083927_NOD2S4.L4_ERR12709940.fastq.gz	ERR12709940	ERX12083927	NOD2S4.L4	https://ftp.sra.ebi.ac.uk/vol1/fastq/ERR127/040/ERR12709940/ERR12709940.fastq.gz	b03f1f502f83bbc88357528a6c6393f8	2224018
ERX12083928_NOD2S4.L5_ERR12709941.fastq.gz	ERR12709941	ERX12083928	NOD2S4.L5	https://ftp.sra.ebi.ac.uk/vol1/fastq/ERR127/041/ERR12709941/ERR12709941.fastq.gz	2593e0741293e610f30f12d998f848ef	2505630
ERX12083929_NOD2S4.R3_ERR12709942.fastq.gz	ERR12709942	ERX12083929	NOD2S4.R3	https://ftp.sra.ebi.ac.uk/vol1/fastq/ERR127/042/ERR12709942/ERR12709942.fastq.gz	878882ce08b4ff06c58a925df8772483	468167
ERX12083930_NOD2S4.R4_ERR12709943.fastq.gz	ERR12709943	ERX12083930	NOD2S4.R4	https://ftp.sra.ebi.ac.uk/vol1/fastq/ERR127/043/ERR12709943/ERR12709943.fastq.gz	ec71ea8d8440176e173b5475686d051a	7521521
ERX12083931_NOD2S4.R5_ERR12709944.fastq.gz	ERR12709944	ERX12083931	NOD2S4.R5	https://ftp.sra.ebi.ac.uk/vol1/fastq/ERR127/044/ERR12709944/ERR12709944.fastq.gz	a406b2386d3a7f5593f27c249538eff7	1631758
ERX12083932_NOD2S4.R6_rep2_ERR12709945.fastq.gz	ERR12709945	ERX12083932	NOD2S4.R6_rep2	https://ftp.sra.ebi.ac.uk/vol1/fastq/ERR127/045/ERR12709945/ERR12709945.fastq.gz	9259d81d082aa1cbcf551ceb1b11c555	2755201
ERX12083933_NOD3.F2_ERR12709946.fastq.gz	ERR12709946	ERX12083933	NOD3.F2	https://ftp.sra.ebi.ac.uk/vol1/fastq/ERR127/046/ERR12709946/ERR12709946.fastq.gz	55bd569849ff1824384bdb4d783f7be9	495378
ERX12083934_NOD3.F3_ERR12709947.fastq.gz	ERR12709947	ERX12083934	NOD3.F3	https://ftp.sra.ebi.ac.uk/vol1/fastq/ERR127/047/ERR12709947/ERR12709947.fastq.gz	9729f9dbddbc2fdbfcab5e39bde3c954	305427
ERX12083935_NOD3.F5_ERR12709948.fastq.gz	ERR12709948	ERX12083935	NOD3.F5	https://ftp.sra.ebi.ac.uk/vol1/fastq/ERR127/048/ERR12709948/ERR12709948.fastq.gz	ffa3954a21618bce59d21f65eb518628	458936
ERX12083936_NOD3.N4_ERR12709949.fastq.gz	ERR12709949	ERX12083936	NOD3.N4	https://ftp.sra.ebi.ac.uk/vol1/fastq/ERR127/049/ERR12709949/ERR12709949.fastq.gz	cfd4d1a94b7ae8f9507d33511801bfa0	310329
ERX12083937_NOD3.N5_ERR12709950.fastq.gz	ERR12709950	ERX12083937	NOD3.N5	https://ftp.sra.ebi.ac.uk/vol1/fastq/ERR127/050/ERR12709950/ERR12709950.fastq.gz	19acfc57d14044a1dfcc3811b7fbd76c	401498
ERX12083938_NOD3A2.L1_ERR12709951.fastq.gz	ERR12709951	ERX12083938	NOD3A2.L1	https://ftp.sra.ebi.ac.uk/vol1/fastq/ERR127/051/ERR12709951/ERR12709951.fastq.gz	8a24b9df9360c07e4ac9ee1dca4f4ed6	838888
ERX12083939_NOD3A2.L2_ERR12709952.fastq.gz	ERR12709952	ERX12083939	NOD3A2.L2	https://ftp.sra.ebi.ac.uk/vol1/fastq/ERR127/052/ERR12709952/ERR12709952.fastq.gz	22f10739c3a68135d3c7a0a4c84d7673	2878559
ERX12083940_NOD3A2.L3_ERR12709953.fastq.gz	ERR12709953	ERX12083940	NOD3A2.L3	https://ftp.sra.ebi.ac.uk/vol1/fastq/ERR127/053/ERR12709953/ERR12709953.fastq.gz	a25938b8ed9723561a20a6568657140b	6342728
ERX12083941_NOD3A2.L5_ERR12709954.fastq.gz	ERR12709954	ERX12083941	NOD3A2.L5	https://ftp.sra.ebi.ac.uk/vol1/fastq/ERR127/054/ERR12709954/ERR12709954.fastq.gz	cbc571fa57f56f76d5e340e4a7887786	2526015
ERX12083942_NOD3A2.L6_ERR12709955.fastq.gz	ERR12709955	ERX12083942	NOD3A2.L6	https://ftp.sra.ebi.ac.uk/vol1/fastq/ERR127/055/ERR12709955/ERR12709955.fastq.gz	b37ce6125ce335e8cbd245a7376d0c70	2333309
ERX12083943_NOD3A2.L7_ERR12709956.fastq.gz	ERR12709956	ERX12083943	NOD3A2.L7	https://ftp.sra.ebi.ac.uk/vol1/fastq/ERR127/056/ERR12709956/ERR12709956.fastq.gz	49555661ee9f444981bbf45504f3adfb	356127
ERX12083944_NOD3A2.R1_ERR12709957.fastq.gz	ERR12709957	ERX12083944	NOD3A2.R1	https://ftp.sra.ebi.ac.uk/vol1/fastq/ERR127/057/ERR12709957/ERR12709957.fastq.gz	1033cdf9782e02cc421c0224dd1e04e1	3511136
ERX12083945_NOD3A2.R7_ERR12709958.fastq.gz	ERR12709958	ERX12083945	NOD3A2.R7	https://ftp.sra.ebi.ac.uk/vol1/fastq/ERR127/058/ERR12709958/ERR12709958.fastq.gz	e51bb6503fcfd0b858d3038d62352bfe	2079928
ERX12083946_NOD3A4.L4_ERR12709959.fastq.gz	ERR12709959	ERX12083946	NOD3A4.L4	https://ftp.sra.ebi.ac.uk/vol1/fastq/ERR127/059/ERR12709959/ERR12709959.fastq.gz	f5ab841e3a4c0345d3aeadbbda02f3c7	1561112
ERX12083947_NOD3A4.R1_ERR12709960.fastq.gz	ERR12709960	ERX12083947	NOD3A4.R1	https://ftp.sra.ebi.ac.uk/vol1/fastq/ERR127/060/ERR12709960/ERR12709960.fastq.gz	f1c3fdbdadd79d51dba54d4961201ab5	6725723
ERX12083948_NOD3A4.R2_ERR12709961.fastq.gz	ERR12709961	ERX12083948	NOD3A4.R2	https://ftp.sra.ebi.ac.uk/vol1/fastq/ERR127/061/ERR12709961/ERR12709961.fastq.gz	7724a954565a6cc632dcfb8630445c08	5329682
ERX12083949_NOD3A4.R4_ERR12709962.fastq.gz	ERR12709962	ERX12083949	NOD3A4.R4	https://ftp.sra.ebi.ac.uk/vol1/fastq/ERR127/062/ERR12709962/ERR12709962.fastq.gz	5cfcb110e9273513b7261c1b6bfa1fec	3521112
ERX12083950_NOD3A4.R5_ERR12709963.fastq.gz	ERR12709963	ERX12083950	NOD3A4.R5	https://ftp.sra.ebi.ac.uk/vol1/fastq/ERR127/063/ERR12709963/ERR12709963.fastq.gz	c58d994ada140fcd6b1beda0ff9d1825	9158329
ERX12083951_NOD3A4.R6_ERR12709964.fastq.gz	ERR12709964	ERX12083951	NOD3A4.R6	https://ftp.sra.ebi.ac.uk/vol1/fastq/ERR127/064/ERR12709964/ERR12709964.fastq.gz	5732814eaf92a3ff46e9734eaa3939ec	427514
ERX12083952_NOD3A5.L4_ERR12709965.fastq.gz	ERR12709965	ERX12083952	NOD3A5.L4	https://ftp.sra.ebi.ac.uk/vol1/fastq/ERR127/065/ERR12709965/ERR12709965.fastq.gz	3ab334ae8c28a53d65d48c6107f9289d	894139
ERX12083953_NOD3A5.L5_ERR12709966.fastq.gz	ERR12709966	ERX12083953	NOD3A5.L5	https://ftp.sra.ebi.ac.uk/vol1/fastq/ERR127/066/ERR12709966/ERR12709966.fastq.gz	47293d8d32671de5eee0d4d9cb9377a8	12931116
ERX12083954_NOD3A5.R1_ERR12709967.fastq.gz	ERR12709967	ERX12083954	NOD3A5.R1	https://ftp.sra.ebi.ac.uk/vol1/fastq/ERR127/067/ERR12709967/ERR12709967.fastq.gz	51ca659ec82e84d02b8cdaf70aceec15	6006288
ERX12083955_NOD3A5.R3_ERR12709968.fastq.gz	ERR12709968	ERX12083955	NOD3A5.R3	https://ftp.sra.ebi.ac.uk/vol1/fastq/ERR127/068/ERR12709968/ERR12709968.fastq.gz	34973b289c931bb82ff9f63e26078346	3410581
ERX12083956_NOD3A5.R6_ERR12709969.fastq.gz	ERR12709969	ERX12083956	NOD3A5.R6	https://ftp.sra.ebi.ac.uk/vol1/fastq/ERR127/069/ERR12709969/ERR12709969.fastq.gz	c296fd549f5e05c54b5e25db2d0b0b89	8204296
ERX12083957_NOD3D2.C1_ERR12709970.fastq.gz	ERR12709970	ERX12083957	NOD3D2.C1	https://ftp.sra.ebi.ac.uk/vol1/fastq/ERR127/070/ERR12709970/ERR12709970.fastq.gz	e9b9189dc198ff9763e0b7f6d9f7b57a	2982853
ERX12083958_NOD3D2.C2_ERR12709971.fastq.gz	ERR12709971	ERX12083958	NOD3D2.C2	https://ftp.sra.ebi.ac.uk/vol1/fastq/ERR127/071/ERR12709971/ERR12709971.fastq.gz	5b32787a3fbd2b6fc1cd0edcaf54fba5	3018558
ERX12083959_NOD3D2.C3_ERR12709972.fastq.gz	ERR12709972	ERX12083959	NOD3D2.C3	https://ftp.sra.ebi.ac.uk/vol1/fastq/ERR127/072/ERR12709972/ERR12709972.fastq.gz	3a8f00107ba6072429e9c231a704c7bb	7146357
ERX12083960_NOD3D2.C4_ERR12709973.fastq.gz	ERR12709973	ERX12083960	NOD3D2.C4	https://ftp.sra.ebi.ac.uk/vol1/fastq/ERR127/073/ERR12709973/ERR12709973.fastq.gz	1cf5ce66ae2653bf0a9204b513587030	4979689
ERX12083961_NOD3D2.L1_ERR12709974.fastq.gz	ERR12709974	ERX12083961	NOD3D2.L1	https://ftp.sra.ebi.ac.uk/vol1/fastq/ERR127/074/ERR12709974/ERR12709974.fastq.gz	335edf8763d2b761c41497ec596c703b	939574
ERX12083962_NOD3D2.L2_ERR12709975.fastq.gz	ERR12709975	ERX12083962	NOD3D2.L2	https://ftp.sra.ebi.ac.uk/vol1/fastq/ERR127/075/ERR12709975/ERR12709975.fastq.gz	b90671fedecdd2f7de1a847764904f90	5857835
ERX12083963_NOD3D2.L4_ERR12709976.fastq.gz	ERR12709976	ERX12083963	NOD3D2.L4	https://ftp.sra.ebi.ac.uk/vol1/fastq/ERR127/076/ERR12709976/ERR12709976.fastq.gz	44c2e1e90a477e1787b9b08b41a17fad	2417870
ERX12083964_NOD3D2.R2_ERR12709977.fastq.gz	ERR12709977	ERX12083964	NOD3D2.R2	https://ftp.sra.ebi.ac.uk/vol1/fastq/ERR127/077/ERR12709977/ERR12709977.fastq.gz	9f2fef5e787ffb5b345a4ffe5828b655	2329875
ERX12083965_NOD3D2.R3_ERR12709978.fastq.gz	ERR12709978	ERX12083965	NOD3D2.R3	https://ftp.sra.ebi.ac.uk/vol1/fastq/ERR127/078/ERR12709978/ERR12709978.fastq.gz	703fe8132944af698e088905f669312f	492981
ERX12083966_NOD3D2.R4_ERR12709979.fastq.gz	ERR12709979	ERX12083966	NOD3D2.R4	https://ftp.sra.ebi.ac.uk/vol1/fastq/ERR127/079/ERR12709979/ERR12709979.fastq.gz	5ed7a73be2247b4cc932de12d4088c68	1860874
ERX12083967_NOD3D4.L1_ERR12709980.fastq.gz	ERR12709980	ERX12083967	NOD3D4.L1	https://ftp.sra.ebi.ac.uk/vol1/fastq/ERR127/080/ERR12709980/ERR12709980.fastq.gz	e13b0ed45b1c582c500875d3d8a9221d	1772700
ERX12083968_NOD3D4.R1_ERR12709981.fastq.gz	ERR12709981	ERX12083968	NOD3D4.R1	https://ftp.sra.ebi.ac.uk/vol1/fastq/ERR127/081/ERR12709981/ERR12709981.fastq.gz	dcf23ddcde78dcf4638fdd767c4cc3e4	911895
ERX12083969_NOD3D4.R2_ERR12709982.fastq.gz	ERR12709982	ERX12083969	NOD3D4.R2	https://ftp.sra.ebi.ac.uk/vol1/fastq/ERR127/082/ERR12709982/ERR12709982.fastq.gz	cb52b2d68072a628fa899eea8be70c00	926445
ERX12083970_NOD3D4.R3_ERR12709983.fastq.gz	ERR12709983	ERX12083970	NOD3D4.R3	https://ftp.sra.ebi.ac.uk/vol1/fastq/ERR127/083/ERR12709983/ERR12709983.fastq.gz	06a10756f1e166f346c4050907af1724	4358630
ERX12083971_NOD3D4.R4_ERR12709984.fastq.gz	ERR12709984	ERX12083971	NOD3D4.R4	https://ftp.sra.ebi.ac.uk/vol1/fastq/ERR127/084/ERR12709984/ERR12709984.fastq.gz	1591d947de6c4cee8bc9aa7add78c2f8	3184200
ERX12083972_NOD3D4.R5_ERR12709985.fastq.gz	ERR12709985	ERX12083972	NOD3D4.R5	https://ftp.sra.ebi.ac.uk/vol1/fastq/ERR127/085/ERR12709985/ERR12709985.fastq.gz	2f6d42e1a12abdf72409f2811a8677d5	3229163
ERX12083973_NOD3D5.L1_ERR12709986.fastq.gz	ERR12709986	ERX12083973	NOD3D5.L1	https://ftp.sra.ebi.ac.uk/vol1/fastq/ERR127/086/ERR12709986/ERR12709986.fastq.gz	0983b8902d04398e487c4bba84607a80	1017075
ERX12083974_NOD3D5.L2_ERR12709987.fastq.gz	ERR12709987	ERX12083974	NOD3D5.L2	https://ftp.sra.ebi.ac.uk/vol1/fastq/ERR127/087/ERR12709987/ERR12709987.fastq.gz	b627d62e4bd121900c9be7a3ce958f61	6473780
ERX12083975_NOD3D5.L3_ERR12709988.fastq.gz	ERR12709988	ERX12083975	NOD3D5.L3	https://ftp.sra.ebi.ac.uk/vol1/fastq/ERR127/088/ERR12709988/ERR12709988.fastq.gz	a9da71bf85ea91f29d1988bf483b6d9f	3694288
ERX12083976_NOD3D5.L4_ERR12709989.fastq.gz	ERR12709989	ERX12083976	NOD3D5.L4	https://ftp.sra.ebi.ac.uk/vol1/fastq/ERR127/089/ERR12709989/ERR12709989.fastq.gz	991f5738599d5d653be3057aa476026d	12792231
ERX12083977_NOD3D5.L5_ERR12709990.fastq.gz	ERR12709990	ERX12083977	NOD3D5.L5	https://ftp.sra.ebi.ac.uk/vol1/fastq/ERR127/090/ERR12709990/ERR12709990.fastq.gz	cb83d3aa3c192f595d718b11cb934024	2077772
ERX12083978_NOD3D5.R2_ERR12709991.fastq.gz	ERR12709991	ERX12083978	NOD3D5.R2	https://ftp.sra.ebi.ac.uk/vol1/fastq/ERR127/091/ERR12709991/ERR12709991.fastq.gz	f5aa28a04c8e2e595410b73f0e1e3a35	2838115
ERX12083979_NOD3D5.R4_ERR12709992.fastq.gz	ERR12709992	ERX12083979	NOD3D5.R4	https://ftp.sra.ebi.ac.uk/vol1/fastq/ERR127/092/ERR12709992/ERR12709992.fastq.gz	6fb8cfe64d9ad7be5d97d4d44a802ecc	743147
ERX12083980_NOD3F2.L1_ERR12709993.fastq.gz	ERR12709993	ERX12083980	NOD3F2.L1	https://ftp.sra.ebi.ac.uk/vol1/fastq/ERR127/093/ERR12709993/ERR12709993.fastq.gz	7fed4a04ffd5ee7d88ad8f0281cb30f9	7779171
ERX12083981_NOD3F2.L2_ERR12709994.fastq.gz	ERR12709994	ERX12083981	NOD3F2.L2	https://ftp.sra.ebi.ac.uk/vol1/fastq/ERR127/094/ERR12709994/ERR12709994.fastq.gz	24c90a5e4389435a4e78395a5309cdd2	1401524
ERX12083982_NOD3F2.L5_ERR12709995.fastq.gz	ERR12709995	ERX12083982	NOD3F2.L5	https://ftp.sra.ebi.ac.uk/vol1/fastq/ERR127/095/ERR12709995/ERR12709995.fastq.gz	d465a25909cd2716606e03a8fb28cf43	1208543
ERX12083983_NOD3F2.L6_ERR12709996.fastq.gz	ERR12709996	ERX12083983	NOD3F2.L6	https://ftp.sra.ebi.ac.uk/vol1/fastq/ERR127/096/ERR12709996/ERR12709996.fastq.gz	b356edd996cad457f1bab4631ac4ca49	540816
ERX12083984_NOD3F2.L7_ERR12709997.fastq.gz	ERR12709997	ERX12083984	NOD3F2.L7	https://ftp.sra.ebi.ac.uk/vol1/fastq/ERR127/097/ERR12709997/ERR12709997.fastq.gz	46ba447babac97fe2267d6b5ff10d0c2	9258280
ERX12083985_NOD3F2.R2_ERR12709998.fastq.gz	ERR12709998	ERX12083985	NOD3F2.R2	https://ftp.sra.ebi.ac.uk/vol1/fastq/ERR127/098/ERR12709998/ERR12709998.fastq.gz	34424237f3a54310c125725d12b0ea90	134823
ERX12083986_NOD3F2.R3_ERR12709999.fastq.gz	ERR12709999	ERX12083986	NOD3F2.R3	https://ftp.sra.ebi.ac.uk/vol1/fastq/ERR127/099/ERR12709999/ERR12709999.fastq.gz	0453c9599061250754a222c8402322db	7549325
ERX12083987_NOD3F2.R4_ERR12710000.fastq.gz	ERR12710000	ERX12083987	NOD3F2.R4	https://ftp.sra.ebi.ac.uk/vol1/fastq/ERR127/000/ERR12710000/ERR12710000.fastq.gz	1d2ce3522cf48135e5ddd4b52e5868ab	3235372
ERX12083988_NOD3F2.R6_ERR12710001.fastq.gz	ERR12710001	ERX12083988	NOD3F2.R6	https://ftp.sra.ebi.ac.uk/vol1/fastq/ERR127/001/ERR12710001/ERR12710001.fastq.gz	d9ad007332e9fd72b221421fe7d3eaf2	795764
ERX12083989_NOD3F2.R7_ERR12710002.fastq.gz	ERR12710002	ERX12083989	NOD3F2.R7	https://ftp.sra.ebi.ac.uk/vol1/fastq/ERR127/002/ERR12710002/ERR12710002.fastq.gz	e3a628a8d28835bce24f6b57219f91b9	2763971
ERX12083990_NOD3F4.L2_ERR12710003.fastq.gz	ERR12710003	ERX12083990	NOD3F4.L2	https://ftp.sra.ebi.ac.uk/vol1/fastq/ERR127/003/ERR12710003/ERR12710003.fastq.gz	d7ba9c040ad9bf6786e8b3da8538636a	17404320
ERX12083991_NOD3F4.L3_ERR12710004.fastq.gz	ERR12710004	ERX12083991	NOD3F4.L3	https://ftp.sra.ebi.ac.uk/vol1/fastq/ERR127/004/ERR12710004/ERR12710004.fastq.gz	fdb95a64505d047253d1a18d9c301728	8492024
ERX12083992_NOD3F4.L4_ERR12710005.fastq.gz	ERR12710005	ERX12083992	NOD3F4.L4	https://ftp.sra.ebi.ac.uk/vol1/fastq/ERR127/005/ERR12710005/ERR12710005.fastq.gz	3d3e802e11feab1ceeb4cd9f2aa8613d	4488184
ERX12083993_NOD3F4.R1_ERR12710006.fastq.gz	ERR12710006	ERX12083993	NOD3F4.R1	https://ftp.sra.ebi.ac.uk/vol1/fastq/ERR127/006/ERR12710006/ERR12710006.fastq.gz	511c27e3d596372c43a936b32b24fbb2	5419198
ERX12083994_NOD3F4.R3_ERR12710007.fastq.gz	ERR12710007	ERX12083994	NOD3F4.R3	https://ftp.sra.ebi.ac.uk/vol1/fastq/ERR127/007/ERR12710007/ERR12710007.fastq.gz	c125d5d409220ca76530101e07869128	15243420
ERX12083995_NOD3F4.R4_ERR12710008.fastq.gz	ERR12710008	ERX12083995	NOD3F4.R4	https://ftp.sra.ebi.ac.uk/vol1/fastq/ERR127/008/ERR12710008/ERR12710008.fastq.gz	8c99c40beb1eb1cdbbf3d9bbb877ec8e	10043312
ERX12083996_NOD3F4.R5_ERR12710009.fastq.gz	ERR12710009	ERX12083996	NOD3F4.R5	https://ftp.sra.ebi.ac.uk/vol1/fastq/ERR127/009/ERR12710009/ERR12710009.fastq.gz	901b09822cd491f7ab041cf47f534985	5609381
ERX12083997_NOD3F4.R6_ERR12710010.fastq.gz	ERR12710010	ERX12083997	NOD3F4.R6	https://ftp.sra.ebi.ac.uk/vol1/fastq/ERR127/010/ERR12710010/ERR12710010.fastq.gz	ca20bc618a1117c108c300fc78633a82	531005
ERX12083998_NOD3F5.L3_ERR12710011.fastq.gz	ERR12710011	ERX12083998	NOD3F5.L3	https://ftp.sra.ebi.ac.uk/vol1/fastq/ERR127/011/ERR12710011/ERR12710011.fastq.gz	84b30341a96b42ef06d424b732c66a51	9134571
ERX12083999_NOD3F5.L5_ERR12710012.fastq.gz	ERR12710012	ERX12083999	NOD3F5.L5	https://ftp.sra.ebi.ac.uk/vol1/fastq/ERR127/012/ERR12710012/ERR12710012.fastq.gz	5144be3ddb02e7c95aea2f9c14b11d7a	5465642
ERX12084000_NOD3F5.L7_ERR12710013.fastq.gz	ERR12710013	ERX12084000	NOD3F5.L7	https://ftp.sra.ebi.ac.uk/vol1/fastq/ERR127/013/ERR12710013/ERR12710013.fastq.gz	67d0d84364c1d52ee28a9f8832b79397	2126098
ERX12084001_NOD3F5.R2_ERR12710014.fastq.gz	ERR12710014	ERX12084001	NOD3F5.R2	https://ftp.sra.ebi.ac.uk/vol1/fastq/ERR127/014/ERR12710014/ERR12710014.fastq.gz	fc6cf87ac4fc46cae5728f7a1f834ca5	396572
ERX12084002_NOD3F5.R3_ERR12710015.fastq.gz	ERR12710015	ERX12084002	NOD3F5.R3	https://ftp.sra.ebi.ac.uk/vol1/fastq/ERR127/015/ERR12710015/ERR12710015.fastq.gz	82673c299ebda0ed484c14638f26c78f	926936
ERX12084003_NOD3F5.R7_ERR12710016.fastq.gz	ERR12710016	ERX12084003	NOD3F5.R7	https://ftp.sra.ebi.ac.uk/vol1/fastq/ERR127/016/ERR12710016/ERR12710016.fastq.gz	53c9ef7326caa5322e2f89bd2097ae46	4753511
ERX12084004_NOD3O2.L10_ERR12710017.fastq.gz	ERR12710017	ERX12084004	NOD3O2.L10	https://ftp.sra.ebi.ac.uk/vol1/fastq/ERR127/017/ERR12710017/ERR12710017.fastq.gz	e6ae9c1c433c9d696138b187274de5dc	5249275
ERX12084005_NOD3O2.L14_ERR12710018.fastq.gz	ERR12710018	ERX12084005	NOD3O2.L14	https://ftp.sra.ebi.ac.uk/vol1/fastq/ERR127/018/ERR12710018/ERR12710018.fastq.gz	5e778cbf2276700b7d2049806896aa8a	3672707
ERX12084006_NOD3O2.L9_ERR12710019.fastq.gz	ERR12710019	ERX12084006	NOD3O2.L9	https://ftp.sra.ebi.ac.uk/vol1/fastq/ERR127/019/ERR12710019/ERR12710019.fastq.gz	4dca9ab4cb6c13865276194b3c481b91	19738641
ERX12084007_NOD3O2.R10_ERR12710020.fastq.gz	ERR12710020	ERX12084007	NOD3O2.R10	https://ftp.sra.ebi.ac.uk/vol1/fastq/ERR127/020/ERR12710020/ERR12710020.fastq.gz	8a03dcf7923540cbc006d0d32f7bdea3	3264940
ERX12084008_NOD3O2.R12_ERR12710021.fastq.gz	ERR12710021	ERX12084008	NOD3O2.R12	https://ftp.sra.ebi.ac.uk/vol1/fastq/ERR127/021/ERR12710021/ERR12710021.fastq.gz	cc9d970a8c21331315ba7c3f3d96c14d	2864284
ERX12084009_NOD3O2.R14_ERR12710022.fastq.gz	ERR12710022	ERX12084009	NOD3O2.R14	https://ftp.sra.ebi.ac.uk/vol1/fastq/ERR127/022/ERR12710022/ERR12710022.fastq.gz	ef7d262c44d305e0be2e425e4e400f56	1390116
ERX12084010_NOD3O2.R9_ERR12710023.fastq.gz	ERR12710023	ERX12084010	NOD3O2.R9	https://ftp.sra.ebi.ac.uk/vol1/fastq/ERR127/023/ERR12710023/ERR12710023.fastq.gz	90e3da79fca8b0cd7866ad3527314292	965843
ERX12084011_NOD3O4.L4_ERR12710024.fastq.gz	ERR12710024	ERX12084011	NOD3O4.L4	https://ftp.sra.ebi.ac.uk/vol1/fastq/ERR127/024/ERR12710024/ERR12710024.fastq.gz	d2e1b6039b87aac0aaa68f4971132c10	9801824
ERX12084012_NOD3O4.R1_ERR12710025.fastq.gz	ERR12710025	ERX12084012	NOD3O4.R1	https://ftp.sra.ebi.ac.uk/vol1/fastq/ERR127/025/ERR12710025/ERR12710025.fastq.gz	3c6707df7c90b31f296f85241bb532fc	2162778
ERX12084013_NOD3O4.R6_ERR12710026.fastq.gz	ERR12710026	ERX12084013	NOD3O4.R6	https://ftp.sra.ebi.ac.uk/vol1/fastq/ERR127/026/ERR12710026/ERR12710026.fastq.gz	9327c6efe733666da6fd6c23449b6ace	5769061
ERX12084014_NOD3O5.L1_ERR12710027.fastq.gz	ERR12710027	ERX12084014	NOD3O5.L1	https://ftp.sra.ebi.ac.uk/vol1/fastq/ERR127/027/ERR12710027/ERR12710027.fastq.gz	7a5e8b479357b567be02d6ba181b5382	13036586
ERX12084015_NOD3O5.L4_ERR12710028.fastq.gz	ERR12710028	ERX12084015	NOD3O5.L4	https://ftp.sra.ebi.ac.uk/vol1/fastq/ERR127/028/ERR12710028/ERR12710028.fastq.gz	468aac738bf84221d0e88b1c09dc2c7c	7194369
ERX12084016_NOD3O5.L5_ERR12710029.fastq.gz	ERR12710029	ERX12084016	NOD3O5.L5	https://ftp.sra.ebi.ac.uk/vol1/fastq/ERR127/029/ERR12710029/ERR12710029.fastq.gz	a30204be893bfe122f09a2ed31d17ae7	11634123
ERX12084017_NOD3O5.R3_ERR12710030.fastq.gz	ERR12710030	ERX12084017	NOD3O5.R3	https://ftp.sra.ebi.ac.uk/vol1/fastq/ERR127/030/ERR12710030/ERR12710030.fastq.gz	8d45f00138ba8760d39aaf245c2c05ef	8464120
ERX12084018_NOD3O5.R5_ERR12710031.fastq.gz	ERR12710031	ERX12084018	NOD3O5.R5	https://ftp.sra.ebi.ac.uk/vol1/fastq/ERR127/031/ERR12710031/ERR12710031.fastq.gz	ac8c25ef8879be048e62cd6ed07999d4	8031555
ERX12084019_PMM1.F1_ERR12710032.fastq.gz	ERR12710032	ERX12084019	PMM1.F1	https://ftp.sra.ebi.ac.uk/vol1/fastq/ERR127/032/ERR12710032/ERR12710032.fastq.gz	4cb62830feafb9259d4a83726d47914f	696894
ERX12084020_PMM1.F2_ERR12710033.fastq.gz	ERR12710033	ERX12084020	PMM1.F2	https://ftp.sra.ebi.ac.uk/vol1/fastq/ERR127/033/ERR12710033/ERR12710033.fastq.gz	deee57e95dc02badec704597f536032c	671858
ERX12084021_PMM1.N1_ERR12710034.fastq.gz	ERR12710034	ERX12084021	PMM1.N1	https://ftp.sra.ebi.ac.uk/vol1/fastq/ERR127/034/ERR12710034/ERR12710034.fastq.gz	d2cfcbbbdf309dd6df89fdbcf8e344f9	263998
ERX12084022_PMM1.N3_ERR12710035.fastq.gz	ERR12710035	ERX12084022	PMM1.N3	https://ftp.sra.ebi.ac.uk/vol1/fastq/ERR127/035/ERR12710035/ERR12710035.fastq.gz	0e46a5bf4bf8bb90c21ac110edb35581	315300
ERX12084023_PMM1D1.L1_ERR12710036.fastq.gz	ERR12710036	ERX12084023	PMM1D1.L1	https://ftp.sra.ebi.ac.uk/vol1/fastq/ERR127/036/ERR12710036/ERR12710036.fastq.gz	851f9f9996361037637cdf4949bb80fc	4460351
ERX12084024_PMM1D1.L2_ERR12710037.fastq.gz	ERR12710037	ERX12084024	PMM1D1.L2	https://ftp.sra.ebi.ac.uk/vol1/fastq/ERR127/037/ERR12710037/ERR12710037.fastq.gz	b1b69fdce5d5495810e7ec74f7919bd6	9499552
ERX12084025_PMM1D1.L4_ERR12710038.fastq.gz	ERR12710038	ERX12084025	PMM1D1.L4	https://ftp.sra.ebi.ac.uk/vol1/fastq/ERR127/038/ERR12710038/ERR12710038.fastq.gz	f44bc5884a5b84b2f09f7ea0bf7c21a3	5875381
ERX12084026_PMM1D1.L5_ERR12710039.fastq.gz	ERR12710039	ERX12084026	PMM1D1.L5	https://ftp.sra.ebi.ac.uk/vol1/fastq/ERR127/039/ERR12710039/ERR12710039.fastq.gz	db52c14e630f035902b4c40814dd825b	5580594
ERX12084027_PMM1D1.L8_ERR12710040.fastq.gz	ERR12710040	ERX12084027	PMM1D1.L8	https://ftp.sra.ebi.ac.uk/vol1/fastq/ERR127/040/ERR12710040/ERR12710040.fastq.gz	b76a0ba8b340967d77726bd17bdeb3a7	2171584
ERX12084028_PMM1D1.R7_ERR12710041.fastq.gz	ERR12710041	ERX12084028	PMM1D1.R7	https://ftp.sra.ebi.ac.uk/vol1/fastq/ERR127/041/ERR12710041/ERR12710041.fastq.gz	c3518a18ff432ae3ba0ca60f446998ae	239527
ERX12084029_PMM1O1.L1_ERR12710042.fastq.gz	ERR12710042	ERX12084029	PMM1O1.L1	https://ftp.sra.ebi.ac.uk/vol1/fastq/ERR127/042/ERR12710042/ERR12710042.fastq.gz	635687028052bc5167b506cb0ed2ea26	1611393
ERX12084030_PMM1O1.L2_ERR12710043.fastq.gz	ERR12710043	ERX12084030	PMM1O1.L2	https://ftp.sra.ebi.ac.uk/vol1/fastq/ERR127/043/ERR12710043/ERR12710043.fastq.gz	0cea08d35458bf3c956b748e23314566	648968
ERX12084031_PMM1O1.L3_ERR12710044.fastq.gz	ERR12710044	ERX12084031	PMM1O1.L3	https://ftp.sra.ebi.ac.uk/vol1/fastq/ERR127/044/ERR12710044/ERR12710044.fastq.gz	4a952d2e3fee6d4add0d0f4e3f31a49d	1497505
ERX12084032_PMM1O1.L4_ERR12710045.fastq.gz	ERR12710045	ERX12084032	PMM1O1.L4	https://ftp.sra.ebi.ac.uk/vol1/fastq/ERR127/045/ERR12710045/ERR12710045.fastq.gz	7adb0ce8b65df221b53f17ab9ac18826	1445032
ERX12084033_PMM1O1.R3_ERR12710046.fastq.gz	ERR12710046	ERX12084033	PMM1O1.R3	https://ftp.sra.ebi.ac.uk/vol1/fastq/ERR127/046/ERR12710046/ERR12710046.fastq.gz	7ba6fd4b30bf4d387b5ebd74362fddb6	3161806
ERX12084034_PMM1O1.R5_ERR12710047.fastq.gz	ERR12710047	ERX12084034	PMM1O1.R5	https://ftp.sra.ebi.ac.uk/vol1/fastq/ERR127/047/ERR12710047/ERR12710047.fastq.gz	205cde7fb9ff2298f02cb0ee68cb3dd4	1760769
ERX12084035_PMM1O1.R6_ERR12710048.fastq.gz	ERR12710048	ERX12084035	PMM1O1.R6	https://ftp.sra.ebi.ac.uk/vol1/fastq/ERR127/048/ERR12710048/ERR12710048.fastq.gz	a23c91af818608939bd7d7722dfbf4d2	1047541
ERX12084036_PMM1O1.R7_ERR12710049.fastq.gz	ERR12710049	ERX12084036	PMM1O1.R7	https://ftp.sra.ebi.ac.uk/vol1/fastq/ERR127/049/ERR12710049/ERR12710049.fastq.gz	f2b756f9fb045790fd52d5fdd3169e74	3696646
ERX12084037_PMM1P1.L2_ERR12710050.fastq.gz	ERR12710050	ERX12084037	PMM1P1.L2	https://ftp.sra.ebi.ac.uk/vol1/fastq/ERR127/050/ERR12710050/ERR12710050.fastq.gz	eda2d4730002fe94f80406fe2651444e	1676694
ERX12084038_PMM1P1.L5_ERR12710051.fastq.gz	ERR12710051	ERX12084038	PMM1P1.L5	https://ftp.sra.ebi.ac.uk/vol1/fastq/ERR127/051/ERR12710051/ERR12710051.fastq.gz	64e74c40e46f965036c0aff1aed464ef	4552583
ERX12084039_PMM1P1.R1_ERR12710052.fastq.gz	ERR12710052	ERX12084039	PMM1P1.R1	https://ftp.sra.ebi.ac.uk/vol1/fastq/ERR127/052/ERR12710052/ERR12710052.fastq.gz	68c953c9c80611dd37a7224087c7f2e5	2526377
ERX12084040_PMM1P1.R2_ERR12710053.fastq.gz	ERR12710053	ERX12084040	PMM1P1.R2	https://ftp.sra.ebi.ac.uk/vol1/fastq/ERR127/053/ERR12710053/ERR12710053.fastq.gz	3d2a1de10421298cf797d2a73dd8cdd1	4107421
ERX12084041_PMM1P1.R3_ERR12710054.fastq.gz	ERR12710054	ERX12084041	PMM1P1.R3	https://ftp.sra.ebi.ac.uk/vol1/fastq/ERR127/054/ERR12710054/ERR12710054.fastq.gz	5afbfe6424c377136708c5da68120749	8210489
ERX12084042_PMM1P1.R4_ERR12710055.fastq.gz	ERR12710055	ERX12084042	PMM1P1.R4	https://ftp.sra.ebi.ac.uk/vol1/fastq/ERR127/055/ERR12710055/ERR12710055.fastq.gz	c1920202812a58a9961e31194082e167	3903196
ERX12084043_PMM1P1.R6_ERR12710056.fastq.gz	ERR12710056	ERX12084043	PMM1P1.R6	https://ftp.sra.ebi.ac.uk/vol1/fastq/ERR127/056/ERR12710056/ERR12710056.fastq.gz	2b1cd427154ffb8a5557cbc2b05b14a9	1837933
ERX12084044_PMM1P1.R7_ERR12710057.fastq.gz	ERR12710057	ERX12084044	PMM1P1.R7	https://ftp.sra.ebi.ac.uk/vol1/fastq/ERR127/057/ERR12710057/ERR12710057.fastq.gz	22d0eb08dce64300067e150da513b6ae	6858373
ERX12084045_PMM1S1.L1_ERR12710058.fastq.gz	ERR12710058	ERX12084045	PMM1S1.L1	https://ftp.sra.ebi.ac.uk/vol1/fastq/ERR127/058/ERR12710058/ERR12710058.fastq.gz	3b4873fc54f03d1c23ee1792911ce7c9	5226112
ERX12084046_PMM1S1.L2_ERR12710059.fastq.gz	ERR12710059	ERX12084046	PMM1S1.L2	https://ftp.sra.ebi.ac.uk/vol1/fastq/ERR127/059/ERR12710059/ERR12710059.fastq.gz	ee8a3abfb03e98044fcbd968d130091a	3403170
ERX12084047_PMM1S1.L4_ERR12710060.fastq.gz	ERR12710060	ERX12084047	PMM1S1.L4	https://ftp.sra.ebi.ac.uk/vol1/fastq/ERR127/060/ERR12710060/ERR12710060.fastq.gz	5bbc7bfcdf5c62e73b0fc6605ea27628	10560730
ERX12084048_PMM1S1.L5_ERR12710061.fastq.gz	ERR12710061	ERX12084048	PMM1S1.L5	https://ftp.sra.ebi.ac.uk/vol1/fastq/ERR127/061/ERR12710061/ERR12710061.fastq.gz	f0975d0ce54792ad168f8a112abd654a	6184527
ERX12084049_PMM1S1.L6_ERR12710062.fastq.gz	ERR12710062	ERX12084049	PMM1S1.L6	https://ftp.sra.ebi.ac.uk/vol1/fastq/ERR127/062/ERR12710062/ERR12710062.fastq.gz	bf024bb8749785903b82d01bc41d9deb	9236820
ERX12084050_PMM1S1.L7_ERR12710063.fastq.gz	ERR12710063	ERX12084050	PMM1S1.L7	https://ftp.sra.ebi.ac.uk/vol1/fastq/ERR127/063/ERR12710063/ERR12710063.fastq.gz	a7d49073bc8c7d119a7d4322826a0700	3965088
ERX12084051_PMM1S1.L8_ERR12710064.fastq.gz	ERR12710064	ERX12084051	PMM1S1.L8	https://ftp.sra.ebi.ac.uk/vol1/fastq/ERR127/064/ERR12710064/ERR12710064.fastq.gz	9d132cd269a4a37c734d797fa10eede1	2828176
ERX12084052_PMM1S1.R1_ERR12710065.fastq.gz	ERR12710065	ERX12084052	PMM1S1.R1	https://ftp.sra.ebi.ac.uk/vol1/fastq/ERR127/065/ERR12710065/ERR12710065.fastq.gz	d92f41953482a641f8dd374aa18be24a	5243926
ERX12084053_PMM1S1.R2_ERR12710066.fastq.gz	ERR12710066	ERX12084053	PMM1S1.R2	https://ftp.sra.ebi.ac.uk/vol1/fastq/ERR127/066/ERR12710066/ERR12710066.fastq.gz	e506e4f8d4aabde3eb58978218abc84a	4395042
ERX12084054_PMM1S1.R3_ERR12710067.fastq.gz	ERR12710067	ERX12084054	PMM1S1.R3	https://ftp.sra.ebi.ac.uk/vol1/fastq/ERR127/067/ERR12710067/ERR12710067.fastq.gz	7f8137c0fec07cea2661f67ebc69fced	5219025
ERX12084055_PMM1S1.R4_ERR12710068.fastq.gz	ERR12710068	ERX12084055	PMM1S1.R4	https://ftp.sra.ebi.ac.uk/vol1/fastq/ERR127/068/ERR12710068/ERR12710068.fastq.gz	377560cb3a7e7b5b0654382a4c266535	8436412
